{"loss": [0.3198394775390625, 0.1693565845489502, 0.14890214800834656, 0.14113830029964447, 0.1366642564535141, 0.13512665033340454, 0.13091659545898438, 0.12874048948287964, 0.12641996145248413, 0.12417742609977722, 0.12385036051273346, 0.12346377968788147, 0.12307754158973694, 0.12252652645111084, 0.12224286049604416, 0.1219153180718422, 0.12167517840862274, 0.12142704427242279, 0.1212276741862297, 0.1209593415260315, 0.12068115174770355, 0.120447538793087, 0.12010020017623901, 0.11990538239479065, 0.11983691900968552, 0.11964776366949081, 0.11954248696565628, 0.1194010078907013, 0.11933539807796478, 0.11931030452251434, 0.11914238333702087, 0.11901621520519257, 0.11890994012355804, 0.1189136654138565, 0.11881519854068756, 0.11875653266906738, 0.11868832260370255, 0.11867078393697739, 0.11863488703966141, 0.11854410916566849, 0.11855404078960419, 0.11851804703474045, 0.1184694766998291, 0.11843734234571457, 0.11837705224752426, 0.11831602454185486, 0.11825274676084518, 0.11812902987003326, 0.11808127164840698, 0.11795693635940552], "accuracy": [0.8519688844680786, 0.9300443530082703, 0.9399929046630859, 0.9435471296310425, 0.9456167221069336, 0.9462478756904602, 0.9481670260429382, 0.9490806460380554, 0.9500424861907959, 0.9510704874992371, 0.9511834979057312, 0.9514101147651672, 0.9515377283096313, 0.9517580270767212, 0.9518964886665344, 0.9520312547683716, 0.9521614909172058, 0.9522306323051453, 0.9523274898529053, 0.9524727463722229, 0.9525671005249023, 0.9526776075363159, 0.9528200030326843, 0.9528383612632751, 0.9529139995574951, 0.9530113935470581, 0.9530733823776245, 0.9530452489852905, 0.9530714750289917, 0.9530897736549377, 0.9531601071357727, 0.9532763957977295, 0.9533035159111023, 0.9532794952392578, 0.9533747434616089, 0.9533963799476624, 0.9534071087837219, 0.9533697366714478, 0.9533926248550415, 0.953439474105835, 0.953479528427124, 0.9534512758255005, 0.9535032510757446, 0.9534114003181458, 0.9535061120986938, 0.9535401463508606, 0.9535612463951111, 0.9535998702049255, 0.9536292552947998, 0.9537148475646973], "val_loss": [0.19182021915912628, 0.154409259557724, 0.1451607048511505, 0.13973556458950043, 0.13627642393112183, 0.1336945742368698, 0.13044671714305878, 0.12964260578155518, 0.12674808502197266, 0.12609247863292694, 0.1251484900712967, 0.12562596797943115, 0.12447281926870346, 0.12491866946220398, 0.12426098436117172, 0.12428974360227585, 0.12388845533132553, 0.12393979728221893, 0.12349458038806915, 0.12330789119005203, 0.1233908161520958, 0.12285254895687103, 0.12316029518842697, 0.12268746644258499, 0.12317798286676407, 0.12246447801589966, 0.12293022871017456, 0.12233568727970123, 0.12222594767808914, 0.12235245108604431, 0.12232724577188492, 0.12209439277648926, 0.12211894243955612, 0.12215454876422882, 0.12199559062719345, 0.1219596266746521, 0.12237691134214401, 0.12194554507732391, 0.12185584008693695, 0.12206050753593445, 0.12188640981912613, 0.121872179210186, 0.1219237670302391, 0.12176085263490677, 0.12172354757785797, 0.12177056074142456, 0.12186482548713684, 0.12153855711221695, 0.12149947136640549, 0.121392160654068], "val_accuracy": [0.9188979864120483, 0.9370449781417847, 0.9415215253829956, 0.9442600011825562, 0.9456589818000793, 0.9469594955444336, 0.9482834935188293, 0.9485294818878174, 0.9498550295829773, 0.9502099752426147, 0.9504160284996033, 0.950314998626709, 0.9509260058403015, 0.9505529999732971, 0.9508410096168518, 0.9508429765701294, 0.9510390162467957, 0.9512860178947449, 0.9513149857521057, 0.9512814879417419, 0.9513325095176697, 0.9515789747238159, 0.9514185190200806, 0.9516435265541077, 0.9513620138168335, 0.9515870213508606, 0.9515050053596497, 0.9518830180168152, 0.9517639875411987, 0.9517949819564819, 0.9517819881439209, 0.9517784714698792, 0.9519870281219482, 0.9518324732780457, 0.9520004987716675, 0.9518899917602539, 0.9517974853515625, 0.9518585205078125, 0.9519674777984619, 0.9518525004386902, 0.9518455266952515, 0.951976478099823, 0.95192950963974, 0.9519389867782593, 0.952020525932312, 0.9519734978675842, 0.9518539905548096, 0.9521390199661255, 0.9520794749259949, 0.9521880149841309], "lr": [0.009999999776482582, 0.008999999612569809, 0.00800000037997961, 0.007000000216066837, 0.006000000052154064, 0.004999999888241291, 0.004000000189989805, 0.003000000026077032, 0.0020000000949949026, 0.0010000000474974513, 0.0009000000427477062, 0.0008100000559352338, 0.0007290000794455409, 0.0006561000482179224, 0.0005904900608584285, 0.0005314410664141178, 0.00047829694813117385, 0.00043046724749729037, 0.0003874205285683274, 0.0003486784698907286, 0.00027894278173334897, 0.00022315423120744526, 0.0001785233907867223, 0.0001428187097189948, 0.00011425496632000431, 9.14039701456204e-05, 7.312317757168785e-05, 5.849854278494604e-05, 4.6798835683148354e-05, 3.7439069274114445e-05, 2.433539521007333e-05, 1.5818006431800313e-05, 1.0281703907821793e-05, 6.683107585558901e-06, 4.344019998825388e-06, 2.8236129310243996e-06, 1.8353483710598084e-06, 1.192976469610585e-06, 7.754347279842477e-07, 5.040325845584448e-07, 3.2762119417384383e-07, 2.1295377905516943e-07, 1.3841994928043277e-07, 8.997296419011036e-08, 5.848242778938584e-08, 3.8013578063100795e-08, 2.4708825208108465e-08, 1.606073674054187e-08, 1.043947861489869e-08, 6.785660922048464e-09]}