{"loss": [0.3046020567417145, 0.16972307860851288, 0.15076950192451477, 0.14308424293994904, 0.13770216703414917, 0.13409101963043213, 0.13122723996639252, 0.12884418666362762, 0.12669037282466888, 0.12453266233205795, 0.12397836148738861, 0.12357765436172485, 0.12311609089374542, 0.12279687076807022, 0.12240084260702133, 0.12211071699857712, 0.12179353088140488, 0.1216697171330452, 0.12143866717815399, 0.12122495472431183, 0.12096119672060013, 0.12069017440080643, 0.12046454846858978, 0.12026070803403854, 0.12010622024536133, 0.12000305950641632, 0.11986461281776428, 0.1196686327457428, 0.11969656497240067, 0.11956777423620224, 0.119417704641819, 0.11928712576627731, 0.1192207857966423, 0.11908978968858719, 0.11905285716056824, 0.11900439113378525, 0.11894316971302032, 0.1188879907131195, 0.11888358741998672, 0.11883456259965897, 0.11882054060697556, 0.11879407614469528, 0.11874691396951675, 0.11867470294237137, 0.11860211938619614, 0.11855103820562363, 0.11850959807634354, 0.11839766055345535, 0.11819875240325928, 0.1181306540966034], "accuracy": [0.8584668636322021, 0.9296320080757141, 0.9388981461524963, 0.942573606967926, 0.9450809955596924, 0.9466742277145386, 0.9479331374168396, 0.9490343928337097, 0.949934720993042, 0.9508588910102844, 0.9510992765426636, 0.9512908458709717, 0.951555609703064, 0.9516133666038513, 0.9517898559570312, 0.9519232511520386, 0.952061116695404, 0.952157735824585, 0.9522403478622437, 0.9522996544837952, 0.952399492263794, 0.9525554776191711, 0.9526837468147278, 0.9527381062507629, 0.9528074860572815, 0.9528459906578064, 0.9529368877410889, 0.952954888343811, 0.9529946446418762, 0.9530230164527893, 0.9530670046806335, 0.9531562328338623, 0.9531718492507935, 0.9532139897346497, 0.9532313942909241, 0.9532517790794373, 0.9532861113548279, 0.9533573985099792, 0.9533002376556396, 0.9533355236053467, 0.9533478617668152, 0.9533511400222778, 0.9533791542053223, 0.9533978700637817, 0.9534217715263367, 0.9534433484077454, 0.9534286260604858, 0.9535534977912903, 0.9535731077194214, 0.9536146521568298], "val_loss": [0.18503093719482422, 0.15542595088481903, 0.14539022743701935, 0.141200453042984, 0.13655856251716614, 0.13420210778713226, 0.13098180294036865, 0.12929706275463104, 0.1275946944952011, 0.12583334743976593, 0.12560689449310303, 0.1257212609052658, 0.12517057359218597, 0.12458086758852005, 0.12424203753471375, 0.12349655479192734, 0.12405461817979813, 0.123924620449543, 0.12392629683017731, 0.12381932139396667, 0.1233992725610733, 0.12323414534330368, 0.12303317338228226, 0.1230573058128357, 0.12282835692167282, 0.12271694093942642, 0.12249809503555298, 0.12242238968610764, 0.12246065586805344, 0.12278176099061966, 0.12233074009418488, 0.12232379615306854, 0.12239095568656921, 0.12194573134183884, 0.12229383736848831, 0.12196343392133713, 0.12188555300235748, 0.12185287475585938, 0.12189073860645294, 0.12218578159809113, 0.12195118516683578, 0.12195288389921188, 0.12189994007349014, 0.12186872959136963, 0.12167415767908096, 0.12177936732769012, 0.12173144519329071, 0.12145277112722397, 0.1215001717209816, 0.12147095799446106], "val_accuracy": [0.9222185015678406, 0.9365609884262085, 0.9416894912719727, 0.943526029586792, 0.9456419944763184, 0.9469199776649475, 0.9480199813842773, 0.9487774968147278, 0.9494504928588867, 0.9502310156822205, 0.9504320025444031, 0.9502044916152954, 0.9506065249443054, 0.9507840275764465, 0.9509590268135071, 0.9512094855308533, 0.95107102394104, 0.9512090086936951, 0.9511675238609314, 0.9512255191802979, 0.9514269828796387, 0.9514535069465637, 0.9514240026473999, 0.951463520526886, 0.951497495174408, 0.9515795111656189, 0.9518365263938904, 0.9517059922218323, 0.951756477355957, 0.9517534971237183, 0.9516720175743103, 0.9517285227775574, 0.9516595005989075, 0.9518625140190125, 0.9517189860343933, 0.9518200159072876, 0.9519069790840149, 0.951899528503418, 0.9519450068473816, 0.951851487159729, 0.9519364833831787, 0.9518929719924927, 0.9519494771957397, 0.9519984722137451, 0.9520159959793091, 0.9519990086555481, 0.9519624710083008, 0.9520769715309143, 0.9520890116691589, 0.9520555138587952], "lr": [0.009999999776482582, 0.008999999612569809, 0.00800000037997961, 0.007000000216066837, 0.006000000052154064, 0.004999999888241291, 0.004000000189989805, 0.003000000026077032, 0.0020000000949949026, 0.0010000000474974513, 0.0009000000427477062, 0.0008100000559352338, 0.0007290000794455409, 0.0006561000482179224, 0.0005904900608584285, 0.0005314410664141178, 0.00047829694813117385, 0.00043046724749729037, 0.0003874205285683274, 0.0003486784698907286, 0.00027894278173334897, 0.00022315423120744526, 0.0001785233907867223, 0.0001428187097189948, 0.00011425496632000431, 9.14039701456204e-05, 7.312317757168785e-05, 5.849854278494604e-05, 4.6798835683148354e-05, 3.7439069274114445e-05, 2.433539521007333e-05, 1.5818006431800313e-05, 1.0281703907821793e-05, 6.683107585558901e-06, 4.344019998825388e-06, 2.8236129310243996e-06, 1.8353483710598084e-06, 1.192976469610585e-06, 7.754347279842477e-07, 5.040325845584448e-07, 3.2762119417384383e-07, 2.1295377905516943e-07, 1.3841994928043277e-07, 8.997296419011036e-08, 5.848242778938584e-08, 3.8013578063100795e-08, 2.4708825208108465e-08, 1.606073674054187e-08, 1.043947861489869e-08, 6.785660922048464e-09]}