{"loss": [0.3332081735134125, 0.17867596447467804, 0.15956923365592957, 0.15124931931495667, 0.14473742246627808, 0.14016859233379364, 0.13778705894947052, 0.1344449520111084, 0.13173341751098633, 0.12953978776931763, 0.1288481503725052, 0.1283000409603119, 0.12783022224903107, 0.1271282434463501, 0.12676528096199036, 0.1263836920261383, 0.1261415332555771, 0.12577912211418152, 0.12546493113040924, 0.1252562552690506, 0.12479119002819061, 0.124416284263134, 0.12432501465082169, 0.12400274723768234, 0.12390072643756866, 0.12359103560447693, 0.12350615859031677, 0.12344858795404434, 0.12328936159610748, 0.1231856644153595, 0.12310322374105453, 0.1229119524359703, 0.12276994436979294, 0.1227247416973114, 0.12271830439567566, 0.12252625823020935, 0.12264718860387802, 0.12253247946500778, 0.122514508664608, 0.12247289717197418, 0.12246920168399811, 0.12239094823598862, 0.12238424271345139, 0.12226514518260956, 0.12218257039785385, 0.12217997759580612, 0.12201245129108429, 0.12192189693450928, 0.12181368470191956, 0.12168865650892258], "accuracy": [0.8447602391242981, 0.9253342747688293, 0.9347127676010132, 0.9385858774185181, 0.9415501356124878, 0.9437345266342163, 0.9447758793830872, 0.9462082386016846, 0.9475359916687012, 0.9484938979148865, 0.9488551020622253, 0.9490494728088379, 0.9491876363754272, 0.9495757222175598, 0.9497103691101074, 0.9498689770698547, 0.9499538540840149, 0.9501758813858032, 0.9502667784690857, 0.9503611326217651, 0.9505925178527832, 0.950759768486023, 0.9507341384887695, 0.9509502649307251, 0.9509468674659729, 0.9510672688484192, 0.9511294960975647, 0.9511911273002625, 0.951251745223999, 0.9512150287628174, 0.9513695240020752, 0.951342761516571, 0.9514277577400208, 0.951439619064331, 0.951515257358551, 0.9516186118125916, 0.951457142829895, 0.951514720916748, 0.9515291452407837, 0.9515522718429565, 0.9515221118927002, 0.9516181349754333, 0.9515635967254639, 0.9516626000404358, 0.951702356338501, 0.9517045021057129, 0.9518054723739624, 0.9518271088600159, 0.9518183469772339, 0.9519172310829163], "val_loss": [0.211086243391037, 0.16347114741802216, 0.1534283459186554, 0.14864039421081543, 0.1421734094619751, 0.13948769867420197, 0.1365552842617035, 0.13444741070270538, 0.1333349049091339, 0.1309506893157959, 0.13010092079639435, 0.12948136031627655, 0.12874576449394226, 0.12864629924297333, 0.12833209335803986, 0.12832283973693848, 0.1275041103363037, 0.1278918981552124, 0.12717421352863312, 0.12728886306285858, 0.12702696025371552, 0.12665028870105743, 0.12633061408996582, 0.12665483355522156, 0.12692730128765106, 0.1261008381843567, 0.12624342739582062, 0.12610642611980438, 0.1258002519607544, 0.12609852850437164, 0.1255648136138916, 0.12551628053188324, 0.12608811259269714, 0.1256588101387024, 0.12571357190608978, 0.12565308809280396, 0.12543140351772308, 0.125456303358078, 0.12563781440258026, 0.12526899576187134, 0.12532378733158112, 0.1253301352262497, 0.12537692487239838, 0.12518170475959778, 0.12517721951007843, 0.12497343122959137, 0.12505309283733368, 0.12485770136117935, 0.1248268336057663, 0.12477090209722519], "val_accuracy": [0.9101399779319763, 0.9323564767837524, 0.9372159838676453, 0.9396399855613708, 0.9429330229759216, 0.9438555240631104, 0.9453595280647278, 0.9463480114936829, 0.9468104839324951, 0.9478355050086975, 0.9482309818267822, 0.9484279751777649, 0.9486539959907532, 0.9487659931182861, 0.948826014995575, 0.949059009552002, 0.9493740200996399, 0.9490914940834045, 0.9493814706802368, 0.9495275020599365, 0.9495049715042114, 0.9496570229530334, 0.9498310089111328, 0.949602484703064, 0.9495130181312561, 0.9501230120658875, 0.9499155282974243, 0.9499005079269409, 0.9500524997711182, 0.9499269723892212, 0.9502404928207397, 0.9501410126686096, 0.9499629735946655, 0.9501954913139343, 0.9500824809074402, 0.9501320123672485, 0.9502350091934204, 0.9501435160636902, 0.9501485228538513, 0.9503129720687866, 0.9503219723701477, 0.9501429796218872, 0.9502235054969788, 0.9503595232963562, 0.9503394961357117, 0.9503225088119507, 0.9503635168075562, 0.950440526008606, 0.9504460096359253, 0.9503880143165588], "lr": [0.009999999776482582, 0.008999999612569809, 0.00800000037997961, 0.007000000216066837, 0.006000000052154064, 0.004999999888241291, 0.004000000189989805, 0.003000000026077032, 0.0020000000949949026, 0.0010000000474974513, 0.0009000000427477062, 0.0008100000559352338, 0.0007290000794455409, 0.0006561000482179224, 0.0005904900608584285, 0.0005314410664141178, 0.00047829694813117385, 0.00043046724749729037, 0.0003874205285683274, 0.0003486784698907286, 0.00027894278173334897, 0.00022315423120744526, 0.0001785233907867223, 0.0001428187097189948, 0.00011425496632000431, 9.14039701456204e-05, 7.312317757168785e-05, 5.849854278494604e-05, 4.6798835683148354e-05, 3.7439069274114445e-05, 2.433539521007333e-05, 1.5818006431800313e-05, 1.0281703907821793e-05, 6.683107585558901e-06, 4.344019998825388e-06, 2.8236129310243996e-06, 1.8353483710598084e-06, 1.192976469610585e-06, 7.754347279842477e-07, 5.040325845584448e-07, 3.2762119417384383e-07, 2.1295377905516943e-07, 1.3841994928043277e-07, 8.997296419011036e-08, 5.848242778938584e-08, 3.8013578063100795e-08, 2.4708825208108465e-08, 1.606073674054187e-08, 1.043947861489869e-08, 6.785660922048464e-09]}