{"loss": [0.2884155511856079, 0.16386166214942932, 0.14744572341442108, 0.1403123289346695, 0.1355232447385788, 0.13192850351333618, 0.12936539947986603, 0.12701234221458435, 0.12572520971298218, 0.12275517731904984, 0.12204719334840775, 0.12158431857824326, 0.12122952193021774, 0.1209082156419754, 0.12047933042049408, 0.12017596513032913, 0.12002299726009369, 0.11970627307891846, 0.11940804123878479, 0.11918681114912033, 0.11902421712875366, 0.11864912509918213, 0.1183837354183197, 0.11820488423109055, 0.11806035786867142, 0.11788704246282578, 0.11776446551084518, 0.11766738444566727, 0.11761930584907532, 0.11752419173717499, 0.1172923818230629, 0.11718043684959412, 0.11706353724002838, 0.11697246134281158, 0.11694522947072983, 0.1167968213558197, 0.11677391082048416, 0.1167072206735611, 0.11671163886785507, 0.11668351292610168, 0.11661292612552643, 0.11662135273218155, 0.11660976707935333, 0.11655507236719131, 0.11645352840423584, 0.11639832705259323, 0.11631002277135849, 0.11616054177284241, 0.1160488948225975, 0.11593752354383469], "accuracy": [0.8675966262817383, 0.9326121211051941, 0.94036865234375, 0.9437886476516724, 0.9459964036941528, 0.9476875066757202, 0.9487796425819397, 0.949881374835968, 0.9503878951072693, 0.9516057372093201, 0.9519647359848022, 0.9521704912185669, 0.9523617625236511, 0.9525372385978699, 0.9525821208953857, 0.9528244733810425, 0.952863872051239, 0.9529903531074524, 0.9531132578849792, 0.9531651139259338, 0.9532471299171448, 0.9534247517585754, 0.9535303711891174, 0.9536271095275879, 0.953734278678894, 0.9537633657455444, 0.9537591338157654, 0.9537888765335083, 0.9538392424583435, 0.9538701176643372, 0.9539654850959778, 0.9540241360664368, 0.9540634751319885, 0.954106867313385, 0.9540838599205017, 0.954182505607605, 0.9541664719581604, 0.9542422294616699, 0.9541890025138855, 0.9542467594146729, 0.9542787671089172, 0.9542369842529297, 0.9542831182479858, 0.9542794823646545, 0.9543461203575134, 0.9543546438217163, 0.9543988704681396, 0.9544423818588257, 0.9545056223869324, 0.9545193910598755], "val_loss": [0.18445716798305511, 0.1520496904850006, 0.14888997375965118, 0.13937155902385712, 0.1340632289648056, 0.13087022304534912, 0.1295778453350067, 0.12697841227054596, 0.1258266717195511, 0.12400605529546738, 0.12375273555517197, 0.12381760776042938, 0.12335408478975296, 0.12293650954961777, 0.12398283183574677, 0.12380421161651611, 0.12199851125478745, 0.12219233065843582, 0.1215687021613121, 0.12238119542598724, 0.12213888764381409, 0.12177460640668869, 0.12100184708833694, 0.12170019000768661, 0.12136629968881607, 0.12097486853599548, 0.12074322998523712, 0.12084291875362396, 0.12061136960983276, 0.12072062492370605, 0.12057340145111084, 0.12048441916704178, 0.12041302770376205, 0.12029323726892471, 0.12022625654935837, 0.12042497843503952, 0.12025052309036255, 0.12006302177906036, 0.12021481245756149, 0.12089072167873383, 0.12013961374759674, 0.1201629489660263, 0.12028461694717407, 0.12039285153150558, 0.12033112347126007, 0.12002117931842804, 0.12002594769001007, 0.11991162598133087, 0.1197056844830513, 0.11965803056955338], "val_accuracy": [0.9227709770202637, 0.9382565021514893, 0.939645528793335, 0.9445030093193054, 0.9466385245323181, 0.9479874968528748, 0.9486864805221558, 0.9497964978218079, 0.9503185153007507, 0.9510800242424011, 0.9512245059013367, 0.9510579705238342, 0.9514384865760803, 0.9517210125923157, 0.9514480233192444, 0.9513069987297058, 0.9520084857940674, 0.9519234895706177, 0.9520930051803589, 0.9519479870796204, 0.9520879983901978, 0.9521250128746033, 0.9524015188217163, 0.952210009098053, 0.9523249864578247, 0.9524314999580383, 0.9526234865188599, 0.9525194764137268, 0.9525474905967712, 0.9525395035743713, 0.9526295065879822, 0.9527109861373901, 0.9526360034942627, 0.9528055191040039, 0.9527779817581177, 0.952754020690918, 0.9526389837265015, 0.9527775049209595, 0.9527549743652344, 0.9523929953575134, 0.9527505040168762, 0.9527295231819153, 0.9526979923248291, 0.9527279734611511, 0.9527574777603149, 0.9527990221977234, 0.9527599811553955, 0.9528794884681702, 0.9529880285263062, 0.9529269933700562], "lr": [0.009999999776482582, 0.008999999612569809, 0.00800000037997961, 0.007000000216066837, 0.006000000052154064, 0.004999999888241291, 0.004000000189989805, 0.003000000026077032, 0.0020000000949949026, 0.0010000000474974513, 0.0009000000427477062, 0.0008100000559352338, 0.0007290000794455409, 0.0006561000482179224, 0.0005904900608584285, 0.0005314410664141178, 0.00047829694813117385, 0.00043046724749729037, 0.0003874205285683274, 0.0003486784698907286, 0.00027894278173334897, 0.00022315423120744526, 0.0001785233907867223, 0.0001428187097189948, 0.00011425496632000431, 9.14039701456204e-05, 7.312317757168785e-05, 5.849854278494604e-05, 4.6798835683148354e-05, 3.7439069274114445e-05, 2.433539521007333e-05, 1.5818006431800313e-05, 1.0281703907821793e-05, 6.683107585558901e-06, 4.344019998825388e-06, 2.8236129310243996e-06, 1.8353483710598084e-06, 1.192976469610585e-06, 7.754347279842477e-07, 5.040325845584448e-07, 3.2762119417384383e-07, 2.1295377905516943e-07, 1.3841994928043277e-07, 8.997296419011036e-08, 5.848242778938584e-08, 3.8013578063100795e-08, 2.4708825208108465e-08, 1.606073674054187e-08, 1.043947861489869e-08, 6.785660922048464e-09]}