{"loss": [0.26290249824523926, 0.14622342586517334, 0.1366891711950302, 0.13246020674705505, 0.13131000101566315, 0.12767238914966583, 0.12525314092636108, 0.12325272709131241, 0.12120441347360611, 0.11910432577133179, 0.11875499784946442, 0.1183805987238884, 0.11808635294437408, 0.1177835613489151, 0.11753053218126297, 0.11730785667896271, 0.11708246171474457, 0.11692693084478378, 0.11669491231441498, 0.1165015697479248, 0.11625805497169495, 0.11596986651420593, 0.11558913439512253, 0.11544356495141983, 0.11540184915065765, 0.11528878659009933, 0.11514028161764145, 0.11512920260429382, 0.1150408610701561, 0.11493593454360962, 0.11479365080595016, 0.11467640846967697, 0.1145821213722229, 0.11446522176265717, 0.11443803459405899, 0.11439164727926254, 0.1143273338675499, 0.11430757492780685, 0.11425495147705078, 0.11426129192113876, 0.11424755305051804, 0.11422338336706161, 0.11418595165014267, 0.11411018669605255, 0.11408370733261108, 0.11403250694274902, 0.11393500119447708, 0.1138477548956871, 0.11374381929636002, 0.11366944015026093], "accuracy": [0.8786303997039795, 0.9411510229110718, 0.9454343914985657, 0.9473364949226379, 0.9478441476821899, 0.9494965076446533, 0.9506013989448547, 0.9514541029930115, 0.9522997736930847, 0.9531348943710327, 0.9533261060714722, 0.9534792304039001, 0.9536134004592896, 0.953742504119873, 0.9538588523864746, 0.9539302587509155, 0.9540300965309143, 0.9541336297988892, 0.9542145133018494, 0.9543033838272095, 0.9543911218643188, 0.9545274972915649, 0.9546903967857361, 0.954774022102356, 0.9547858834266663, 0.9548317790031433, 0.954907238483429, 0.9548401236534119, 0.9548813700675964, 0.9549546241760254, 0.9550074934959412, 0.9550120234489441, 0.9551077485084534, 0.9551560282707214, 0.9551803469657898, 0.9551932215690613, 0.9552211165428162, 0.9552281498908997, 0.9552598595619202, 0.9552406072616577, 0.9552406072616577, 0.9552749991416931, 0.9553031325340271, 0.9553227424621582, 0.9553203582763672, 0.9553700089454651, 0.9553951025009155, 0.9553998708724976, 0.9554495215415955, 0.9554671049118042], "val_loss": [0.1525546908378601, 0.13888046145439148, 0.1358948051929474, 0.1315789669752121, 0.12956930696964264, 0.12767376005649567, 0.1262439489364624, 0.12484417855739594, 0.12289930135011673, 0.1211744025349617, 0.12123502790927887, 0.12073779106140137, 0.12045729905366898, 0.12038735300302505, 0.12039615213871002, 0.12021534889936447, 0.11991450190544128, 0.11986279487609863, 0.11979230493307114, 0.11991360038518906, 0.11974974721670151, 0.11933666467666626, 0.11907009035348892, 0.11896398663520813, 0.1189848929643631, 0.11865434050559998, 0.11889773607254028, 0.1188514232635498, 0.11870864033699036, 0.11862271279096603, 0.11893744766712189, 0.11833340674638748, 0.11848670244216919, 0.11832504719495773, 0.11849799752235413, 0.11822357028722763, 0.11860010772943497, 0.11818914860486984, 0.11824791133403778, 0.11831273138523102, 0.11834970861673355, 0.11807484924793243, 0.11817815899848938, 0.1184309870004654, 0.11823398619890213, 0.11805277317762375, 0.11802984029054642, 0.11811143904924393, 0.11790082603693008, 0.11796271055936813], "val_accuracy": [0.9381070137023926, 0.9446554780006409, 0.945963978767395, 0.9477725028991699, 0.9487280249595642, 0.9494630098342896, 0.9501709938049316, 0.9506785273551941, 0.9514070153236389, 0.9522895216941833, 0.9522969722747803, 0.9524739980697632, 0.9526544809341431, 0.9525730013847351, 0.9525960087776184, 0.9526950120925903, 0.9529014825820923, 0.9527584910392761, 0.9528859853744507, 0.9527140259742737, 0.9529590010643005, 0.9530580043792725, 0.9530615210533142, 0.9532139897346497, 0.9532480239868164, 0.9532110095024109, 0.9531390070915222, 0.9532390236854553, 0.9533374905586243, 0.9533500075340271, 0.9532524943351746, 0.9534674882888794, 0.9534904956817627, 0.9535235166549683, 0.953439474105835, 0.9535269737243652, 0.9535024762153625, 0.9535350203514099, 0.9535130262374878, 0.9534685015678406, 0.9534264802932739, 0.9535970091819763, 0.9535660147666931, 0.9534540176391602, 0.9535574913024902, 0.9535204768180847, 0.9535545110702515, 0.9535660147666931, 0.9536619782447815, 0.9536529779434204], "lr": [0.009999999776482582, 0.008999999612569809, 0.00800000037997961, 0.007000000216066837, 0.006000000052154064, 0.004999999888241291, 0.004000000189989805, 0.003000000026077032, 0.0020000000949949026, 0.0010000000474974513, 0.0009000000427477062, 0.0008100000559352338, 0.0007290000794455409, 0.0006561000482179224, 0.0005904900608584285, 0.0005314410664141178, 0.00047829694813117385, 0.00043046724749729037, 0.0003874205285683274, 0.0003486784698907286, 0.00027894278173334897, 0.00022315423120744526, 0.0001785233907867223, 0.0001428187097189948, 0.00011425496632000431, 9.14039701456204e-05, 7.312317757168785e-05, 5.849854278494604e-05, 4.6798835683148354e-05, 3.7439069274114445e-05, 2.433539521007333e-05, 1.5818006431800313e-05, 1.0281703907821793e-05, 6.683107585558901e-06, 4.344019998825388e-06, 2.8236129310243996e-06, 1.8353483710598084e-06, 1.192976469610585e-06, 7.754347279842477e-07, 5.040325845584448e-07, 3.2762119417384383e-07, 2.1295377905516943e-07, 1.3841994928043277e-07, 8.997296419011036e-08, 5.848242778938584e-08, 3.8013578063100795e-08, 2.4708825208108465e-08, 1.606073674054187e-08, 1.043947861489869e-08, 6.785660922048464e-09]}