{"loss": [0.33587217330932617, 0.17971985042095184, 0.15063796937465668, 0.1417529135942459, 0.13710984587669373, 0.13344231247901917, 0.1309327930212021, 0.12797164916992188, 0.12540489435195923, 0.1229129210114479, 0.12218078970909119, 0.12165264785289764, 0.12112600356340408, 0.12077273428440094, 0.12026240676641464, 0.11988857388496399, 0.1195395439863205, 0.11920704692602158, 0.11894717812538147, 0.11867490410804749, 0.1183534786105156, 0.11808381974697113, 0.11784642189741135, 0.1176546961069107, 0.11752137541770935, 0.11738938838243484, 0.1172933503985405, 0.11721393465995789, 0.11714155226945877, 0.11708911508321762, 0.11702822893857956, 0.11698390543460846, 0.11695289611816406, 0.11693332344293594, 0.11692071706056595, 0.11691277474164963, 0.11690647155046463, 0.1169029027223587, 0.11690015345811844, 0.11689841747283936, 0.11689742654561996, 0.11689665168523788, 0.11689623445272446, 0.11689594388008118, 0.11689569801092148, 0.11689555644989014, 0.11689545214176178, 0.11689543724060059, 0.11689535528421402, 0.11689535528421402], "accuracy": [0.8410040140151978, 0.9246249794960022, 0.9389700293540955, 0.942929744720459, 0.9452055096626282, 0.946775496006012, 0.9479147791862488, 0.9491612315177917, 0.9502342343330383, 0.9513602256774902, 0.9515864849090576, 0.9518864750862122, 0.9520760178565979, 0.9522227644920349, 0.9524919986724854, 0.9526357650756836, 0.9527857303619385, 0.9529022574424744, 0.9530590176582336, 0.9532089829444885, 0.9533247351646423, 0.9534724950790405, 0.9535344839096069, 0.9535800218582153, 0.9536830186843872, 0.9537060260772705, 0.953755259513855, 0.9538077712059021, 0.9538202285766602, 0.9538390040397644, 0.9538815021514893, 0.9538772702217102, 0.9539022445678711, 0.9539214968681335, 0.9539154767990112, 0.9539317488670349, 0.9539217352867126, 0.953932523727417, 0.9539294838905334, 0.9539330005645752, 0.9539347290992737, 0.9539350271224976, 0.9539365172386169, 0.9539352655410767, 0.9539352655410767, 0.9539352655410767, 0.9539357423782349, 0.9539357423782349, 0.9539357423782349, 0.9539357423782349], "val_loss": [0.2206914871931076, 0.15941251814365387, 0.1444614678621292, 0.14121919870376587, 0.1368953138589859, 0.1353960782289505, 0.13228002190589905, 0.1303907036781311, 0.1290167272090912, 0.12710344791412354, 0.12681184709072113, 0.12652230262756348, 0.1263246089220047, 0.12592864036560059, 0.12587973475456238, 0.1258317232131958, 0.12550751864910126, 0.12549491226673126, 0.12533487379550934, 0.1251596361398697, 0.12508846819400787, 0.1248457208275795, 0.12503957748413086, 0.12482351809740067, 0.12473957985639572, 0.12472481280565262, 0.12473657727241516, 0.12473063170909882, 0.12469455599784851, 0.12469185143709183, 0.12466713041067123, 0.12465135753154755, 0.12466178834438324, 0.12465933710336685, 0.124658964574337, 0.12466181814670563, 0.12466482818126678, 0.12466218322515488, 0.12466160207986832, 0.1246616542339325, 0.12466142326593399, 0.12466149777173996, 0.12466154247522354, 0.12466152757406235, 0.12466152012348175, 0.12466155737638474, 0.12466155737638474, 0.12466152757406235, 0.12466154247522354, 0.12466154247522354], "val_accuracy": [0.9032019972801208, 0.9347720146179199, 0.941627025604248, 0.9431759715080261, 0.945248007774353, 0.9457269906997681, 0.947297990322113, 0.9480220079421997, 0.9485859870910645, 0.9495199918746948, 0.9496319890022278, 0.9496369957923889, 0.9497010111808777, 0.9499760270118713, 0.9500399827957153, 0.9500470161437988, 0.9501850008964539, 0.9500049948692322, 0.9502320289611816, 0.9502879977226257, 0.95033198595047, 0.9503729939460754, 0.9504439830780029, 0.9504520297050476, 0.950534999370575, 0.950501024723053, 0.9504619836807251, 0.950527012348175, 0.9505149722099304, 0.9505500197410583, 0.950527012348175, 0.950543999671936, 0.9505190253257751, 0.9505590200424194, 0.9505580067634583, 0.950534999370575, 0.9505289793014526, 0.950534999370575, 0.9505329728126526, 0.950527012348175, 0.9505289793014526, 0.9505299925804138, 0.9505320191383362, 0.950531005859375, 0.950531005859375, 0.950531005859375, 0.950531005859375, 0.950531005859375, 0.950531005859375, 0.950531005859375], "lr": [0.009999999776482582, 0.008999999612569809, 0.00800000037997961, 0.007000000216066837, 0.006000000052154064, 0.004999999888241291, 0.004000000189989805, 0.003000000026077032, 0.0020000000949949026, 0.0010000000474974513, 0.0009000000427477062, 0.0008100000559352338, 0.0007290000794455409, 0.0006561000482179224, 0.0005904900608584285, 0.0005314410664141178, 0.00047829694813117385, 0.00043046724749729037, 0.0003874205285683274, 0.0003486784698907286, 0.00027894278173334897, 0.00022315423120744526, 0.0001785233907867223, 0.0001428187097189948, 0.00011425496632000431, 9.14039701456204e-05, 7.312317757168785e-05, 5.849854278494604e-05, 4.6798835683148354e-05, 3.7439069274114445e-05, 2.433539521007333e-05, 1.5818006431800313e-05, 1.0281703907821793e-05, 6.683107585558901e-06, 4.344019998825388e-06, 2.8236129310243996e-06, 1.8353483710598084e-06, 1.192976469610585e-06, 7.754347279842477e-07, 5.040325845584448e-07, 3.2762119417384383e-07, 2.1295377905516943e-07, 1.3841994928043277e-07, 8.997296419011036e-08, 5.848242778938584e-08, 3.8013578063100795e-08, 2.4708825208108465e-08, 1.606073674054187e-08, 1.043947861489869e-08, 6.785660922048464e-09]}