{"loss": [0.5382704734802246, 0.3811115622520447, 0.3187108635902405, 0.2737807631492615, 0.2584039568901062, 0.23926518857479095, 0.22003674507141113, 0.20694707334041595, 0.20135189592838287, 0.19256572425365448, 0.1887596845626831, 0.18621492385864258, 0.18358927965164185, 0.18131840229034424, 0.18036095798015594, 0.17882467806339264, 0.17715591192245483, 0.17596645653247833, 0.1747264415025711, 0.17372764647006989, 0.17274866998195648, 0.17199675738811493, 0.17157964408397675, 0.1709546595811844, 0.17050960659980774, 0.17016176879405975, 0.1699196994304657, 0.16968193650245667, 0.16953912377357483, 0.16935741901397705, 0.16922135651111603, 0.16913709044456482, 0.16907769441604614, 0.16904614865779877, 0.16901825368404388, 0.16899925470352173, 0.16898788511753082, 0.16898059844970703, 0.16897569596767426, 0.1689726710319519, 0.16897059977054596, 0.1689692884683609, 0.16896849870681763, 0.16896794736385345, 0.16896754503250122, 0.16896730661392212, 0.1689671128988266, 0.16896703839302063, 0.16896702349185944, 0.16896696388721466], "accuracy": [0.7345312237739563, 0.8158515691757202, 0.8524265885353088, 0.8763765692710876, 0.8844953179359436, 0.8940328359603882, 0.9035859107971191, 0.9101312756538391, 0.9128187298774719, 0.9172062277793884, 0.9191234111785889, 0.9203484654426575, 0.9215718507766724, 0.9227656126022339, 0.9231125116348267, 0.9240484237670898, 0.9248218536376953, 0.9253625273704529, 0.926087498664856, 0.9266077876091003, 0.9270969033241272, 0.9275078177452087, 0.9276703000068665, 0.9279859662055969, 0.9281562566757202, 0.9283797144889832, 0.9285406470298767, 0.9285671710968018, 0.9286562204360962, 0.9288125038146973, 0.9288796782493591, 0.9289218783378601, 0.9289531111717224, 0.9289578199386597, 0.9289718866348267, 0.9289718866348267, 0.928989052772522, 0.9290046691894531, 0.9290062785148621, 0.929003119468689, 0.9289922118186951, 0.9290000200271606, 0.9289968609809875, 0.9289968609809875, 0.9289968609809875, 0.9289968609809875, 0.9289968609809875, 0.9289968609809875, 0.9289968609809875, 0.9289968609809875], "val_loss": [0.4524853527545929, 0.33810922503471375, 0.2994266748428345, 0.25823208689689636, 0.24979659914970398, 0.2295767366886139, 0.2170991450548172, 0.20592834055423737, 0.20234240591526031, 0.19700178503990173, 0.19473007321357727, 0.1925104707479477, 0.19119824469089508, 0.18979837000370026, 0.18911464512348175, 0.18728728592395782, 0.18671396374702454, 0.18562725186347961, 0.18464450538158417, 0.1840643286705017, 0.1835959553718567, 0.1833350658416748, 0.18292124569416046, 0.18273456394672394, 0.18244154751300812, 0.18234331905841827, 0.18223413825035095, 0.18229395151138306, 0.18215662240982056, 0.1820373386144638, 0.1819990575313568, 0.181987002491951, 0.18197491765022278, 0.1819639950990677, 0.18195655941963196, 0.1819514036178589, 0.18195052444934845, 0.18194937705993652, 0.1819481998682022, 0.18194715678691864, 0.1819465607404709, 0.1819460391998291, 0.1819457709789276, 0.18194560706615448, 0.1819455474615097, 0.18194545805454254, 0.18194544315338135, 0.18194542825222015, 0.18194541335105896, 0.18194541335105896], "val_accuracy": [0.7754937410354614, 0.8413312435150146, 0.8628437519073486, 0.8844062685966492, 0.8888124823570251, 0.8993937373161316, 0.9050499796867371, 0.9108437299728394, 0.9123374819755554, 0.9150312542915344, 0.9159125089645386, 0.9171375036239624, 0.9176437258720398, 0.918037474155426, 0.9187750220298767, 0.9194625020027161, 0.9198499917984009, 0.9208375215530396, 0.9208124876022339, 0.9209187626838684, 0.9214125275611877, 0.921218752861023, 0.9216062426567078, 0.9215562343597412, 0.9218624830245972, 0.9218500256538391, 0.9218624830245972, 0.9219062328338623, 0.9219124913215637, 0.9220250248908997, 0.921999990940094, 0.9220499992370605, 0.9220499992370605, 0.9220374822616577, 0.9220749735832214, 0.9220749735832214, 0.9220749735832214, 0.9220625162124634, 0.9220687747001648, 0.9220749735832214, 0.922056257724762, 0.922056257724762, 0.922056257724762, 0.922056257724762, 0.922056257724762, 0.922056257724762, 0.922056257724762, 0.922056257724762, 0.922056257724762, 0.922056257724762], "lr": [0.009999999776482582, 0.008999999612569809, 0.00800000037997961, 0.007000000216066837, 0.006000000052154064, 0.004999999888241291, 0.004000000189989805, 0.003000000026077032, 0.0020000000949949026, 0.0010000000474974513, 0.0009000000427477062, 0.0008100000559352338, 0.0007290000794455409, 0.0006561000482179224, 0.0005904900608584285, 0.0005314410664141178, 0.00047829694813117385, 0.00043046724749729037, 0.0003874205285683274, 0.0003486784698907286, 0.00027894278173334897, 0.00022315423120744526, 0.0001785233907867223, 0.0001428187097189948, 0.00011425496632000431, 9.14039701456204e-05, 7.312317757168785e-05, 5.849854278494604e-05, 4.6798835683148354e-05, 3.7439069274114445e-05, 2.433539521007333e-05, 1.5818006431800313e-05, 1.0281703907821793e-05, 6.683107585558901e-06, 4.344019998825388e-06, 2.8236129310243996e-06, 1.8353483710598084e-06, 1.192976469610585e-06, 7.754347279842477e-07, 5.040325845584448e-07, 3.2762119417384383e-07, 2.1295377905516943e-07, 1.3841994928043277e-07, 8.997296419011036e-08, 5.848242778938584e-08, 3.8013578063100795e-08, 2.4708825208108465e-08, 1.606073674054187e-08, 1.043947861489869e-08, 6.785660922048464e-09]}