{"loss": [0.32651036977767944, 0.16945983469486237, 0.15035982429981232, 0.1424158215522766, 0.13744573295116425, 0.13400359451770782, 0.1308755874633789, 0.12825186550617218, 0.1255919337272644, 0.1230616495013237, 0.12227127701044083, 0.12182535976171494, 0.12123528867959976, 0.1206827312707901, 0.12024590373039246, 0.11985871195793152, 0.11948208510875702, 0.1191244050860405, 0.118868388235569, 0.11859674006700516, 0.1183515265583992, 0.11801980435848236, 0.11775220185518265, 0.11754442006349564, 0.117388054728508, 0.11725904047489166, 0.11714378744363785, 0.11705474555492401, 0.11698897927999496, 0.11693383008241653, 0.11686478555202484, 0.11681624501943588, 0.11678428202867508, 0.11676432192325592, 0.11674979329109192, 0.11674035340547562, 0.11673398315906525, 0.11673002690076828, 0.1167270764708519, 0.11672548949718475, 0.11672420054674149, 0.11672341823577881, 0.11672289669513702, 0.11672262847423553, 0.11672236770391464, 0.1167222112417221, 0.11672208458185196, 0.11672206223011017, 0.11672210693359375, 0.11672206968069077], "accuracy": [0.8476939797401428, 0.9302462339401245, 0.9393107295036316, 0.9428550004959106, 0.9450317621231079, 0.9466515183448792, 0.9480027556419373, 0.9491797685623169, 0.9503612518310547, 0.9514302611351013, 0.9517032504081726, 0.9519230127334595, 0.952131986618042, 0.952365517616272, 0.9526222348213196, 0.9527737498283386, 0.9529169797897339, 0.9530792236328125, 0.9532017707824707, 0.9532977342605591, 0.9534412622451782, 0.9535532593727112, 0.9536852240562439, 0.9537732601165771, 0.9538344740867615, 0.9538609981536865, 0.9539114832878113, 0.9539520144462585, 0.9539812207221985, 0.9540280103683472, 0.9540604948997498, 0.9540612697601318, 0.9540870189666748, 0.9540989995002747, 0.954092264175415, 0.954109251499176, 0.9540992379188538, 0.9541054964065552, 0.9541082382202148, 0.9541079998016357, 0.9541137218475342, 0.9541127681732178, 0.9541134834289551, 0.9541125297546387, 0.9541137218475342, 0.9541117548942566, 0.9541127681732178, 0.9541130065917969, 0.9541125297546387, 0.9541125297546387], "val_loss": [0.19552487134933472, 0.15566852688789368, 0.14548169076442719, 0.14111945033073425, 0.13791701197624207, 0.13425149023532867, 0.13183990120887756, 0.1307489424943924, 0.1290784478187561, 0.1268324851989746, 0.12669600546360016, 0.12623144686222076, 0.12644904851913452, 0.1260491907596588, 0.12577012181282043, 0.12580221891403198, 0.12566539645195007, 0.1254262924194336, 0.12535123527050018, 0.12524309754371643, 0.12522782385349274, 0.12506334483623505, 0.12495744228363037, 0.12490501999855042, 0.12492820620536804, 0.12493770569562912, 0.12488869577646255, 0.12489721179008484, 0.12486743181943893, 0.12486102432012558, 0.12483908236026764, 0.12486172467470169, 0.12484107166528702, 0.12484434247016907, 0.12483809888362885, 0.12483951449394226, 0.1248386800289154, 0.1248391717672348, 0.12483974546194077, 0.12483984231948853, 0.1248399019241333, 0.12483998388051987, 0.12483999878168106, 0.12484001368284225, 0.12484003603458405, 0.12484006583690643, 0.12484004348516464, 0.12484004348516464, 0.12484004348516464, 0.12484004348516464], "val_accuracy": [0.9168230295181274, 0.9365730285644531, 0.9412569999694824, 0.9435409903526306, 0.945019006729126, 0.9465010166168213, 0.9477660059928894, 0.9480350017547607, 0.9488869905471802, 0.9496480226516724, 0.9497510194778442, 0.9500089883804321, 0.9500229954719543, 0.9501469731330872, 0.9502500295639038, 0.9501659870147705, 0.9504520297050476, 0.9504410028457642, 0.9503920078277588, 0.9505040049552917, 0.9504749774932861, 0.9505320191383362, 0.9505720138549805, 0.9506570100784302, 0.9506800174713135, 0.9506300091743469, 0.9506419897079468, 0.9506639838218689, 0.9506589770317078, 0.950747013092041, 0.9507319927215576, 0.9507129788398743, 0.9507039785385132, 0.9507179856300354, 0.9507439732551575, 0.9507250189781189, 0.9507250189781189, 0.9507279992103577, 0.9507200121879578, 0.9507279992103577, 0.9507250189781189, 0.9507250189781189, 0.9507250189781189, 0.9507240056991577, 0.9507240056991577, 0.9507240056991577, 0.9507240056991577, 0.9507240056991577, 0.9507240056991577, 0.9507240056991577], "lr": [0.009999999776482582, 0.008999999612569809, 0.00800000037997961, 0.007000000216066837, 0.006000000052154064, 0.004999999888241291, 0.004000000189989805, 0.003000000026077032, 0.0020000000949949026, 0.0010000000474974513, 0.0009000000427477062, 0.0008100000559352338, 0.0007290000794455409, 0.0006561000482179224, 0.0005904900608584285, 0.0005314410664141178, 0.00047829694813117385, 0.00043046724749729037, 0.0003874205285683274, 0.0003486784698907286, 0.00027894278173334897, 0.00022315423120744526, 0.0001785233907867223, 0.0001428187097189948, 0.00011425496632000431, 9.14039701456204e-05, 7.312317757168785e-05, 5.849854278494604e-05, 4.6798835683148354e-05, 3.7439069274114445e-05, 2.433539521007333e-05, 1.5818006431800313e-05, 1.0281703907821793e-05, 6.683107585558901e-06, 4.344019998825388e-06, 2.8236129310243996e-06, 1.8353483710598084e-06, 1.192976469610585e-06, 7.754347279842477e-07, 5.040325845584448e-07, 3.2762119417384383e-07, 2.1295377905516943e-07, 1.3841994928043277e-07, 8.997296419011036e-08, 5.848242778938584e-08, 3.8013578063100795e-08, 2.4708825208108465e-08, 1.606073674054187e-08, 1.043947861489869e-08, 6.785660922048464e-09]}