{"loss": [0.42767074704170227, 0.27461761236190796, 0.22462213039398193, 0.20224644243717194, 0.18952365219593048, 0.17819422483444214, 0.1697465181350708, 0.16237510740756989, 0.15635457634925842, 0.15143358707427979, 0.1494397670030594, 0.1482403427362442, 0.14681565761566162, 0.1459588259458542, 0.14491677284240723, 0.14402063190937042, 0.14337672293186188, 0.1425570547580719, 0.14195793867111206, 0.14133912324905396, 0.14075656235218048, 0.14021874964237213, 0.139780655503273, 0.13940030336380005, 0.13909687101840973, 0.13887512683868408, 0.13868263363838196, 0.13852620124816895, 0.1383817344903946, 0.13829180598258972, 0.13818824291229248, 0.13811106979846954, 0.13805720210075378, 0.13802596926689148, 0.13800553977489471, 0.1379908174276352, 0.13798148930072784, 0.13797526061534882, 0.1379712074995041, 0.1379685252904892, 0.13796672224998474, 0.13796544075012207, 0.13796477019786835, 0.13796429336071014, 0.13796395063400269, 0.13796380162239075, 0.1379636526107788, 0.13796350359916687, 0.1379634588956833, 0.1379634588956833], "accuracy": [0.7904037237167358, 0.8753537535667419, 0.900459349155426, 0.9122362732887268, 0.918711245059967, 0.9244562387466431, 0.9286174774169922, 0.9322637319564819, 0.935154378414154, 0.9374125003814697, 0.9383881092071533, 0.9389955997467041, 0.9395506381988525, 0.9400687217712402, 0.9405656456947327, 0.9408875107765198, 0.9411712288856506, 0.9415637254714966, 0.9419199824333191, 0.9421718716621399, 0.942454993724823, 0.9426174759864807, 0.9428681135177612, 0.9430450201034546, 0.9431581497192383, 0.9432987570762634, 0.9433818459510803, 0.9434712529182434, 0.9435399770736694, 0.9435593485832214, 0.9436455965042114, 0.9436699748039246, 0.9436831474304199, 0.9437062740325928, 0.9437050223350525, 0.9437243938446045, 0.9437268972396851, 0.9437168836593628, 0.9437268972396851, 0.9437193870544434, 0.9437231421470642, 0.943723738193512, 0.943723738193512, 0.9437268972396851, 0.9437224864959717, 0.9437256455421448, 0.9437256455421448, 0.9437256455421448, 0.9437262415885925, 0.9437256455421448], "val_loss": [0.31314617395401, 0.24109607934951782, 0.2127734124660492, 0.19707025587558746, 0.1890648901462555, 0.1777743399143219, 0.17095863819122314, 0.16399548947811127, 0.16135789453983307, 0.15797553956508636, 0.15747876465320587, 0.15654762089252472, 0.1561128944158554, 0.1559208780527115, 0.15466977655887604, 0.15442779660224915, 0.15462692081928253, 0.15426263213157654, 0.15351329743862152, 0.15353906154632568, 0.15323543548583984, 0.15329277515411377, 0.1530330926179886, 0.15284684300422668, 0.15288378298282623, 0.15280476212501526, 0.15268999338150024, 0.15278518199920654, 0.15275856852531433, 0.15275715291500092, 0.15273599326610565, 0.15272223949432373, 0.15273363888263702, 0.15273267030715942, 0.15273170173168182, 0.15272879600524902, 0.15272532403469086, 0.1527242511510849, 0.15272361040115356, 0.152723491191864, 0.15272285044193268, 0.15272265672683716, 0.1527228057384491, 0.15272276103496552, 0.15272264182567596, 0.15272267162799835, 0.15272264182567596, 0.15272265672683716, 0.15272264182567596, 0.15272264182567596], "val_accuracy": [0.8574550151824951, 0.8927199840545654, 0.9071574807167053, 0.9152200222015381, 0.9193674921989441, 0.9243825078010559, 0.9279775023460388, 0.9312174916267395, 0.9327999949455261, 0.9341650009155273, 0.9345574975013733, 0.9349949955940247, 0.9352675080299377, 0.9354749917984009, 0.9358075261116028, 0.9361324906349182, 0.9360575079917908, 0.9365950226783752, 0.9366574883460999, 0.9365525245666504, 0.9367799758911133, 0.9367300271987915, 0.9369900226593018, 0.937107503414154, 0.9370999932289124, 0.9371650218963623, 0.9371399879455566, 0.9371749758720398, 0.9371474981307983, 0.9370974898338318, 0.9371874928474426, 0.93715500831604, 0.9371950030326843, 0.9372050166130066, 0.9372149705886841, 0.9371899962425232, 0.9371724724769592, 0.9371799826622009, 0.9371874928474426, 0.9371824860572815, 0.9371899962425232, 0.9371924996376038, 0.9371874928474426, 0.9371874928474426, 0.9371899962425232, 0.9371924996376038, 0.9371899962425232, 0.9371899962425232, 0.9371899962425232, 0.9371899962425232], "lr": [0.009999999776482582, 0.008999999612569809, 0.00800000037997961, 0.007000000216066837, 0.006000000052154064, 0.004999999888241291, 0.004000000189989805, 0.003000000026077032, 0.0020000000949949026, 0.0010000000474974513, 0.0009000000427477062, 0.0008100000559352338, 0.0007290000794455409, 0.0006561000482179224, 0.0005904900608584285, 0.0005314410664141178, 0.00047829694813117385, 0.00043046724749729037, 0.0003874205285683274, 0.0003486784698907286, 0.00027894278173334897, 0.00022315423120744526, 0.0001785233907867223, 0.0001428187097189948, 0.00011425496632000431, 9.14039701456204e-05, 7.312317757168785e-05, 5.849854278494604e-05, 4.6798835683148354e-05, 3.7439069274114445e-05, 2.433539521007333e-05, 1.5818006431800313e-05, 1.0281703907821793e-05, 6.683107585558901e-06, 4.344019998825388e-06, 2.8236129310243996e-06, 1.8353483710598084e-06, 1.192976469610585e-06, 7.754347279842477e-07, 5.040325845584448e-07, 3.2762119417384383e-07, 2.1295377905516943e-07, 1.3841994928043277e-07, 8.997296419011036e-08, 5.848242778938584e-08, 3.8013578063100795e-08, 2.4708825208108465e-08, 1.606073674054187e-08, 1.043947861489869e-08, 6.785660922048464e-09]}