{"loss": [0.6011106967926025, 0.5021052956581116, 0.45346808433532715, 0.403334379196167, 0.3667827248573303, 0.3433995842933655, 0.3252277672290802, 0.3105369508266449, 0.2986828088760376, 0.291570782661438, 0.28639310598373413, 0.2828635275363922, 0.2801494598388672, 0.2769683003425598, 0.27391543984413147, 0.27117785811424255, 0.2688101530075073, 0.2667545676231384, 0.26503288745880127, 0.2637287974357605, 0.26187649369239807, 0.2602801024913788, 0.25916191935539246, 0.2582778334617615, 0.25753945112228394, 0.25738289952278137, 0.25682780146598816, 0.25632718205451965, 0.2559109926223755, 0.2556234300136566, 0.25539901852607727, 0.25525808334350586, 0.2551729083061218, 0.2551274597644806, 0.2550869584083557, 0.2550586760044098, 0.2550424039363861, 0.2550322413444519, 0.2550255358219147, 0.2550210654735565, 0.2550179958343506, 0.255016028881073, 0.25501471757888794, 0.25501394271850586, 0.2550133764743805, 0.25501295924186707, 0.25501275062561035, 0.255012571811676, 0.25501251220703125, 0.2550124526023865], "accuracy": [0.7196375131607056, 0.7476375102996826, 0.7726333141326904, 0.7985583543777466, 0.8224375247955322, 0.8376166820526123, 0.8467958569526672, 0.8555958271026611, 0.8621583580970764, 0.8662791848182678, 0.8686916828155518, 0.8712833523750305, 0.8725458383560181, 0.8745166659355164, 0.8760208487510681, 0.877958357334137, 0.8791541457176208, 0.8801791667938232, 0.8809499740600586, 0.8816458582878113, 0.8829500079154968, 0.8836208581924438, 0.8845833539962769, 0.8847749829292297, 0.8852041959762573, 0.8853791952133179, 0.8856833577156067, 0.8860666751861572, 0.8859875202178955, 0.8862583041191101, 0.8864250183105469, 0.8864833116531372, 0.8864083290100098, 0.8864791393280029, 0.8865041732788086, 0.8865166902542114, 0.8865333199501038, 0.886537492275238, 0.8865291476249695, 0.8865333199501038, 0.8865249752998352, 0.8865208625793457, 0.8865166902542114, 0.8865125179290771, 0.8865125179290771, 0.8865166902542114, 0.8865166902542114, 0.8865125179290771, 0.8865125179290771, 0.8865125179290771], "val_loss": [0.5209022164344788, 0.471379816532135, 0.4236025810241699, 0.3813580870628357, 0.3577500879764557, 0.3366685211658478, 0.3232365548610687, 0.30879199504852295, 0.3029329776763916, 0.2968241274356842, 0.29404836893081665, 0.29185953736305237, 0.2901354730129242, 0.28664445877075195, 0.2847297787666321, 0.28264790773391724, 0.28099727630615234, 0.279544472694397, 0.2784193754196167, 0.27711233496665955, 0.2763371169567108, 0.27513012290000916, 0.2745189666748047, 0.2740382254123688, 0.2736664116382599, 0.2736671566963196, 0.273171991109848, 0.272946834564209, 0.272754430770874, 0.2727131247520447, 0.2726154327392578, 0.2725779712200165, 0.2725335955619812, 0.272483229637146, 0.27248167991638184, 0.2724769115447998, 0.2724711298942566, 0.27246585488319397, 0.27246302366256714, 0.27246254682540894, 0.2724624276161194, 0.27246180176734924, 0.272461473941803, 0.2724614143371582, 0.27246126532554626, 0.27246108651161194, 0.27246105670928955, 0.2724609673023224, 0.2724609673023224, 0.2724609673023224], "val_accuracy": [0.7315999865531921, 0.765916645526886, 0.7891166806221008, 0.8126166462898254, 0.831166684627533, 0.8418499827384949, 0.8500000238418579, 0.8560666441917419, 0.8593833446502686, 0.8634666800498962, 0.8650833368301392, 0.866100013256073, 0.867733359336853, 0.8699166774749756, 0.8710333108901978, 0.8716833591461182, 0.8727499842643738, 0.8730166554450989, 0.8739166855812073, 0.8746833205223083, 0.8748999834060669, 0.8753833174705505, 0.8755499720573425, 0.8762833476066589, 0.8764166831970215, 0.87663334608078, 0.8769333362579346, 0.877133309841156, 0.8766666650772095, 0.8770333528518677, 0.8770999908447266, 0.8771166801452637, 0.8770999908447266, 0.8772333264350891, 0.8772500157356262, 0.8772000074386597, 0.8771499991416931, 0.877216637134552, 0.877216637134552, 0.8772500157356262, 0.8772500157356262, 0.8772500157356262, 0.8772500157356262, 0.8772500157356262, 0.8772500157356262, 0.8772500157356262, 0.8772500157356262, 0.8772500157356262, 0.8772500157356262, 0.8772500157356262], "lr": [0.009999999776482582, 0.008999999612569809, 0.00800000037997961, 0.007000000216066837, 0.006000000052154064, 0.004999999888241291, 0.004000000189989805, 0.003000000026077032, 0.0020000000949949026, 0.0010000000474974513, 0.0009000000427477062, 0.0008100000559352338, 0.0007290000794455409, 0.0006561000482179224, 0.0005904900608584285, 0.0005314410664141178, 0.00047829694813117385, 0.00043046724749729037, 0.0003874205285683274, 0.0003486784698907286, 0.00027894278173334897, 0.00022315423120744526, 0.0001785233907867223, 0.0001428187097189948, 0.00011425496632000431, 9.14039701456204e-05, 7.312317757168785e-05, 5.849854278494604e-05, 4.6798835683148354e-05, 3.7439069274114445e-05, 2.433539521007333e-05, 1.5818006431800313e-05, 1.0281703907821793e-05, 6.683107585558901e-06, 4.344019998825388e-06, 2.8236129310243996e-06, 1.8353483710598084e-06, 1.192976469610585e-06, 7.754347279842477e-07, 5.040325845584448e-07, 3.2762119417384383e-07, 2.1295377905516943e-07, 1.3841994928043277e-07, 8.997296419011036e-08, 5.848242778938584e-08, 3.8013578063100795e-08, 2.4708825208108465e-08, 1.606073674054187e-08, 1.043947861489869e-08, 6.785660922048464e-09]}