{"loss": [0.71412193775177, 0.6257287859916687, 0.5825423002243042, 0.5534477829933167, 0.5456319451332092, 0.5253455638885498, 0.5117242932319641, 0.5022051930427551, 0.49111172556877136, 0.4816541075706482, 0.474962055683136, 0.4699036180973053, 0.46473321318626404, 0.45968323945999146, 0.45498207211494446, 0.45110833644866943, 0.44686436653137207, 0.4431750476360321, 0.4409138560295105, 0.4382074177265167, 0.4361264705657959, 0.43568485975265503, 0.43404242396354675, 0.43328848481178284, 0.4320118725299835, 0.43141835927963257, 0.43075108528137207, 0.4303026497364044, 0.4298515021800995, 0.42954134941101074, 0.42933130264282227, 0.42919662594795227, 0.42908817529678345, 0.42901772260665894, 0.42897579073905945, 0.4289516508579254, 0.4289349615573883, 0.4289241135120392, 0.4289172887802124, 0.4289124011993408, 0.428909569978714, 0.4289076626300812, 0.4289063513278961, 0.42890557646751404, 0.42890504002571106, 0.4289046823978424, 0.4289045035839081, 0.42890429496765137, 0.4289042055606842, 0.4289042055606842], "accuracy": [0.6103125214576721, 0.7220875024795532, 0.7221249938011169, 0.7171875238418579, 0.7223250269889832, 0.7268249988555908, 0.7363749742507935, 0.7431250214576721, 0.7460125088691711, 0.7484999895095825, 0.7488750219345093, 0.7502375245094299, 0.7511875033378601, 0.7530500292778015, 0.7560750246047974, 0.7603499889373779, 0.7636749744415283, 0.7660999894142151, 0.7687749862670898, 0.7710875272750854, 0.7738000154495239, 0.7761625051498413, 0.7766749858856201, 0.7773125171661377, 0.7785500288009644, 0.7792875170707703, 0.7800750136375427, 0.7800624966621399, 0.7803124785423279, 0.7805625200271606, 0.7803624868392944, 0.7804250121116638, 0.7804874777793884, 0.7805749773979187, 0.7806249856948853, 0.7806500196456909, 0.780662477016449, 0.7806500196456909, 0.7806500196456909, 0.7806749939918518, 0.7806875109672546, 0.7806875109672546, 0.7806875109672546, 0.7806875109672546, 0.7806875109672546, 0.7806875109672546, 0.7806875109672546, 0.7806875109672546, 0.7806875109672546, 0.7806875109672546], "val_loss": [0.7508676648139954, 0.6032713651657104, 0.5752329230308533, 0.5738759636878967, 0.5402320027351379, 0.523688554763794, 0.5140849351882935, 0.5033125281333923, 0.49279454350471497, 0.4862106442451477, 0.48074302077293396, 0.47350406646728516, 0.46946534514427185, 0.46480992436408997, 0.46180039644241333, 0.4565639793872833, 0.45361077785491943, 0.44985076785087585, 0.4483327269554138, 0.445925772190094, 0.44466063380241394, 0.44475194811820984, 0.4448978006839752, 0.4430188536643982, 0.4418052136898041, 0.4412336051464081, 0.44101038575172424, 0.44066619873046875, 0.44035229086875916, 0.44006961584091187, 0.43993911147117615, 0.43984898924827576, 0.4398244023323059, 0.4397982358932495, 0.4397651255130768, 0.4397481381893158, 0.43973779678344727, 0.43973177671432495, 0.4397278428077698, 0.4397251009941101, 0.43972381949424744, 0.4397228956222534, 0.43972235918045044, 0.4397216737270355, 0.43972137570381165, 0.4397212862968445, 0.43972110748291016, 0.4397209882736206, 0.4397209882736206, 0.4397209584712982], "val_accuracy": [0.7160000205039978, 0.7160000205039978, 0.7120500206947327, 0.7159000039100647, 0.7197999954223633, 0.729200005531311, 0.7377499938011169, 0.7405999898910522, 0.7453500032424927, 0.7472000122070312, 0.7470999956130981, 0.7491000294685364, 0.7497000098228455, 0.751550018787384, 0.7542499899864197, 0.7598999738693237, 0.7593500018119812, 0.7638999819755554, 0.76419997215271, 0.7689999938011169, 0.7698000073432922, 0.7707499861717224, 0.7708500027656555, 0.7716500163078308, 0.7727000117301941, 0.7727500200271606, 0.7726500034332275, 0.7730500102043152, 0.7730000019073486, 0.7736499905586243, 0.7739499807357788, 0.7742499709129333, 0.774150013923645, 0.7742999792098999, 0.774399995803833, 0.774399995803833, 0.774399995803833, 0.7743499875068665, 0.7743499875068665, 0.7743499875068665, 0.7743499875068665, 0.7743499875068665, 0.774399995803833, 0.774399995803833, 0.774399995803833, 0.774399995803833, 0.774399995803833, 0.774399995803833, 0.774399995803833, 0.774399995803833], "lr": [0.009999999776482582, 0.008999999612569809, 0.00800000037997961, 0.007000000216066837, 0.006000000052154064, 0.004999999888241291, 0.004000000189989805, 0.003000000026077032, 0.0020000000949949026, 0.0010000000474974513, 0.0009000000427477062, 0.0008100000559352338, 0.0007290000794455409, 0.0006561000482179224, 0.0005904900608584285, 0.0005314410664141178, 0.00047829694813117385, 0.00043046724749729037, 0.0003874205285683274, 0.0003486784698907286, 0.00027894278173334897, 0.00022315423120744526, 0.0001785233907867223, 0.0001428187097189948, 0.00011425496632000431, 9.14039701456204e-05, 7.312317757168785e-05, 5.849854278494604e-05, 4.6798835683148354e-05, 3.7439069274114445e-05, 2.433539521007333e-05, 1.5818006431800313e-05, 1.0281703907821793e-05, 6.683107585558901e-06, 4.344019998825388e-06, 2.8236129310243996e-06, 1.8353483710598084e-06, 1.192976469610585e-06, 7.754347279842477e-07, 5.040325845584448e-07, 3.2762119417384383e-07, 2.1295377905516943e-07, 1.3841994928043277e-07, 8.997296419011036e-08, 5.848242778938584e-08, 3.8013578063100795e-08, 2.4708825208108465e-08, 1.606073674054187e-08, 1.043947861489869e-08, 6.785660922048464e-09]}