{"loss": [0.6164196133613586, 0.5077983140945435, 0.45675545930862427, 0.4093126952648163, 0.37933799624443054, 0.371222585439682, 0.35916927456855774, 0.34103843569755554, 0.33119451999664307, 0.32472747564315796, 0.3206021785736084, 0.31706416606903076, 0.31370243430137634, 0.3111039698123932, 0.30877846479415894, 0.3062531650066376, 0.3041747808456421, 0.3022313117980957, 0.30014610290527344, 0.29866084456443787, 0.2970370352268219, 0.29579928517341614, 0.29520687460899353, 0.2941756546497345, 0.2933899760246277, 0.293071985244751, 0.2925572991371155, 0.2921672761440277, 0.2918619215488434, 0.291599839925766, 0.2915063798427582, 0.2913219928741455, 0.29122599959373474, 0.2911470830440521, 0.29109707474708557, 0.29107171297073364, 0.2910526990890503, 0.2910420894622803, 0.29103532433509827, 0.29102838039398193, 0.2910253703594208, 0.29102399945259094, 0.2910226881504059, 0.29102152585983276, 0.2910209894180298, 0.2910206615924835, 0.2910204529762268, 0.29102033376693726, 0.29102030396461487, 0.2910202443599701], "accuracy": [0.7018166780471802, 0.7371000051498413, 0.7629125118255615, 0.7915916442871094, 0.8123624920845032, 0.8174625039100647, 0.8264208436012268, 0.8367666602134705, 0.8429458141326904, 0.846708357334137, 0.8485541939735413, 0.8502208590507507, 0.8520125150680542, 0.853029191493988, 0.8546500205993652, 0.855733335018158, 0.8567125201225281, 0.8582916855812073, 0.8591916561126709, 0.8598999977111816, 0.8607416749000549, 0.8617125153541565, 0.8620499968528748, 0.8625083565711975, 0.8630458116531372, 0.863379180431366, 0.8637750148773193, 0.8637333512306213, 0.8638708591461182, 0.8640833497047424, 0.8642958402633667, 0.8643791675567627, 0.8644583225250244, 0.8644958138465881, 0.8645291924476624, 0.8645333051681519, 0.8645458221435547, 0.8645541667938232, 0.8645541667938232, 0.8645333051681519, 0.8645458221435547, 0.8645541667938232, 0.8645583391189575, 0.8645541667938232, 0.8645541667938232, 0.8645583391189575, 0.8645583391189575, 0.8645583391189575, 0.8645583391189575, 0.8645583391189575], "val_loss": [0.5266453623771667, 0.4756043255329132, 0.4270435571670532, 0.39222782850265503, 0.3832573890686035, 0.37322744727134705, 0.3501780033111572, 0.3392031788825989, 0.332040935754776, 0.3274090886116028, 0.3240433931350708, 0.32135528326034546, 0.31837815046310425, 0.31601789593696594, 0.3143695294857025, 0.3122805058956146, 0.3101068437099457, 0.30843666195869446, 0.30650246143341064, 0.30516374111175537, 0.30417564511299133, 0.3044520318508148, 0.3028613328933716, 0.3023183345794678, 0.3019508123397827, 0.30161234736442566, 0.3013182282447815, 0.3010619282722473, 0.30082613229751587, 0.3007485270500183, 0.3006388545036316, 0.3005428612232208, 0.3005256652832031, 0.3005106449127197, 0.30049020051956177, 0.3004806339740753, 0.3004712462425232, 0.3004625737667084, 0.30045923590660095, 0.30045855045318604, 0.300457626581192, 0.30045709013938904, 0.3004569113254547, 0.30045658349990845, 0.3004562258720398, 0.3004560172557831, 0.3004559576511383, 0.3004559278488159, 0.30045589804649353, 0.30045586824417114], "val_accuracy": [0.7235833406448364, 0.748116672039032, 0.7788833379745483, 0.8048833608627319, 0.8072333335876465, 0.8180999755859375, 0.8303333520889282, 0.8380666375160217, 0.8422166705131531, 0.8447833061218262, 0.8469333052635193, 0.847083330154419, 0.8487333059310913, 0.8498666882514954, 0.8509666919708252, 0.8515666723251343, 0.8532666563987732, 0.8540999889373779, 0.8550333380699158, 0.8560666441917419, 0.8563833236694336, 0.8566333055496216, 0.8574000000953674, 0.8579333424568176, 0.8583333492279053, 0.8583166599273682, 0.8583166599273682, 0.8585333228111267, 0.8587166666984558, 0.8587833046913147, 0.8589166402816772, 0.8590499758720398, 0.8589000105857849, 0.8589500188827515, 0.8589833378791809, 0.8589500188827515, 0.8589666485786438, 0.8589666485786438, 0.859000027179718, 0.8590166568756104, 0.8589833378791809, 0.859000027179718, 0.859000027179718, 0.8590166568756104, 0.8590166568756104, 0.8590166568756104, 0.8590166568756104, 0.8590166568756104, 0.8590166568756104, 0.8590166568756104], "lr": [0.009999999776482582, 0.008999999612569809, 0.00800000037997961, 0.007000000216066837, 0.006000000052154064, 0.004999999888241291, 0.004000000189989805, 0.003000000026077032, 0.0020000000949949026, 0.0010000000474974513, 0.0009000000427477062, 0.0008100000559352338, 0.0007290000794455409, 0.0006561000482179224, 0.0005904900608584285, 0.0005314410664141178, 0.00047829694813117385, 0.00043046724749729037, 0.0003874205285683274, 0.0003486784698907286, 0.00027894278173334897, 0.00022315423120744526, 0.0001785233907867223, 0.0001428187097189948, 0.00011425496632000431, 9.14039701456204e-05, 7.312317757168785e-05, 5.849854278494604e-05, 4.6798835683148354e-05, 3.7439069274114445e-05, 2.433539521007333e-05, 1.5818006431800313e-05, 1.0281703907821793e-05, 6.683107585558901e-06, 4.344019998825388e-06, 2.8236129310243996e-06, 1.8353483710598084e-06, 1.192976469610585e-06, 7.754347279842477e-07, 5.040325845584448e-07, 3.2762119417384383e-07, 2.1295377905516943e-07, 1.3841994928043277e-07, 8.997296419011036e-08, 5.848242778938584e-08, 3.8013578063100795e-08, 2.4708825208108465e-08, 1.606073674054187e-08, 1.043947861489869e-08, 6.785660922048464e-09]}