{"loss": [0.6019363403320312, 0.49643465876579285, 0.4375293254852295, 0.3990708887577057, 0.3636268675327301, 0.34110409021377563, 0.32673734426498413, 0.3156224191188812, 0.3059846758842468, 0.3020049035549164, 0.2985903322696686, 0.2951858937740326, 0.29281148314476013, 0.2906162142753601, 0.288785845041275, 0.2871355414390564, 0.28587496280670166, 0.2847631573677063, 0.28346359729766846, 0.2824888229370117, 0.2815372943878174, 0.28062495589256287, 0.2798316478729248, 0.2792614698410034, 0.27886560559272766, 0.2784915268421173, 0.2781965732574463, 0.2780017554759979, 0.2778168320655823, 0.2776294946670532, 0.2774971127510071, 0.277414470911026, 0.2773522138595581, 0.27731573581695557, 0.27729183435440063, 0.2772773206233978, 0.2772657871246338, 0.2772596776485443, 0.27725526690483093, 0.2772524654865265, 0.27725088596343994, 0.2772495150566101, 0.2772487699985504, 0.27724823355674744, 0.27724790573120117, 0.27724766731262207, 0.27724751830101013, 0.27724745869636536, 0.2772473990917206, 0.2772473990917206], "accuracy": [0.7016749978065491, 0.7512249946594238, 0.7860833406448364, 0.8055624961853027, 0.823870837688446, 0.8390374779701233, 0.847754180431366, 0.8544166684150696, 0.8593166470527649, 0.8617958426475525, 0.8634708523750305, 0.865470826625824, 0.8667291402816772, 0.8677916526794434, 0.8687166571617126, 0.8697666525840759, 0.8701333403587341, 0.8707166910171509, 0.8714249730110168, 0.8718083500862122, 0.8723499774932861, 0.8732749819755554, 0.87357497215271, 0.8737541437149048, 0.8740500211715698, 0.8741416931152344, 0.8742791414260864, 0.8742958307266235, 0.8743500113487244, 0.8745708465576172, 0.8746374845504761, 0.874750018119812, 0.8746708035469055, 0.8747749924659729, 0.8748041391372681, 0.8747875094413757, 0.8747708201408386, 0.87479168176651, 0.8747875094413757, 0.8747875094413757, 0.8747958540916443, 0.87479168176651, 0.87479168176651, 0.87479168176651, 0.87479168176651, 0.87479168176651, 0.87479168176651, 0.87479168176651, 0.8747875094413757, 0.8747875094413757], "val_loss": [0.517550528049469, 0.4702857434749603, 0.41628798842430115, 0.3789164423942566, 0.35547935962677, 0.33506831526756287, 0.32623040676116943, 0.3165716230869293, 0.31108933687210083, 0.3101874887943268, 0.3073160946369171, 0.3055764436721802, 0.3042028546333313, 0.3024384081363678, 0.30114737153053284, 0.30035245418548584, 0.2995013892650604, 0.2984154224395752, 0.29794448614120483, 0.29748404026031494, 0.296562522649765, 0.29613521695137024, 0.2958642244338989, 0.295677125453949, 0.29571083188056946, 0.2953050434589386, 0.2952488362789154, 0.294975221157074, 0.2949463725090027, 0.29488614201545715, 0.29492050409317017, 0.2948259115219116, 0.29480329155921936, 0.2948170602321625, 0.2948111593723297, 0.29480454325675964, 0.29479849338531494, 0.29479554295539856, 0.29479509592056274, 0.29479336738586426, 0.29479342699050903, 0.29479289054870605, 0.29479268193244934, 0.294792503118515, 0.29479244351387024, 0.29479241371154785, 0.29479238390922546, 0.2947923243045807, 0.2947923243045807, 0.2947922945022583], "val_accuracy": [0.7417166829109192, 0.772183358669281, 0.7988166809082031, 0.8145333528518677, 0.8303999900817871, 0.8438500165939331, 0.8483499884605408, 0.8532833456993103, 0.8561499714851379, 0.8568666577339172, 0.8581333160400391, 0.859250009059906, 0.8592166900634766, 0.8610000014305115, 0.8618999719619751, 0.8623166680335999, 0.862583339214325, 0.8637499809265137, 0.8635833263397217, 0.864133358001709, 0.8638166785240173, 0.8645666837692261, 0.8645666837692261, 0.8650500178337097, 0.8651000261306763, 0.8652666807174683, 0.8651666641235352, 0.8651333451271057, 0.8652166724205017, 0.8652333617210388, 0.865149974822998, 0.8652166724205017, 0.8652999997138977, 0.8652166724205017, 0.8652499914169312, 0.8652666807174683, 0.8652333617210388, 0.8652499914169312, 0.8652166724205017, 0.8652333617210388, 0.8652333617210388, 0.8652333617210388, 0.8652333617210388, 0.8652333617210388, 0.8652333617210388, 0.8652333617210388, 0.8652333617210388, 0.8652333617210388, 0.8652333617210388, 0.8652333617210388], "lr": [0.009999999776482582, 0.008999999612569809, 0.00800000037997961, 0.007000000216066837, 0.006000000052154064, 0.004999999888241291, 0.004000000189989805, 0.003000000026077032, 0.0020000000949949026, 0.0010000000474974513, 0.0009000000427477062, 0.0008100000559352338, 0.0007290000794455409, 0.0006561000482179224, 0.0005904900608584285, 0.0005314410664141178, 0.00047829694813117385, 0.00043046724749729037, 0.0003874205285683274, 0.0003486784698907286, 0.00027894278173334897, 0.00022315423120744526, 0.0001785233907867223, 0.0001428187097189948, 0.00011425496632000431, 9.14039701456204e-05, 7.312317757168785e-05, 5.849854278494604e-05, 4.6798835683148354e-05, 3.7439069274114445e-05, 2.433539521007333e-05, 1.5818006431800313e-05, 1.0281703907821793e-05, 6.683107585558901e-06, 4.344019998825388e-06, 2.8236129310243996e-06, 1.8353483710598084e-06, 1.192976469610585e-06, 7.754347279842477e-07, 5.040325845584448e-07, 3.2762119417384383e-07, 2.1295377905516943e-07, 1.3841994928043277e-07, 8.997296419011036e-08, 5.848242778938584e-08, 3.8013578063100795e-08, 2.4708825208108465e-08, 1.606073674054187e-08, 1.043947861489869e-08, 6.785660922048464e-09]}