{"loss": [0.5435271263122559, 0.3911857008934021, 0.34028303623199463, 0.3103773295879364, 0.2859581410884857, 0.2662171423435211, 0.24843047559261322, 0.23600444197654724, 0.22481445968151093, 0.2165931612253189, 0.21241602301597595, 0.20888367295265198, 0.2057984620332718, 0.20336823165416718, 0.20011945068836212, 0.198675274848938, 0.19583973288536072, 0.19400142133235931, 0.19225960969924927, 0.19088126718997955, 0.18947483599185944, 0.18817541003227234, 0.18719719350337982, 0.18647803366184235, 0.18578645586967468, 0.18531984090805054, 0.18492738902568817, 0.18463481962680817, 0.18435895442962646, 0.1841655671596527, 0.18398819863796234, 0.1838606745004654, 0.1837783306837082, 0.1837306171655655, 0.18369343876838684, 0.18366961181163788, 0.18365496397018433, 0.1836448609828949, 0.1836383044719696, 0.18363435566425323, 0.1836315244436264, 0.18362979590892792, 0.183628648519516, 0.1836279034614563, 0.1836274117231369, 0.18362709879875183, 0.18362687528133392, 0.18362672626972198, 0.1836266666650772, 0.1836266815662384], "accuracy": [0.728223443031311, 0.8085359334945679, 0.8383843898773193, 0.8550359606742859, 0.8680890798568726, 0.8787640333175659, 0.8880968689918518, 0.8953640460968018, 0.9013422131538391, 0.9057468771934509, 0.9077484607696533, 0.9095640778541565, 0.9111499786376953, 0.9122734665870667, 0.9138374924659729, 0.9145968556404114, 0.9159562587738037, 0.9167546629905701, 0.917551577091217, 0.918190598487854, 0.9190640449523926, 0.9195281267166138, 0.9199609160423279, 0.9203671813011169, 0.9207828044891357, 0.9209859371185303, 0.9211218953132629, 0.9212375283241272, 0.9214281439781189, 0.9215609431266785, 0.9215484261512756, 0.9216156005859375, 0.9216172099113464, 0.9216750264167786, 0.9216640591621399, 0.9217140674591064, 0.9217171669006348, 0.921707808971405, 0.9217203259468079, 0.9217343926429749, 0.921735942363739, 0.9217437505722046, 0.9217453002929688, 0.9217453002929688, 0.9217437505722046, 0.9217453002929688, 0.9217453002929688, 0.9217453002929688, 0.9217453002929688, 0.9217453002929688], "val_loss": [0.44377368688583374, 0.36383500695228577, 0.3255079686641693, 0.29682204127311707, 0.28130224347114563, 0.2609899640083313, 0.24943558871746063, 0.23717355728149414, 0.2264775186777115, 0.22171881794929504, 0.21822907030582428, 0.2153662145137787, 0.2124418467283249, 0.2101430594921112, 0.20782436430454254, 0.20577992498874664, 0.2041788250207901, 0.20283947885036469, 0.2020663022994995, 0.20049187541007996, 0.19925813376903534, 0.19822770357131958, 0.19818484783172607, 0.19720026850700378, 0.19671209156513214, 0.19653862714767456, 0.1962514966726303, 0.19601896405220032, 0.19593612849712372, 0.19591110944747925, 0.19572199881076813, 0.19571775197982788, 0.19566436111927032, 0.1956358700990677, 0.19561676681041718, 0.1956080198287964, 0.19560346007347107, 0.19559882581233978, 0.1955968588590622, 0.19559574127197266, 0.19559407234191895, 0.19559326767921448, 0.19559285044670105, 0.1955924779176712, 0.19559232890605927, 0.19559228420257568, 0.19559217989444733, 0.19559219479560852, 0.19559213519096375, 0.19559215009212494], "val_accuracy": [0.7732187509536743, 0.8263124823570251, 0.8464062213897705, 0.8618437647819519, 0.8711000084877014, 0.881600022315979, 0.8881562352180481, 0.8955812454223633, 0.9004250168800354, 0.9036312699317932, 0.9054499864578247, 0.9067375063896179, 0.9080125093460083, 0.9089249968528748, 0.9102187752723694, 0.9111499786376953, 0.9121749997138977, 0.9127562642097473, 0.913349986076355, 0.9142812490463257, 0.9150375127792358, 0.915149986743927, 0.9151687622070312, 0.9157187342643738, 0.9157624840736389, 0.9160312414169312, 0.9160312414169312, 0.9162499904632568, 0.9160562753677368, 0.916237473487854, 0.9161562323570251, 0.916293740272522, 0.9162124991416931, 0.916225016117096, 0.9162124991416931, 0.9162124991416931, 0.9162437319755554, 0.916237473487854, 0.9162312746047974, 0.916237473487854, 0.9162437319755554, 0.9162312746047974, 0.9162312746047974, 0.916237473487854, 0.9162312746047974, 0.916237473487854, 0.916237473487854, 0.916237473487854, 0.916237473487854, 0.916237473487854], "lr": [0.009999999776482582, 0.008999999612569809, 0.00800000037997961, 0.007000000216066837, 0.006000000052154064, 0.004999999888241291, 0.004000000189989805, 0.003000000026077032, 0.0020000000949949026, 0.0010000000474974513, 0.0009000000427477062, 0.0008100000559352338, 0.0007290000794455409, 0.0006561000482179224, 0.0005904900608584285, 0.0005314410664141178, 0.00047829694813117385, 0.00043046724749729037, 0.0003874205285683274, 0.0003486784698907286, 0.00027894278173334897, 0.00022315423120744526, 0.0001785233907867223, 0.0001428187097189948, 0.00011425496632000431, 9.14039701456204e-05, 7.312317757168785e-05, 5.849854278494604e-05, 4.6798835683148354e-05, 3.7439069274114445e-05, 2.433539521007333e-05, 1.5818006431800313e-05, 1.0281703907821793e-05, 6.683107585558901e-06, 4.344019998825388e-06, 2.8236129310243996e-06, 1.8353483710598084e-06, 1.192976469610585e-06, 7.754347279842477e-07, 5.040325845584448e-07, 3.2762119417384383e-07, 2.1295377905516943e-07, 1.3841994928043277e-07, 8.997296419011036e-08, 5.848242778938584e-08, 3.8013578063100795e-08, 2.4708825208108465e-08, 1.606073674054187e-08, 1.043947861489869e-08, 6.785660922048464e-09]}