{"loss": [0.350193053483963, 0.18499188125133514, 0.15075914561748505, 0.14145983755588531, 0.1366114467382431, 0.1341598778963089, 0.1312280148267746, 0.12866191565990448, 0.12521855533123016, 0.12278998643159866, 0.12194584310054779, 0.12143468111753464, 0.12097572535276413, 0.12042677402496338, 0.11985983699560165, 0.11941573768854141, 0.11906120181083679, 0.11874096095561981, 0.11842279136180878, 0.11816001683473587, 0.11780450493097305, 0.11753049492835999, 0.11728394776582718, 0.11708839982748032, 0.11690475791692734, 0.11679185926914215, 0.11668124794960022, 0.11658549308776855, 0.11651615053415298, 0.11645907908678055, 0.11639706790447235, 0.11634857207536697, 0.11631611734628677, 0.11629562824964523, 0.11628097295761108, 0.11627215892076492, 0.11626587808132172, 0.1162615418434143, 0.1162586510181427, 0.11625715345144272, 0.11625596880912781, 0.11625514924526215, 0.1162547692656517, 0.11625424027442932, 0.11625412851572037, 0.11625399440526962, 0.11625389009714127, 0.11625386029481888, 0.1162538081407547, 0.1162537932395935], "accuracy": [0.8331697583198547, 0.9216660261154175, 0.9387287497520447, 0.943093478679657, 0.9452559947967529, 0.9465100169181824, 0.9477049708366394, 0.948890745639801, 0.9503009915351868, 0.9513582587242126, 0.9516397714614868, 0.9519960284233093, 0.9521725177764893, 0.9523652791976929, 0.9526469707489014, 0.9528312683105469, 0.9529197216033936, 0.9530977606773376, 0.9532284736633301, 0.9533590078353882, 0.9534785151481628, 0.953595757484436, 0.9536972641944885, 0.9537957310676575, 0.9538577795028687, 0.9538702368736267, 0.9539340138435364, 0.9539972543716431, 0.9540247321128845, 0.9540432691574097, 0.9540715217590332, 0.9540822505950928, 0.9541072249412537, 0.9541147351264954, 0.954122006893158, 0.954126238822937, 0.9541280269622803, 0.954131007194519, 0.9541242718696594, 0.9541304707527161, 0.9541272521018982, 0.9541255235671997, 0.9541257619857788, 0.9541237354278564, 0.9541249871253967, 0.9541245102882385, 0.9541245102882385, 0.9541245102882385, 0.9541245102882385, 0.9541245102882385], "val_loss": [0.2325865477323532, 0.16121627390384674, 0.1465788632631302, 0.14097359776496887, 0.13662414252758026, 0.1347726285457611, 0.13199284672737122, 0.12961332499980927, 0.12792818248271942, 0.12626945972442627, 0.12583179771900177, 0.12556660175323486, 0.12515264749526978, 0.12501613795757294, 0.12452339380979538, 0.1244073361158371, 0.12421419471502304, 0.12432345747947693, 0.12404496967792511, 0.12388858944177628, 0.12368638813495636, 0.12364800274372101, 0.12345375865697861, 0.12341286987066269, 0.12340385466814041, 0.12339156866073608, 0.12332233786582947, 0.12335357815027237, 0.12329985201358795, 0.12330847978591919, 0.12329030781984329, 0.12328465282917023, 0.12327715754508972, 0.12326810508966446, 0.12327267229557037, 0.12326829880475998, 0.12326622009277344, 0.12326694279909134, 0.12326713651418686, 0.12326671928167343, 0.12326692044734955, 0.12326692044734955, 0.12326691299676895, 0.12326683849096298, 0.12326689064502716, 0.12326685339212418, 0.12326683849096298, 0.12326684594154358, 0.12326683849096298, 0.12326684594154358], "val_accuracy": [0.8972300291061401, 0.9338170289993286, 0.9406149983406067, 0.9434970021247864, 0.9453259706497192, 0.9461050033569336, 0.9473639726638794, 0.9485359787940979, 0.9491289854049683, 0.9498090147972107, 0.9499359726905823, 0.9500659704208374, 0.9502679705619812, 0.9503669738769531, 0.9505050182342529, 0.9505670070648193, 0.9507750272750854, 0.9506279826164246, 0.9505890011787415, 0.9507480263710022, 0.9507899880409241, 0.9508789777755737, 0.9509099721908569, 0.9509580135345459, 0.9510300159454346, 0.950984001159668, 0.9510049819946289, 0.9510329961776733, 0.951000988483429, 0.950980007648468, 0.9510350227355957, 0.9509959816932678, 0.9509980082511902, 0.9509940147399902, 0.9510080218315125, 0.9510179758071899, 0.9510179758071899, 0.95100998878479, 0.9510200023651123, 0.9510110020637512, 0.9510040283203125, 0.9510059952735901, 0.9510059952735901, 0.9510049819946289, 0.9510049819946289, 0.9510059952735901, 0.9510040283203125, 0.9510040283203125, 0.9510040283203125, 0.9510040283203125], "lr": [0.009999999776482582, 0.008999999612569809, 0.00800000037997961, 0.007000000216066837, 0.006000000052154064, 0.004999999888241291, 0.004000000189989805, 0.003000000026077032, 0.0020000000949949026, 0.0010000000474974513, 0.0009000000427477062, 0.0008100000559352338, 0.0007290000794455409, 0.0006561000482179224, 0.0005904900608584285, 0.0005314410664141178, 0.00047829694813117385, 0.00043046724749729037, 0.0003874205285683274, 0.0003486784698907286, 0.00027894278173334897, 0.00022315423120744526, 0.0001785233907867223, 0.0001428187097189948, 0.00011425496632000431, 9.14039701456204e-05, 7.312317757168785e-05, 5.849854278494604e-05, 4.6798835683148354e-05, 3.7439069274114445e-05, 2.433539521007333e-05, 1.5818006431800313e-05, 1.0281703907821793e-05, 6.683107585558901e-06, 4.344019998825388e-06, 2.8236129310243996e-06, 1.8353483710598084e-06, 1.192976469610585e-06, 7.754347279842477e-07, 5.040325845584448e-07, 3.2762119417384383e-07, 2.1295377905516943e-07, 1.3841994928043277e-07, 8.997296419011036e-08, 5.848242778938584e-08, 3.8013578063100795e-08, 2.4708825208108465e-08, 1.606073674054187e-08, 1.043947861489869e-08, 6.785660922048464e-09]}