{"loss": [0.5979722142219543, 0.5931181907653809, 0.5931226015090942, 0.5931238532066345, 0.5931251645088196, 0.5931195616722107, 0.593122124671936, 0.593122661113739, 0.593124270439148, 0.5931205153465271, 0.5931247472763062, 0.5931251049041748, 0.5931234359741211, 0.5931212306022644, 0.5931218266487122, 0.5931218862533569, 0.5931205153465271, 0.5931219458580017, 0.5931196212768555, 0.593122661113739, 0.5931219458580017, 0.5931242108345032, 0.5931203961372375, 0.59312504529953, 0.5931212306022644, 0.5931206941604614, 0.5931211709976196, 0.5931206941604614, 0.5931242108345032, 0.5931212306022644, 0.593124270439148, 0.5931172370910645, 0.5931229591369629, 0.5931229591369629, 0.5931206345558167, 0.5931230783462524, 0.5931223034858704, 0.5931183695793152, 0.5931243896484375, 0.5931210517883301, 0.5931214094161987, 0.5931239128112793, 0.593121349811554, 0.5931240916252136, 0.5931169390678406, 0.5931149125099182, 0.5931102633476257, 0.5931100249290466, 0.5931102633476257, 0.5931102633476257], "accuracy": [0.7198386192321777, 0.7198386192321777, 0.7198386192321777, 0.7198386192321777, 0.7198386192321777, 0.7198386192321777, 0.7198386192321777, 0.7198386192321777, 0.7198386192321777, 0.7198386192321777, 0.7198386192321777, 0.7198386192321777, 0.7198386192321777, 0.7198386192321777, 0.7198386192321777, 0.7198386192321777, 0.7198386192321777, 0.7198386192321777, 0.7198386192321777, 0.7198386192321777, 0.7198386192321777, 0.7198386192321777, 0.7198386192321777, 0.7198386192321777, 0.7198386192321777, 0.7198386192321777, 0.7198386192321777, 0.7198386192321777, 0.7198386192321777, 0.7198386192321777, 0.7198386192321777, 0.7198386192321777, 0.7198386192321777, 0.7198386192321777, 0.7198386192321777, 0.7198386192321777, 0.7198386192321777, 0.7198386192321777, 0.7198386192321777, 0.7198386192321777, 0.7198386192321777, 0.7198386192321777, 0.7198386192321777, 0.7198386192321777, 0.7198386192321777, 0.7198386192321777, 0.7198386192321777, 0.7198386192321777, 0.7198386192321777, 0.7198386192321777], "val_loss": [0.5935531258583069, 0.5934802889823914, 0.5934802889823914, 0.5935531258583069, 0.5935531258583069, 0.5934802889823914, 0.5935531258583069, 0.5934802889823914, 0.5934802889823914, 0.5935531258583069, 0.5935531258583069, 0.5934802889823914, 0.5934802889823914, 0.5934802889823914, 0.5935531258583069, 0.5935531258583069, 0.5935531258583069, 0.5934802889823914, 0.5934802889823914, 0.5934802889823914, 0.5934802889823914, 0.5934802889823914, 0.5934802889823914, 0.5934802889823914, 0.5934802889823914, 0.5934802889823914, 0.5934802889823914, 0.5935531258583069, 0.5934802889823914, 0.5934802889823914, 0.5934802889823914, 0.5934802889823914, 0.5935531258583069, 0.5935531258583069, 0.5934802889823914, 0.5934802889823914, 0.5934802889823914, 0.5934802889823914, 0.5934802889823914, 0.5934802889823914, 0.5934802889823914, 0.5934802889823914, 0.5934802889823914, 0.5934802889823914, 0.5934802889823914, 0.5934802889823914, 0.5934802889823914, 0.5934802889823914, 0.5934802889823914, 0.5934802889823914], "val_accuracy": [0.7194424867630005, 0.7194424867630005, 0.7194424867630005, 0.7194424867630005, 0.7194424867630005, 0.7194424867630005, 0.7194424867630005, 0.7194424867630005, 0.7194424867630005, 0.7194424867630005, 0.7194424867630005, 0.7194424867630005, 0.7194424867630005, 0.7194424867630005, 0.7194424867630005, 0.7194424867630005, 0.7194424867630005, 0.7194424867630005, 0.7194424867630005, 0.7194424867630005, 0.7194424867630005, 0.7194424867630005, 0.7194424867630005, 0.7194424867630005, 0.7194424867630005, 0.7194424867630005, 0.7194424867630005, 0.7194424867630005, 0.7194424867630005, 0.7194424867630005, 0.7194424867630005, 0.7194424867630005, 0.7194424867630005, 0.7194424867630005, 0.7194424867630005, 0.7194424867630005, 0.7194424867630005, 0.7194424867630005, 0.7194424867630005, 0.7194424867630005, 0.7194424867630005, 0.7194424867630005, 0.7194424867630005, 0.7194424867630005, 0.7194424867630005, 0.7194424867630005, 0.7194424867630005, 0.7194424867630005, 0.7194424867630005, 0.7194424867630005], "lr": [0.009999999776482582, 0.008999999612569809, 0.00800000037997961, 0.007000000216066837, 0.006000000052154064, 0.004999999888241291, 0.004000000189989805, 0.003000000026077032, 0.0020000000949949026, 0.0010000000474974513, 0.0009000000427477062, 0.0008100000559352338, 0.0007290000794455409, 0.0006561000482179224, 0.0005904900608584285, 0.0005314410664141178, 0.00047829694813117385, 0.00043046724749729037, 0.0003874205285683274, 0.0003486784698907286, 0.00027894278173334897, 0.00022315423120744526, 0.0001785233907867223, 0.0001428187097189948, 0.00011425496632000431, 9.14039701456204e-05, 7.312317757168785e-05, 5.849854278494604e-05, 4.6798835683148354e-05, 3.7439069274114445e-05, 2.433539521007333e-05, 1.5818006431800313e-05, 1.0281703907821793e-05, 6.683107585558901e-06, 4.344019998825388e-06, 2.8236129310243996e-06, 1.8353483710598084e-06, 1.192976469610585e-06, 7.754347279842477e-07, 5.040325845584448e-07, 3.2762119417384383e-07, 2.1295377905516943e-07, 1.3841994928043277e-07, 8.997296419011036e-08, 5.848242778938584e-08, 3.8013578063100795e-08, 2.4708825208108465e-08, 1.606073674054187e-08, 1.043947861489869e-08, 6.785660922048464e-09]}