{"loss": [0.2926206886768341, 0.15241560339927673, 0.14083994925022125, 0.13885997235774994, 0.13406091928482056, 0.13047587871551514, 0.12809623777866364, 0.12599430978298187, 0.12411928921937943, 0.1221756786108017, 0.12181282788515091, 0.12147847563028336, 0.12105333805084229, 0.12071510404348373, 0.12044534832239151, 0.12016738206148148, 0.11996776610612869, 0.11980178952217102, 0.11956896632909775, 0.11947430670261383, 0.11903004348278046, 0.11898625642061234, 0.11877086758613586, 0.11858564615249634, 0.11846916377544403, 0.11835372447967529, 0.118270643055439, 0.11810830980539322, 0.1180291622877121, 0.11798888444900513, 0.11780332028865814, 0.11775897443294525, 0.11762195080518723, 0.11755193024873734, 0.11750490963459015, 0.11748209595680237, 0.11746406555175781, 0.11746706813573837, 0.11742541939020157, 0.11739897727966309, 0.11742053925991058, 0.11733540147542953, 0.11729586869478226, 0.11727254092693329, 0.11719261109828949, 0.11716318875551224, 0.11707967519760132, 0.11700160801410675, 0.11694532632827759, 0.11688476800918579], "accuracy": [0.8645513653755188, 0.9384027719497681, 0.9437072277069092, 0.9447086453437805, 0.9467973709106445, 0.9484081268310547, 0.9493502378463745, 0.9502802491188049, 0.9510996341705322, 0.9519258737564087, 0.9521083831787109, 0.9521932601928711, 0.952430009841919, 0.9526126384735107, 0.9526209831237793, 0.9527668952941895, 0.9528391361236572, 0.9529263973236084, 0.9530492424964905, 0.953105628490448, 0.9532434940338135, 0.9532755017280579, 0.9533462524414062, 0.9534067511558533, 0.9534706473350525, 0.9535313844680786, 0.9536288976669312, 0.9536397457122803, 0.9536722302436829, 0.953660249710083, 0.9538235068321228, 0.9537702202796936, 0.9538496136665344, 0.9538940191268921, 0.9539021253585815, 0.9538869857788086, 0.9538817405700684, 0.9538670182228088, 0.953886866569519, 0.9539381265640259, 0.9539106488227844, 0.9539686441421509, 0.9540104866027832, 0.9539855122566223, 0.9540446400642395, 0.9540449976921082, 0.9541221261024475, 0.9541196227073669, 0.9540701508522034, 0.9541312456130981], "val_loss": [0.1691390424966812, 0.14385195076465607, 0.13852745294570923, 0.13624964654445648, 0.13310804963111877, 0.12948690354824066, 0.12861983478069305, 0.12703384459018707, 0.1266002357006073, 0.12442603707313538, 0.12380847334861755, 0.12327366322278976, 0.12379371374845505, 0.12294771522283554, 0.12286549806594849, 0.12285365164279938, 0.12240559607744217, 0.12241204082965851, 0.12230679392814636, 0.12190800160169601, 0.12191932648420334, 0.12145204842090607, 0.12179216742515564, 0.12171433120965958, 0.12143231183290482, 0.12143535912036896, 0.12131907045841217, 0.12136459350585938, 0.12116890400648117, 0.12114648520946503, 0.12108089029788971, 0.12111503630876541, 0.1207788735628128, 0.12097407132387161, 0.12106617540121078, 0.12086636573076248, 0.12081516534090042, 0.12100157886743546, 0.12083029001951218, 0.12087362259626389, 0.12075208127498627, 0.12084082514047623, 0.12081501632928848, 0.12088216096162796, 0.12069627642631531, 0.12072056531906128, 0.12066464126110077, 0.12059957534074783, 0.1204550638794899, 0.1204538643360138], "val_accuracy": [0.9306405186653137, 0.942424476146698, 0.9451255202293396, 0.9460229873657227, 0.9473034739494324, 0.9486420154571533, 0.949119508266449, 0.9499899744987488, 0.9499145150184631, 0.9508860111236572, 0.9512839913368225, 0.9514294862747192, 0.9512755274772644, 0.9515489935874939, 0.9516410231590271, 0.951653003692627, 0.9517354965209961, 0.9518200159072876, 0.9517819881439209, 0.9520090222358704, 0.9520819783210754, 0.9522349834442139, 0.9521204829216003, 0.9519860148429871, 0.9522340297698975, 0.9522309899330139, 0.9522950053215027, 0.952257513999939, 0.9522964954376221, 0.9523320198059082, 0.9523159861564636, 0.9523125290870667, 0.9524955153465271, 0.9524049758911133, 0.9523475170135498, 0.9524760246276855, 0.9524894952774048, 0.9524945020675659, 0.952486515045166, 0.9524210095405579, 0.9524825215339661, 0.9524589776992798, 0.9525030255317688, 0.9524574875831604, 0.9525924921035767, 0.9524624943733215, 0.952533483505249, 0.952584981918335, 0.9526119828224182, 0.9526025056838989], "lr": [0.009999999776482582, 0.008999999612569809, 0.00800000037997961, 0.007000000216066837, 0.006000000052154064, 0.004999999888241291, 0.004000000189989805, 0.003000000026077032, 0.0020000000949949026, 0.0010000000474974513, 0.0009000000427477062, 0.0008100000559352338, 0.0007290000794455409, 0.0006561000482179224, 0.0005904900608584285, 0.0005314410664141178, 0.00047829694813117385, 0.00043046724749729037, 0.0003874205285683274, 0.0003486784698907286, 0.00027894278173334897, 0.00022315423120744526, 0.0001785233907867223, 0.0001428187097189948, 0.00011425496632000431, 9.14039701456204e-05, 7.312317757168785e-05, 5.849854278494604e-05, 4.6798835683148354e-05, 3.7439069274114445e-05, 2.433539521007333e-05, 1.5818006431800313e-05, 1.0281703907821793e-05, 6.683107585558901e-06, 4.344019998825388e-06, 2.8236129310243996e-06, 1.8353483710598084e-06, 1.192976469610585e-06, 7.754347279842477e-07, 5.040325845584448e-07, 3.2762119417384383e-07, 2.1295377905516943e-07, 1.3841994928043277e-07, 8.997296419011036e-08, 5.848242778938584e-08, 3.8013578063100795e-08, 2.4708825208108465e-08, 1.606073674054187e-08, 1.043947861489869e-08, 6.785660922048464e-09]}