{"loss": [0.5979246497154236, 0.5931212306022644, 0.5931258201599121, 0.5931209325790405, 0.5931174755096436, 0.5931225419044495, 0.593123733997345, 0.5931249856948853, 0.5931228995323181, 0.5931206345558167, 0.593122124671936, 0.5931219458580017, 0.593122661113739, 0.5931231379508972, 0.5931232571601868, 0.5931218862533569, 0.5931228995323181, 0.5931190848350525, 0.5931227207183838, 0.5931209325790405, 0.5931209921836853, 0.5931224226951599, 0.5931217074394226, 0.593123197555542, 0.5931237936019897, 0.5931226015090942, 0.5931193232536316, 0.5931206345558167, 0.5931222438812256, 0.5931256413459778, 0.5931238532066345, 0.5931214094161987, 0.5931218266487122, 0.593120813369751, 0.5931217074394226, 0.593121349811554, 0.5931217670440674, 0.5931210517883301, 0.5931193232536316, 0.5931209921836853, 0.5931239128112793, 0.5931220054626465, 0.5931190848350525, 0.5931218862533569, 0.5931156873703003, 0.593113899230957, 0.5931103229522705, 0.593110203742981, 0.593110203742981, 0.5931100249290466], "accuracy": [0.7198386192321777, 0.7198386192321777, 0.7198386192321777, 0.7198386192321777, 0.7198386192321777, 0.7198386192321777, 0.7198386192321777, 0.7198386192321777, 0.7198386192321777, 0.7198386192321777, 0.7198386192321777, 0.7198386192321777, 0.7198386192321777, 0.7198386192321777, 0.7198386192321777, 0.7198386192321777, 0.7198386192321777, 0.7198386192321777, 0.7198386192321777, 0.7198386192321777, 0.7198386192321777, 0.7198386192321777, 0.7198386192321777, 0.7198386192321777, 0.7198386192321777, 0.7198386192321777, 0.7198386192321777, 0.7198386192321777, 0.7198386192321777, 0.7198386192321777, 0.7198386192321777, 0.7198386192321777, 0.7198386192321777, 0.7198386192321777, 0.7198386192321777, 0.7198386192321777, 0.7198386192321777, 0.7198386192321777, 0.7198386192321777, 0.7198386192321777, 0.7198386192321777, 0.7198386192321777, 0.7198386192321777, 0.7198386192321777, 0.7198386192321777, 0.7198386192321777, 0.7198386192321777, 0.7198386192321777, 0.7198386192321777, 0.7198386192321777], "val_loss": [0.5934802889823914, 0.5934802889823914, 0.5935531258583069, 0.5934802889823914, 0.5934802889823914, 0.5934802889823914, 0.5935531258583069, 0.5934802889823914, 0.5934802889823914, 0.5935531258583069, 0.5934802889823914, 0.5934802889823914, 0.5934802889823914, 0.5934802889823914, 0.5934802889823914, 0.5934802889823914, 0.5934802889823914, 0.5934802889823914, 0.5934802889823914, 0.5934802889823914, 0.5934802889823914, 0.5934802889823914, 0.5934802889823914, 0.5934802889823914, 0.5934802889823914, 0.5935531258583069, 0.5935531258583069, 0.5934802889823914, 0.5934802889823914, 0.5934802889823914, 0.5934802889823914, 0.5934802889823914, 0.5934802889823914, 0.5934802889823914, 0.5934802889823914, 0.5934802889823914, 0.5934802889823914, 0.5935531258583069, 0.5934802889823914, 0.5935531258583069, 0.5935531258583069, 0.5934802889823914, 0.5934802889823914, 0.5934802889823914, 0.5935531258583069, 0.5934802889823914, 0.5934802889823914, 0.5934802889823914, 0.5934802889823914, 0.5934802889823914], "val_accuracy": [0.7194424867630005, 0.7194424867630005, 0.7194424867630005, 0.7194424867630005, 0.7194424867630005, 0.7194424867630005, 0.7194424867630005, 0.7194424867630005, 0.7194424867630005, 0.7194424867630005, 0.7194424867630005, 0.7194424867630005, 0.7194424867630005, 0.7194424867630005, 0.7194424867630005, 0.7194424867630005, 0.7194424867630005, 0.7194424867630005, 0.7194424867630005, 0.7194424867630005, 0.7194424867630005, 0.7194424867630005, 0.7194424867630005, 0.7194424867630005, 0.7194424867630005, 0.7194424867630005, 0.7194424867630005, 0.7194424867630005, 0.7194424867630005, 0.7194424867630005, 0.7194424867630005, 0.7194424867630005, 0.7194424867630005, 0.7194424867630005, 0.7194424867630005, 0.7194424867630005, 0.7194424867630005, 0.7194424867630005, 0.7194424867630005, 0.7194424867630005, 0.7194424867630005, 0.7194424867630005, 0.7194424867630005, 0.7194424867630005, 0.7194424867630005, 0.7194424867630005, 0.7194424867630005, 0.7194424867630005, 0.7194424867630005, 0.7194424867630005], "lr": [0.009999999776482582, 0.008999999612569809, 0.00800000037997961, 0.007000000216066837, 0.006000000052154064, 0.004999999888241291, 0.004000000189989805, 0.003000000026077032, 0.0020000000949949026, 0.0010000000474974513, 0.0009000000427477062, 0.0008100000559352338, 0.0007290000794455409, 0.0006561000482179224, 0.0005904900608584285, 0.0005314410664141178, 0.00047829694813117385, 0.00043046724749729037, 0.0003874205285683274, 0.0003486784698907286, 0.00027894278173334897, 0.00022315423120744526, 0.0001785233907867223, 0.0001428187097189948, 0.00011425496632000431, 9.14039701456204e-05, 7.312317757168785e-05, 5.849854278494604e-05, 4.6798835683148354e-05, 3.7439069274114445e-05, 2.433539521007333e-05, 1.5818006431800313e-05, 1.0281703907821793e-05, 6.683107585558901e-06, 4.344019998825388e-06, 2.8236129310243996e-06, 1.8353483710598084e-06, 1.192976469610585e-06, 7.754347279842477e-07, 5.040325845584448e-07, 3.2762119417384383e-07, 2.1295377905516943e-07, 1.3841994928043277e-07, 8.997296419011036e-08, 5.848242778938584e-08, 3.8013578063100795e-08, 2.4708825208108465e-08, 1.606073674054187e-08, 1.043947861489869e-08, 6.785660922048464e-09]}