{"loss": [0.2493600696325302, 0.1445445865392685, 0.13646309077739716, 0.13266585767269135, 0.12982609868049622, 0.1273832619190216, 0.1253187209367752, 0.12331781536340714, 0.12150917947292328, 0.1194814071059227, 0.11908914148807526, 0.11882185935974121, 0.11838952451944351, 0.11812746524810791, 0.117901511490345, 0.11767041683197021, 0.11737880110740662, 0.11721713840961456, 0.11711642891168594, 0.11682147532701492, 0.11660081148147583, 0.11639516055583954, 0.11620429903268814, 0.11605601757764816, 0.11587506532669067, 0.11579608917236328, 0.11568591743707657, 0.11555109173059464, 0.11546379327774048, 0.11537766456604004, 0.1152520403265953, 0.11511728912591934, 0.1150393858551979, 0.11490090936422348, 0.11487578600645065, 0.11482278257608414, 0.11476859450340271, 0.11478940397500992, 0.1147511899471283, 0.1147092655301094, 0.11471185833215714, 0.11464110016822815, 0.11461048573255539, 0.1145668774843216, 0.11456605792045593, 0.11449071764945984, 0.11440179497003555, 0.11430809646844864, 0.11422643810510635, 0.1141505315899849], "accuracy": [0.8875271081924438, 0.9421129822731018, 0.9457334876060486, 0.947327733039856, 0.948630154132843, 0.9496347308158875, 0.9506087303161621, 0.9514316320419312, 0.9522086381912231, 0.9530724883079529, 0.9532207250595093, 0.9533385038375854, 0.9534817337989807, 0.9536543488502502, 0.9536983966827393, 0.9538106322288513, 0.9538961052894592, 0.9540372490882874, 0.9540781378746033, 0.9541802406311035, 0.9542714953422546, 0.9543554782867432, 0.9544088840484619, 0.9544772505760193, 0.9545827507972717, 0.9545547366142273, 0.9546228647232056, 0.9547320008277893, 0.9547391533851624, 0.9547982215881348, 0.9548303484916687, 0.9548860192298889, 0.9549252390861511, 0.9549581408500671, 0.9549842476844788, 0.9549987316131592, 0.9550588726997375, 0.9550110101699829, 0.955039381980896, 0.9550042748451233, 0.9550909996032715, 0.9550681114196777, 0.9550877213478088, 0.955136775970459, 0.9550995230674744, 0.9551380276679993, 0.9552231431007385, 0.9552283883094788, 0.9552711248397827, 0.9552906155586243], "val_loss": [0.15074887871742249, 0.13989044725894928, 0.13462384045124054, 0.13317666947841644, 0.12867189943790436, 0.12697024643421173, 0.12579713761806488, 0.12445016950368881, 0.12261945754289627, 0.12149947136640549, 0.12144811451435089, 0.12095563858747482, 0.12053994089365005, 0.12071831524372101, 0.12016334384679794, 0.12046506255865097, 0.1200827956199646, 0.12016833573579788, 0.11948028951883316, 0.1198778823018074, 0.11954864859580994, 0.119661845266819, 0.11923524737358093, 0.11942040920257568, 0.1191500797867775, 0.11916898936033249, 0.11925962567329407, 0.11912650614976883, 0.11898717284202576, 0.11908121407032013, 0.11876672506332397, 0.11888349056243896, 0.11864179372787476, 0.11862711608409882, 0.11858711391687393, 0.11864623427391052, 0.11890329420566559, 0.11851303279399872, 0.11870301514863968, 0.11865599453449249, 0.11865358799695969, 0.11863984167575836, 0.11859805136919022, 0.1185247004032135, 0.11843527108430862, 0.1183151975274086, 0.11838588863611221, 0.11845546215772629, 0.11825750768184662, 0.11816549301147461], "val_accuracy": [0.9391360282897949, 0.9441565275192261, 0.9464160203933716, 0.9471070170402527, 0.9490265250205994, 0.9497795104980469, 0.9504165053367615, 0.9510034918785095, 0.9517145156860352, 0.9521790146827698, 0.9522395133972168, 0.9524425268173218, 0.9526249766349792, 0.9525175094604492, 0.9527555108070374, 0.9526615142822266, 0.9527860283851624, 0.9527270197868347, 0.9530109763145447, 0.9528639912605286, 0.9530659914016724, 0.9529795050621033, 0.9531959891319275, 0.9530670046806335, 0.9532020092010498, 0.9531714916229248, 0.9532564878463745, 0.9532614946365356, 0.9532784819602966, 0.9532089829444885, 0.9533625245094299, 0.9533399939537048, 0.953432023525238, 0.9534019827842712, 0.9534854888916016, 0.9534465074539185, 0.9533284902572632, 0.9534335136413574, 0.9533690214157104, 0.9534879922866821, 0.9533565044403076, 0.9534894824028015, 0.9534639716148376, 0.9535179734230042, 0.9534685015678406, 0.9536049962043762, 0.9535065293312073, 0.95346999168396, 0.9535009860992432, 0.9535729885101318], "lr": [0.009999999776482582, 0.008999999612569809, 0.00800000037997961, 0.007000000216066837, 0.006000000052154064, 0.004999999888241291, 0.004000000189989805, 0.003000000026077032, 0.0020000000949949026, 0.0010000000474974513, 0.0009000000427477062, 0.0008100000559352338, 0.0007290000794455409, 0.0006561000482179224, 0.0005904900608584285, 0.0005314410664141178, 0.00047829694813117385, 0.00043046724749729037, 0.0003874205285683274, 0.0003486784698907286, 0.00027894278173334897, 0.00022315423120744526, 0.0001785233907867223, 0.0001428187097189948, 0.00011425496632000431, 9.14039701456204e-05, 7.312317757168785e-05, 5.849854278494604e-05, 4.6798835683148354e-05, 3.7439069274114445e-05, 2.433539521007333e-05, 1.5818006431800313e-05, 1.0281703907821793e-05, 6.683107585558901e-06, 4.344019998825388e-06, 2.8236129310243996e-06, 1.8353483710598084e-06, 1.192976469610585e-06, 7.754347279842477e-07, 5.040325845584448e-07, 3.2762119417384383e-07, 2.1295377905516943e-07, 1.3841994928043277e-07, 8.997296419011036e-08, 5.848242778938584e-08, 3.8013578063100795e-08, 2.4708825208108465e-08, 1.606073674054187e-08, 1.043947861489869e-08, 6.785660922048464e-09]}