{"loss": [0.3090687096118927, 0.15159425139427185, 0.1387503743171692, 0.134064182639122, 0.13075041770935059, 0.12763738632202148, 0.12549914419651031, 0.12318804860115051, 0.12142331153154373, 0.11914286017417908, 0.11869899183511734, 0.11832432448863983, 0.11786924302577972, 0.11766044795513153, 0.11740542203187943, 0.11713090538978577, 0.11691226065158844, 0.11661507189273834, 0.11653006076812744, 0.11633056402206421, 0.11599194258451462, 0.11576110124588013, 0.11562509834766388, 0.1154458224773407, 0.11532038450241089, 0.11523707956075668, 0.11508367955684662, 0.11500278860330582, 0.11483552306890488, 0.1148102730512619, 0.1146765798330307, 0.11454068869352341, 0.11445099860429764, 0.11435724049806595, 0.11432050913572311, 0.11428746581077576, 0.1142427921295166, 0.11416029930114746, 0.11415473371744156, 0.11410525441169739, 0.11409103870391846, 0.11406579613685608, 0.11406683176755905, 0.11401928216218948, 0.11390344053506851, 0.11384492367506027, 0.11374612152576447, 0.11365963518619537, 0.11356762796640396, 0.11346307396888733], "accuracy": [0.857337236404419, 0.9385701417922974, 0.9445386528968811, 0.9466646313667297, 0.9481441378593445, 0.9494957327842712, 0.950446605682373, 0.9514102339744568, 0.9521480202674866, 0.9531151056289673, 0.9532815217971802, 0.953508734703064, 0.953688383102417, 0.9537821412086487, 0.9538346529006958, 0.9539635181427002, 0.9540783762931824, 0.9541803598403931, 0.9542099833488464, 0.9543495178222656, 0.9544569849967957, 0.9545672535896301, 0.954624354839325, 0.9546788930892944, 0.9548004865646362, 0.954815149307251, 0.9548132419586182, 0.954875111579895, 0.9549840092658997, 0.9549664855003357, 0.9550036191940308, 0.9550824761390686, 0.9551078677177429, 0.9551308751106262, 0.9551897644996643, 0.9551929831504822, 0.9551852345466614, 0.9552602767944336, 0.9552068710327148, 0.9552388787269592, 0.955298125743866, 0.955289363861084, 0.9552814960479736, 0.9552561044692993, 0.9553806185722351, 0.9553427696228027, 0.9554162621498108, 0.9554350972175598, 0.9554881453514099, 0.9555173516273499], "val_loss": [0.1698707491159439, 0.1431216299533844, 0.13570863008499146, 0.1329338550567627, 0.12941555678844452, 0.1282365918159485, 0.12645789980888367, 0.12465690821409225, 0.12357277423143387, 0.12095621973276138, 0.12112077325582504, 0.12035402655601501, 0.12006788700819016, 0.11969049274921417, 0.11993328481912613, 0.11948509514331818, 0.1194215789437294, 0.1194235160946846, 0.11912409961223602, 0.1192910298705101, 0.11881708353757858, 0.1185646802186966, 0.1186220571398735, 0.11837951093912125, 0.11863211542367935, 0.11856133490800858, 0.11819380521774292, 0.11830636113882065, 0.11826376616954803, 0.11811308562755585, 0.118056520819664, 0.11809845268726349, 0.11786634474992752, 0.1177835464477539, 0.11790537089109421, 0.11784358322620392, 0.11764268577098846, 0.11767563968896866, 0.11780354380607605, 0.11779767274856567, 0.11796917766332626, 0.1177094578742981, 0.1176515594124794, 0.11756779998540878, 0.11755847930908203, 0.11750462651252747, 0.11777328699827194, 0.11742331832647324, 0.1173110082745552, 0.11720973253250122], "val_accuracy": [0.929652988910675, 0.9427940249443054, 0.9459450244903564, 0.9473255276679993, 0.9488109946250916, 0.9493139982223511, 0.9502274990081787, 0.950932502746582, 0.9513635039329529, 0.9523804783821106, 0.9522184729576111, 0.9525344967842102, 0.9528610110282898, 0.9529895186424255, 0.9527590274810791, 0.9531009793281555, 0.9529755115509033, 0.9530019760131836, 0.9531639814376831, 0.9532074928283691, 0.9532104730606079, 0.9534465074539185, 0.9533460140228271, 0.9534714818000793, 0.9533475041389465, 0.9535424709320068, 0.9535315036773682, 0.953590989112854, 0.9536129832267761, 0.9536200165748596, 0.9536204934120178, 0.9536545276641846, 0.953712522983551, 0.9537739753723145, 0.9537839889526367, 0.9537255167961121, 0.9538559913635254, 0.9538459777832031, 0.9537454843521118, 0.9537720084190369, 0.9536615014076233, 0.9537864923477173, 0.953871488571167, 0.9539330005645752, 0.9538769721984863, 0.9539064764976501, 0.9538465142250061, 0.9540655016899109, 0.9539685249328613, 0.9540070295333862], "lr": [0.009999999776482582, 0.008999999612569809, 0.00800000037997961, 0.007000000216066837, 0.006000000052154064, 0.004999999888241291, 0.004000000189989805, 0.003000000026077032, 0.0020000000949949026, 0.0010000000474974513, 0.0009000000427477062, 0.0008100000559352338, 0.0007290000794455409, 0.0006561000482179224, 0.0005904900608584285, 0.0005314410664141178, 0.00047829694813117385, 0.00043046724749729037, 0.0003874205285683274, 0.0003486784698907286, 0.00027894278173334897, 0.00022315423120744526, 0.0001785233907867223, 0.0001428187097189948, 0.00011425496632000431, 9.14039701456204e-05, 7.312317757168785e-05, 5.849854278494604e-05, 4.6798835683148354e-05, 3.7439069274114445e-05, 2.433539521007333e-05, 1.5818006431800313e-05, 1.0281703907821793e-05, 6.683107585558901e-06, 4.344019998825388e-06, 2.8236129310243996e-06, 1.8353483710598084e-06, 1.192976469610585e-06, 7.754347279842477e-07, 5.040325845584448e-07, 3.2762119417384383e-07, 2.1295377905516943e-07, 1.3841994928043277e-07, 8.997296419011036e-08, 5.848242778938584e-08, 3.8013578063100795e-08, 2.4708825208108465e-08, 1.606073674054187e-08, 1.043947861489869e-08, 6.785660922048464e-09]}