{"loss": [0.3388855457305908, 0.1984187215566635, 0.1596394032239914, 0.1463695764541626, 0.14004719257354736, 0.13583539426326752, 0.132606640458107, 0.1299695372581482, 0.12757745385169983, 0.1251756101846695, 0.1245979517698288, 0.12433409690856934, 0.12380213290452957, 0.12348712235689163, 0.12301536649465561, 0.12271091341972351, 0.12245423346757889, 0.1220865547657013, 0.12189045548439026, 0.12166330963373184, 0.12137279659509659, 0.12109316140413284, 0.12083899974822998, 0.12060675024986267, 0.1204957440495491, 0.1202743798494339, 0.12022243440151215, 0.12011516839265823, 0.11999890208244324, 0.11991828680038452, 0.11973542720079422, 0.11959689110517502, 0.11954647302627563, 0.11950597167015076, 0.11936910450458527, 0.11930878460407257, 0.11932384222745895, 0.11924055218696594, 0.11923570185899734, 0.1191665455698967, 0.11910762637853622, 0.11907678097486496, 0.11903779208660126, 0.1189737543463707, 0.11891300976276398, 0.11884424090385437, 0.11880351603031158, 0.11862634867429733, 0.11853782832622528, 0.11838739365339279], "accuracy": [0.8396397233009338, 0.9146260023117065, 0.9343588948249817, 0.9408611059188843, 0.9439422488212585, 0.9459111094474792, 0.9473401308059692, 0.948452889919281, 0.9494863748550415, 0.9505109786987305, 0.9507706165313721, 0.9508862495422363, 0.9511423707008362, 0.9512998461723328, 0.9514802694320679, 0.9516703486442566, 0.9517218470573425, 0.9518923759460449, 0.9519841074943542, 0.9520589709281921, 0.9522050023078918, 0.9523331522941589, 0.9524129033088684, 0.9525395035743713, 0.9526314735412598, 0.9526858925819397, 0.95271235704422, 0.9527586102485657, 0.9527976512908936, 0.9527967572212219, 0.952932596206665, 0.9529356360435486, 0.9529841542243958, 0.9530168771743774, 0.9531010985374451, 0.9531283974647522, 0.953047513961792, 0.9531338810920715, 0.953152596950531, 0.9531750082969666, 0.9531662464141846, 0.9531621336936951, 0.9531771540641785, 0.9531808495521545, 0.9532392621040344, 0.9532728791236877, 0.9532833695411682, 0.9534091353416443, 0.9533947706222534, 0.9534894824028015], "val_loss": [0.23639480769634247, 0.1708827167749405, 0.1514749825000763, 0.14252856373786926, 0.13905617594718933, 0.13616159558296204, 0.1318485587835312, 0.13014663755893707, 0.1288684755563736, 0.12687765061855316, 0.1261848509311676, 0.12574590742588043, 0.12644003331661224, 0.12540151178836823, 0.12487927079200745, 0.1247422993183136, 0.12493573874235153, 0.12442803382873535, 0.1242411658167839, 0.12379329651594162, 0.12392006069421768, 0.12380444258451462, 0.12359108775854111, 0.12384600937366486, 0.12441994249820709, 0.12369605898857117, 0.1233358383178711, 0.12325337529182434, 0.12281645089387894, 0.12316394597291946, 0.12289882451295853, 0.12255997210741043, 0.1228593960404396, 0.12264029681682587, 0.12246076762676239, 0.1225116029381752, 0.12246259301900864, 0.1222962811589241, 0.1222120001912117, 0.12228521704673767, 0.12219082564115524, 0.12204477936029434, 0.12253134697675705, 0.12229461967945099, 0.12211468070745468, 0.12225300073623657, 0.12204241752624512, 0.1221015453338623, 0.1217353567481041, 0.12175142019987106], "val_accuracy": [0.8938980102539062, 0.9288820028305054, 0.9390829801559448, 0.9426519870758057, 0.9445585012435913, 0.9457024931907654, 0.9477130174636841, 0.9484015107154846, 0.9488145112991333, 0.9495620131492615, 0.9500074982643127, 0.9502815008163452, 0.9498720169067383, 0.9503999948501587, 0.9506620168685913, 0.9507330060005188, 0.9505714774131775, 0.9507954716682434, 0.9509034752845764, 0.9510465264320374, 0.9510694742202759, 0.950993001461029, 0.9511774778366089, 0.950970470905304, 0.9510499835014343, 0.9511690139770508, 0.9514175057411194, 0.9512420296669006, 0.9514529705047607, 0.9513375163078308, 0.9515659809112549, 0.9515510201454163, 0.9515475034713745, 0.951497495174408, 0.951683521270752, 0.9517040252685547, 0.9517220258712769, 0.9518100023269653, 0.9517325162887573, 0.951803982257843, 0.9517145156860352, 0.9517729878425598, 0.9516040086746216, 0.9516854882240295, 0.9518265128135681, 0.9517629742622375, 0.9518769979476929, 0.9518535137176514, 0.9519075155258179, 0.9519720077514648], "lr": [0.009999999776482582, 0.008999999612569809, 0.00800000037997961, 0.007000000216066837, 0.006000000052154064, 0.004999999888241291, 0.004000000189989805, 0.003000000026077032, 0.0020000000949949026, 0.0010000000474974513, 0.0009000000427477062, 0.0008100000559352338, 0.0007290000794455409, 0.0006561000482179224, 0.0005904900608584285, 0.0005314410664141178, 0.00047829694813117385, 0.00043046724749729037, 0.0003874205285683274, 0.0003486784698907286, 0.00027894278173334897, 0.00022315423120744526, 0.0001785233907867223, 0.0001428187097189948, 0.00011425496632000431, 9.14039701456204e-05, 7.312317757168785e-05, 5.849854278494604e-05, 4.6798835683148354e-05, 3.7439069274114445e-05, 2.433539521007333e-05, 1.5818006431800313e-05, 1.0281703907821793e-05, 6.683107585558901e-06, 4.344019998825388e-06, 2.8236129310243996e-06, 1.8353483710598084e-06, 1.192976469610585e-06, 7.754347279842477e-07, 5.040325845584448e-07, 3.2762119417384383e-07, 2.1295377905516943e-07, 1.3841994928043277e-07, 8.997296419011036e-08, 5.848242778938584e-08, 3.8013578063100795e-08, 2.4708825208108465e-08, 1.606073674054187e-08, 1.043947861489869e-08, 6.785660922048464e-09]}