{"loss": [0.2724002003669739, 0.14549493789672852, 0.1368878334760666, 0.13269416987895966, 0.13116851449012756, 0.12773403525352478, 0.12571388483047485, 0.12421336024999619, 0.12227156013250351, 0.12051177024841309, 0.11998078972101212, 0.11956965923309326, 0.11911600828170776, 0.11878287047147751, 0.11866548657417297, 0.11828348785638809, 0.11803915351629257, 0.11786436289548874, 0.11772508919239044, 0.11750982701778412, 0.11727208644151688, 0.11709561198949814, 0.11694364249706268, 0.11671289801597595, 0.11656258255243301, 0.11646750569343567, 0.11640574783086777, 0.11626119166612625, 0.11618470400571823, 0.11617828160524368, 0.1159903034567833, 0.1159258559346199, 0.1157434731721878, 0.11569669842720032, 0.11564258486032486, 0.11564487218856812, 0.11561017483472824, 0.11551685631275177, 0.11549999564886093, 0.11552534997463226, 0.1154961884021759, 0.11546686291694641, 0.11542580276727676, 0.11538290977478027, 0.11534400284290314, 0.11529453843832016, 0.1152191236615181, 0.11513928323984146, 0.11502082645893097, 0.11494112014770508], "accuracy": [0.8763561248779297, 0.9415601491928101, 0.9454478621482849, 0.9473226070404053, 0.9479374885559082, 0.9495033621788025, 0.9503493905067444, 0.9510427713394165, 0.9517773985862732, 0.9525692462921143, 0.9528156518936157, 0.952976644039154, 0.9531732797622681, 0.953336238861084, 0.9533596038818359, 0.953521728515625, 0.9536913633346558, 0.9537561535835266, 0.9537721276283264, 0.953913152217865, 0.9539792537689209, 0.9540903568267822, 0.9541429877281189, 0.9543045163154602, 0.9542962312698364, 0.9543185234069824, 0.9543384909629822, 0.9544236063957214, 0.9544601440429688, 0.9544832706451416, 0.9544909000396729, 0.9545339941978455, 0.9546344876289368, 0.9546537399291992, 0.9546912312507629, 0.9546861052513123, 0.954720139503479, 0.9547462463378906, 0.9547374844551086, 0.9547112584114075, 0.9547554850578308, 0.9547906517982483, 0.954738974571228, 0.9547507762908936, 0.9547941088676453, 0.9548438787460327, 0.9548483490943909, 0.9548860192298889, 0.9549472332000732, 0.9549939036369324], "val_loss": [0.1534333974123001, 0.13890311121940613, 0.13378991186618805, 0.13261286914348602, 0.13000242412090302, 0.12796726822853088, 0.1261315494775772, 0.1252349615097046, 0.12335632741451263, 0.12185309082269669, 0.1215667799115181, 0.1213618740439415, 0.12113209068775177, 0.1215679720044136, 0.12053907662630081, 0.12061504274606705, 0.12068488448858261, 0.1201363056898117, 0.12020870298147202, 0.12004716694355011, 0.11989587545394897, 0.11987564712762833, 0.11985455453395844, 0.11970146745443344, 0.11956999450922012, 0.1195916011929512, 0.11930596828460693, 0.11965599656105042, 0.11936399340629578, 0.11948556452989578, 0.11938396096229553, 0.11931780725717545, 0.11900346726179123, 0.11912637948989868, 0.11926276981830597, 0.11906594038009644, 0.11914002150297165, 0.11892633140087128, 0.11917821317911148, 0.11900312453508377, 0.11902564018964767, 0.11884454637765884, 0.11900798976421356, 0.11886914074420929, 0.1188860833644867, 0.11896307021379471, 0.1187659278512001, 0.11869692802429199, 0.11865131556987762, 0.11862243711948395], "val_accuracy": [0.9377359747886658, 0.9444379806518555, 0.9468374848365784, 0.9473655223846436, 0.9485934972763062, 0.94930100440979, 0.9500659704208374, 0.9506555199623108, 0.9512364864349365, 0.9519910216331482, 0.9520750045776367, 0.9521359801292419, 0.9522585272789001, 0.9521129727363586, 0.9525175094604492, 0.952425479888916, 0.9525390267372131, 0.9527180194854736, 0.9527524709701538, 0.9527779817581177, 0.9528214931488037, 0.9528650045394897, 0.952801525592804, 0.9529309868812561, 0.9530274868011475, 0.9529135227203369, 0.9531105160713196, 0.9530155062675476, 0.9531614780426025, 0.9529364705085754, 0.9531729817390442, 0.9531329870223999, 0.9531444907188416, 0.9531599879264832, 0.9531509876251221, 0.9532014727592468, 0.9531664848327637, 0.9533510208129883, 0.9531750082969666, 0.953220009803772, 0.9531689882278442, 0.9532355070114136, 0.953249990940094, 0.9532619714736938, 0.9533569812774658, 0.9531649947166443, 0.9533699750900269, 0.953280508518219, 0.9533190131187439, 0.9533694982528687], "lr": [0.009999999776482582, 0.008999999612569809, 0.00800000037997961, 0.007000000216066837, 0.006000000052154064, 0.004999999888241291, 0.004000000189989805, 0.003000000026077032, 0.0020000000949949026, 0.0010000000474974513, 0.0009000000427477062, 0.0008100000559352338, 0.0007290000794455409, 0.0006561000482179224, 0.0005904900608584285, 0.0005314410664141178, 0.00047829694813117385, 0.00043046724749729037, 0.0003874205285683274, 0.0003486784698907286, 0.00027894278173334897, 0.00022315423120744526, 0.0001785233907867223, 0.0001428187097189948, 0.00011425496632000431, 9.14039701456204e-05, 7.312317757168785e-05, 5.849854278494604e-05, 4.6798835683148354e-05, 3.7439069274114445e-05, 2.433539521007333e-05, 1.5818006431800313e-05, 1.0281703907821793e-05, 6.683107585558901e-06, 4.344019998825388e-06, 2.8236129310243996e-06, 1.8353483710598084e-06, 1.192976469610585e-06, 7.754347279842477e-07, 5.040325845584448e-07, 3.2762119417384383e-07, 2.1295377905516943e-07, 1.3841994928043277e-07, 8.997296419011036e-08, 5.848242778938584e-08, 3.8013578063100795e-08, 2.4708825208108465e-08, 1.606073674054187e-08, 1.043947861489869e-08, 6.785660922048464e-09]}