{"loss": [0.32603150606155396, 0.17656345665454865, 0.15411612391471863, 0.14631351828575134, 0.1418699473142624, 0.13748182356357574, 0.134757399559021, 0.13193145394325256, 0.12963725626468658, 0.12737372517585754, 0.12688471376895905, 0.12642252445220947, 0.12588734924793243, 0.12557241320610046, 0.12527696788311005, 0.1248047947883606, 0.12453342229127884, 0.12428851425647736, 0.12408246845006943, 0.12390672415494919, 0.12355054914951324, 0.12333715707063675, 0.12306228280067444, 0.12289494276046753, 0.12273907661437988, 0.12261991202831268, 0.1223914697766304, 0.12229262292385101, 0.12226050347089767, 0.12214803695678711, 0.12197978049516678, 0.12190089374780655, 0.12179525196552277, 0.12176932394504547, 0.12168114632368088, 0.1215812936425209, 0.12156475335359573, 0.12152432650327682, 0.1214873269200325, 0.12147235870361328, 0.1214781254529953, 0.121468186378479, 0.12140527367591858, 0.12137330323457718, 0.12135859578847885, 0.12126342952251434, 0.12123338878154755, 0.12112756818532944, 0.12103985249996185, 0.12092842161655426], "accuracy": [0.8483669757843018, 0.9267210960388184, 0.9377664923667908, 0.9410941004753113, 0.943230390548706, 0.9452147483825684, 0.9463794827461243, 0.9475263953208923, 0.9485654830932617, 0.9495908617973328, 0.9497343897819519, 0.9499742388725281, 0.9502090215682983, 0.9503353834152222, 0.9505007266998291, 0.9506131410598755, 0.950768232345581, 0.950942873954773, 0.9510250091552734, 0.9510816335678101, 0.9511820077896118, 0.9513336420059204, 0.9513832330703735, 0.9515048861503601, 0.9515392780303955, 0.9516308903694153, 0.9516802430152893, 0.9517191052436829, 0.9517402648925781, 0.9517958760261536, 0.9518635272979736, 0.9518968462944031, 0.9520159959793091, 0.9519266486167908, 0.9520356059074402, 0.9520692229270935, 0.9520930051803589, 0.9520761370658875, 0.9520901441574097, 0.9521371126174927, 0.9520896077156067, 0.9520728588104248, 0.9520867466926575, 0.9520856142044067, 0.9521097540855408, 0.9521697759628296, 0.9522480964660645, 0.9522280097007751, 0.9522161483764648, 0.952331006526947], "val_loss": [0.20791496336460114, 0.16164979338645935, 0.14843317866325378, 0.1441119909286499, 0.1397598534822464, 0.13654690980911255, 0.13573651015758514, 0.13195964694023132, 0.12995396554470062, 0.12882168591022491, 0.12827721238136292, 0.12837210297584534, 0.12721943855285645, 0.12786222994327545, 0.12801170349121094, 0.12697070837020874, 0.12646956741809845, 0.1267865151166916, 0.12601616978645325, 0.1260032057762146, 0.126157745718956, 0.12598159909248352, 0.1259588897228241, 0.12578454613685608, 0.12526673078536987, 0.1257612258195877, 0.12553420662879944, 0.12512308359146118, 0.12518101930618286, 0.12493351846933365, 0.12505881488323212, 0.1250087171792984, 0.12490164488554001, 0.12481540441513062, 0.12476765364408493, 0.12466029077768326, 0.1245959997177124, 0.1244775578379631, 0.12485794723033905, 0.1245364099740982, 0.12459179759025574, 0.12463131546974182, 0.12461461126804352, 0.1244766041636467, 0.12483634799718857, 0.12438801676034927, 0.1244238018989563, 0.12435603886842728, 0.12430204451084137, 0.12423349916934967], "val_accuracy": [0.9103984832763672, 0.9341580271720886, 0.94029301404953, 0.9423925280570984, 0.9442124962806702, 0.9457629919052124, 0.9459835290908813, 0.9476180076599121, 0.9484865069389343, 0.9489244818687439, 0.9491484761238098, 0.9491890072822571, 0.9497230052947998, 0.949413001537323, 0.9494615197181702, 0.9498984813690186, 0.9499725103378296, 0.9499185085296631, 0.9501010179519653, 0.9501489996910095, 0.9500905275344849, 0.9502289891242981, 0.9501615166664124, 0.9502444863319397, 0.950591504573822, 0.9501515030860901, 0.9505015015602112, 0.9505739808082581, 0.9506095051765442, 0.9506660103797913, 0.9507064819335938, 0.9505869746208191, 0.9507160186767578, 0.9507690072059631, 0.9506980180740356, 0.9507684707641602, 0.9507765173912048, 0.9508625268936157, 0.9506934881210327, 0.9508979916572571, 0.9508374929428101, 0.9508140087127686, 0.9508079886436462, 0.9509130120277405, 0.9507235288619995, 0.9508190155029297, 0.9508165121078491, 0.9508885145187378, 0.9509925246238708, 0.9508594870567322], "lr": [0.009999999776482582, 0.008999999612569809, 0.00800000037997961, 0.007000000216066837, 0.006000000052154064, 0.004999999888241291, 0.004000000189989805, 0.003000000026077032, 0.0020000000949949026, 0.0010000000474974513, 0.0009000000427477062, 0.0008100000559352338, 0.0007290000794455409, 0.0006561000482179224, 0.0005904900608584285, 0.0005314410664141178, 0.00047829694813117385, 0.00043046724749729037, 0.0003874205285683274, 0.0003486784698907286, 0.00027894278173334897, 0.00022315423120744526, 0.0001785233907867223, 0.0001428187097189948, 0.00011425496632000431, 9.14039701456204e-05, 7.312317757168785e-05, 5.849854278494604e-05, 4.6798835683148354e-05, 3.7439069274114445e-05, 2.433539521007333e-05, 1.5818006431800313e-05, 1.0281703907821793e-05, 6.683107585558901e-06, 4.344019998825388e-06, 2.8236129310243996e-06, 1.8353483710598084e-06, 1.192976469610585e-06, 7.754347279842477e-07, 5.040325845584448e-07, 3.2762119417384383e-07, 2.1295377905516943e-07, 1.3841994928043277e-07, 8.997296419011036e-08, 5.848242778938584e-08, 3.8013578063100795e-08, 2.4708825208108465e-08, 1.606073674054187e-08, 1.043947861489869e-08, 6.785660922048464e-09]}