{"loss": [0.34304213523864746, 0.1850556880235672, 0.14759376645088196, 0.13959458470344543, 0.13599789142608643, 0.13266319036483765, 0.129911407828331, 0.12773342430591583, 0.12589529156684875, 0.12376454472541809, 0.12335635721683502, 0.12297587841749191, 0.12264232337474823, 0.12226515263319016, 0.12191074341535568, 0.12171312421560287, 0.12145428359508514, 0.1212359219789505, 0.12099751085042953, 0.120843306183815, 0.12056390196084976, 0.12037484347820282, 0.12011208385229111, 0.11995299905538559, 0.1198233887553215, 0.11972176283597946, 0.11962796747684479, 0.11955852061510086, 0.11945446580648422, 0.11935898661613464, 0.11924457550048828, 0.11906439065933228, 0.11901143938302994, 0.11888101696968079, 0.11885163187980652, 0.11885115504264832, 0.11878062039613724, 0.11875095218420029, 0.11866939067840576, 0.11865068972110748, 0.11866579204797745, 0.11868362128734589, 0.11867758631706238, 0.11860425025224686, 0.11858082562685013, 0.11848480999469757, 0.11841730773448944, 0.11831478774547577, 0.11824029684066772, 0.118157759308815], "accuracy": [0.8384293913841248, 0.9221584796905518, 0.9406681060791016, 0.944249153137207, 0.9458180069923401, 0.9472646117210388, 0.9485373497009277, 0.9494832754135132, 0.9502866268157959, 0.9511762261390686, 0.9513493776321411, 0.9515201449394226, 0.9515946507453918, 0.9518076181411743, 0.9520145058631897, 0.9521242380142212, 0.9521744847297668, 0.9522508978843689, 0.9523659944534302, 0.9524201154708862, 0.952605128288269, 0.9526111483573914, 0.9527682662010193, 0.9528212547302246, 0.9529037475585938, 0.9528848528862, 0.9529585242271423, 0.9529913663864136, 0.9530232548713684, 0.9530633687973022, 0.9531386494636536, 0.9531545042991638, 0.9531822204589844, 0.9532229900360107, 0.9532742500305176, 0.9532895088195801, 0.9532677531242371, 0.9533478617668152, 0.9534229040145874, 0.953342854976654, 0.9533412456512451, 0.9533665180206299, 0.9533368945121765, 0.9533597230911255, 0.9533550143241882, 0.953450620174408, 0.9534637331962585, 0.9535046219825745, 0.9535266160964966, 0.9535492658615112], "val_loss": [0.22982105612754822, 0.1564086675643921, 0.14495787024497986, 0.13740582764148712, 0.13414059579372406, 0.1320723593235016, 0.13010667264461517, 0.12899088859558105, 0.1275578886270523, 0.12520495057106018, 0.1250552088022232, 0.1255960911512375, 0.12458919733762741, 0.12418587505817413, 0.12427129596471786, 0.12361542880535126, 0.12412731349468231, 0.12338565289974213, 0.12367981672286987, 0.12343509495258331, 0.12349825352430344, 0.12267567962408066, 0.12284845113754272, 0.12332107871770859, 0.12301863729953766, 0.12292984127998352, 0.12253100425004959, 0.12291312217712402, 0.12240710854530334, 0.1225745677947998, 0.1223573237657547, 0.12265067547559738, 0.12238393723964691, 0.1221107542514801, 0.12245932221412659, 0.12237664312124252, 0.1220230758190155, 0.12211564928293228, 0.1220911294221878, 0.1220170333981514, 0.12205770611763, 0.12215548753738403, 0.12210382521152496, 0.12200184911489487, 0.12176643311977386, 0.12188645452260971, 0.12180034071207047, 0.12181520462036133, 0.12174993753433228, 0.12168599665164948], "val_accuracy": [0.8997874855995178, 0.9363409876823425, 0.9418119788169861, 0.9452030062675476, 0.9467015266418457, 0.9476180076599121, 0.9484815001487732, 0.9488250017166138, 0.9494835138320923, 0.9506744742393494, 0.9506850242614746, 0.9504774808883667, 0.9507064819335938, 0.9509209990501404, 0.9509454965591431, 0.9511910080909729, 0.9509584903717041, 0.9513030052185059, 0.9510974884033203, 0.9513645172119141, 0.9512509703636169, 0.9515929818153381, 0.9514150023460388, 0.9513999819755554, 0.9514480233192444, 0.9516350030899048, 0.9516854882240295, 0.9514899849891663, 0.9517285227775574, 0.9516364932060242, 0.9518074989318848, 0.951645016670227, 0.9517710208892822, 0.9519075155258179, 0.9517444968223572, 0.9517379999160767, 0.9519814848899841, 0.9518229961395264, 0.9517650008201599, 0.9519529938697815, 0.9518545269966125, 0.9517899751663208, 0.951839029788971, 0.9518880248069763, 0.9519824981689453, 0.9518665075302124, 0.9519690275192261, 0.9520279765129089, 0.9520459771156311, 0.9520530104637146], "lr": [0.009999999776482582, 0.008999999612569809, 0.00800000037997961, 0.007000000216066837, 0.006000000052154064, 0.004999999888241291, 0.004000000189989805, 0.003000000026077032, 0.0020000000949949026, 0.0010000000474974513, 0.0009000000427477062, 0.0008100000559352338, 0.0007290000794455409, 0.0006561000482179224, 0.0005904900608584285, 0.0005314410664141178, 0.00047829694813117385, 0.00043046724749729037, 0.0003874205285683274, 0.0003486784698907286, 0.00027894278173334897, 0.00022315423120744526, 0.0001785233907867223, 0.0001428187097189948, 0.00011425496632000431, 9.14039701456204e-05, 7.312317757168785e-05, 5.849854278494604e-05, 4.6798835683148354e-05, 3.7439069274114445e-05, 2.433539521007333e-05, 1.5818006431800313e-05, 1.0281703907821793e-05, 6.683107585558901e-06, 4.344019998825388e-06, 2.8236129310243996e-06, 1.8353483710598084e-06, 1.192976469610585e-06, 7.754347279842477e-07, 5.040325845584448e-07, 3.2762119417384383e-07, 2.1295377905516943e-07, 1.3841994928043277e-07, 8.997296419011036e-08, 5.848242778938584e-08, 3.8013578063100795e-08, 2.4708825208108465e-08, 1.606073674054187e-08, 1.043947861489869e-08, 6.785660922048464e-09]}