{"loss": [0.26603952050209045, 0.14624017477035522, 0.13717010617256165, 0.13300460577011108, 0.12988066673278809, 0.12793028354644775, 0.12555766105651855, 0.12336010485887527, 0.12135125696659088, 0.11923427134752274, 0.11881209909915924, 0.11848529428243637, 0.1180512011051178, 0.11782191693782806, 0.11751900613307953, 0.11737342923879623, 0.11710608005523682, 0.11699292063713074, 0.11675497889518738, 0.11660708487033844, 0.11629801988601685, 0.11602376401424408, 0.11586800962686539, 0.11571290343999863, 0.11563015729188919, 0.11547523736953735, 0.11529023945331573, 0.11522816121578217, 0.11521915346384048, 0.11514077335596085, 0.114957794547081, 0.11479954421520233, 0.11473354697227478, 0.11463696509599686, 0.11455891281366348, 0.11448714882135391, 0.11448690295219421, 0.11445886641740799, 0.11445695161819458, 0.11435823887586594, 0.11432778835296631, 0.11434726417064667, 0.11430234462022781, 0.11427272111177444, 0.11421609669923782, 0.11418420821428299, 0.11408460885286331, 0.11399586498737335, 0.11389695852994919, 0.11377918720245361], "accuracy": [0.8767318725585938, 0.9409967660903931, 0.9452091455459595, 0.9471136331558228, 0.9484913945198059, 0.9493684768676758, 0.950431227684021, 0.9513351321220398, 0.9521903991699219, 0.9530958533287048, 0.9532533884048462, 0.953420102596283, 0.9536168575286865, 0.9536206126213074, 0.9538326263427734, 0.9539137482643127, 0.9540132284164429, 0.9540908932685852, 0.9541680216789246, 0.9542014002799988, 0.9543618559837341, 0.9544462561607361, 0.9544991254806519, 0.9546040296554565, 0.9546237587928772, 0.9546797275543213, 0.9547483921051025, 0.9547759890556335, 0.9547637701034546, 0.9547963738441467, 0.9548993706703186, 0.9549627304077148, 0.9549658894538879, 0.9550431370735168, 0.9550663828849792, 0.9551241397857666, 0.9550642371177673, 0.9550939798355103, 0.9550979733467102, 0.9551617503166199, 0.9551404714584351, 0.9551586508750916, 0.9551952481269836, 0.9551408886909485, 0.9551703929901123, 0.9552510976791382, 0.9552552700042725, 0.9553356170654297, 0.9553377628326416, 0.9553775191307068], "val_loss": [0.15384525060653687, 0.14265522360801697, 0.13480839133262634, 0.1326703131198883, 0.12993477284908295, 0.12944558262825012, 0.12591855227947235, 0.12388838082551956, 0.12247797846794128, 0.12144380807876587, 0.120639368891716, 0.12076326459646225, 0.12029989063739777, 0.12042524665594101, 0.12047289311885834, 0.11972638964653015, 0.11972183734178543, 0.1196780800819397, 0.1200982853770256, 0.11963672190904617, 0.11940432339906693, 0.11897758394479752, 0.11939949542284012, 0.11935140937566757, 0.11906512826681137, 0.11913112550973892, 0.1187136322259903, 0.11925095319747925, 0.11859343945980072, 0.11902322620153427, 0.11867246776819229, 0.11852134019136429, 0.11835391074419022, 0.11837734282016754, 0.1185610368847847, 0.11865541338920593, 0.11824966967105865, 0.11849449574947357, 0.11822177469730377, 0.11831072717905045, 0.11844771355390549, 0.11835654824972153, 0.11832530051469803, 0.11816973984241486, 0.11813010275363922, 0.11812037229537964, 0.11812630295753479, 0.11786679923534393, 0.11789946258068085, 0.11782953888177872], "val_accuracy": [0.9374424815177917, 0.9425010085105896, 0.9463160037994385, 0.9472385048866272, 0.948665976524353, 0.9487919807434082, 0.9503365159034729, 0.9512615203857422, 0.9518100023269653, 0.9521039724349976, 0.9524660110473633, 0.95244300365448, 0.9526749849319458, 0.9526594877243042, 0.9526565074920654, 0.9528794884681702, 0.9528645277023315, 0.9529449939727783, 0.9527379870414734, 0.9530485272407532, 0.9530994892120361, 0.9533050060272217, 0.9531310200691223, 0.9532614946365356, 0.9532604813575745, 0.9532325267791748, 0.9533364772796631, 0.9531564712524414, 0.9535664916038513, 0.9533050060272217, 0.9534389972686768, 0.953405499458313, 0.9535244703292847, 0.9534205198287964, 0.9535250067710876, 0.9534389972686768, 0.9536874890327454, 0.9534419775009155, 0.9535784721374512, 0.9535505175590515, 0.9535204768180847, 0.9535524845123291, 0.953557014465332, 0.9536290168762207, 0.9536600112915039, 0.9536510109901428, 0.9536659717559814, 0.9537389874458313, 0.9537544846534729, 0.9537835121154785], "lr": [0.009999999776482582, 0.008999999612569809, 0.00800000037997961, 0.007000000216066837, 0.006000000052154064, 0.004999999888241291, 0.004000000189989805, 0.003000000026077032, 0.0020000000949949026, 0.0010000000474974513, 0.0009000000427477062, 0.0008100000559352338, 0.0007290000794455409, 0.0006561000482179224, 0.0005904900608584285, 0.0005314410664141178, 0.00047829694813117385, 0.00043046724749729037, 0.0003874205285683274, 0.0003486784698907286, 0.00027894278173334897, 0.00022315423120744526, 0.0001785233907867223, 0.0001428187097189948, 0.00011425496632000431, 9.14039701456204e-05, 7.312317757168785e-05, 5.849854278494604e-05, 4.6798835683148354e-05, 3.7439069274114445e-05, 2.433539521007333e-05, 1.5818006431800313e-05, 1.0281703907821793e-05, 6.683107585558901e-06, 4.344019998825388e-06, 2.8236129310243996e-06, 1.8353483710598084e-06, 1.192976469610585e-06, 7.754347279842477e-07, 5.040325845584448e-07, 3.2762119417384383e-07, 2.1295377905516943e-07, 1.3841994928043277e-07, 8.997296419011036e-08, 5.848242778938584e-08, 3.8013578063100795e-08, 2.4708825208108465e-08, 1.606073674054187e-08, 1.043947861489869e-08, 6.785660922048464e-09]}