{"loss": [0.44163307547569275, 0.41020748019218445, 0.38105377554893494, 0.39033427834510803, 0.3820640742778778, 0.3736558258533478, 0.345903605222702, 0.3534795343875885, 0.3422003388404846, 0.3306485712528229, 0.3276066184043884, 0.34361448884010315, 0.3400002419948578, 0.3591017723083496, 0.32461392879486084, 0.33655500411987305, 0.3334905803203583, 0.31881412863731384, 0.3231271505355835, 0.3436945378780365, 0.31393295526504517, 0.31329748034477234, 0.3127473294734955, 0.311077743768692, 0.3098694086074829, 0.310036301612854, 0.30950990319252014, 0.30881333351135254, 0.3078732490539551, 0.30452996492385864, 0.3048363924026489, 0.3046340346336365, 0.30461978912353516, 0.30448004603385925, 0.3050517439842224, 0.30480289459228516, 0.30623283982276917, 0.30337968468666077, 0.3044990301132202, 0.3045479655265808, 0.30419591069221497, 0.30259275436401367, 0.3016723394393921, 0.30057626962661743, 0.2964862585067749, 0.29365572333335876, 0.2922847867012024, 0.2920628488063812, 0.29123902320861816, 0.2919533848762512], "accuracy": [0.7790095210075378, 0.7871447205543518, 0.8133878707885742, 0.8073567748069763, 0.8046388626098633, 0.8049260973930359, 0.8270458579063416, 0.820457398891449, 0.8317365050315857, 0.8437954783439636, 0.8430566191673279, 0.8156302571296692, 0.823582649230957, 0.813948392868042, 0.8381720185279846, 0.8213350176811218, 0.8293843865394592, 0.8442100286483765, 0.8412594795227051, 0.8030523657798767, 0.8506553769111633, 0.8518916368484497, 0.8513349890708923, 0.852460503578186, 0.8523036241531372, 0.852196991443634, 0.8523914813995361, 0.8527388572692871, 0.8528969883918762, 0.8551899790763855, 0.8553357720375061, 0.855085015296936, 0.8554026484489441, 0.8550442457199097, 0.8546234965324402, 0.8551042675971985, 0.8543796539306641, 0.8558306097984314, 0.8549755215644836, 0.8551855087280273, 0.8553609848022461, 0.8564341068267822, 0.8573830127716064, 0.8576275110244751, 0.8600298762321472, 0.8623493909835815, 0.8633197546005249, 0.8634430170059204, 0.863339364528656, 0.861274778842926], "val_loss": [0.3800458610057831, 0.3759883940219879, 0.36418813467025757, 0.3546363413333893, 0.35934969782829285, 0.3315790891647339, 0.3384454548358917, 0.36417263746261597, 0.3289364278316498, 0.340684711933136, 0.3127906918525696, 0.32202431559562683, 0.3706206679344177, 0.3312170207500458, 0.3205193877220154, 0.32051756978034973, 0.3117689788341522, 0.32755619287490845, 0.3219767212867737, 0.3174128532409668, 0.3310048580169678, 0.3065953850746155, 0.3022502064704895, 0.3425646126270294, 0.3065641522407532, 0.30968207120895386, 0.35179752111434937, 0.3016476333141327, 0.3070034682750702, 0.29878172278404236, 0.3183370530605316, 0.3112757205963135, 0.2969757914543152, 0.30569586157798767, 0.3035447299480438, 0.3058846890926361, 0.30061596632003784, 0.2974281907081604, 0.3007299304008484, 0.3000251054763794, 0.3200050890445709, 0.2979472875595093, 0.29672709107398987, 0.299842894077301, 0.2925502061843872, 0.29332780838012695, 0.29114580154418945, 0.2943422198295593, 0.291942298412323, 0.291942298412323], "val_accuracy": [0.8041235208511353, 0.8166195154190063, 0.8219854831695557, 0.837244987487793, 0.8228715062141418, 0.8484094738960266, 0.8403270244598389, 0.8066595196723938, 0.8507235050201416, 0.8313850164413452, 0.8559924960136414, 0.8428955078125, 0.7629625201225281, 0.832813024520874, 0.8530415296554565, 0.8543505072593689, 0.8496775031089783, 0.8326634764671326, 0.8539994955062866, 0.8284199833869934, 0.8543865084648132, 0.8536555171012878, 0.8596199750900269, 0.7970929741859436, 0.8563889861106873, 0.848626971244812, 0.7809885144233704, 0.860026478767395, 0.8607869744300842, 0.8615890145301819, 0.8436024785041809, 0.859000027179718, 0.862952470779419, 0.8494849801063538, 0.8556550145149231, 0.8606079816818237, 0.8603180050849915, 0.8601179718971252, 0.8619300127029419, 0.8604745268821716, 0.8496360182762146, 0.8602749705314636, 0.8591884970664978, 0.8566794991493225, 0.8651509881019592, 0.8617544770240784, 0.863448977470398, 0.8596749901771545, 0.8613259792327881, 0.8613269925117493], "lr": [0.009999999776482582, 0.008999999612569809, 0.00800000037997961, 0.007000000216066837, 0.006000000052154064, 0.004999999888241291, 0.004000000189989805, 0.003000000026077032, 0.0020000000949949026, 0.0010000000474974513, 0.0009000000427477062, 0.0008100000559352338, 0.0007290000794455409, 0.0006561000482179224, 0.0005904900608584285, 0.0005314410664141178, 0.00047829694813117385, 0.00043046724749729037, 0.0003874205285683274, 0.0003486784698907286, 0.00027894278173334897, 0.00022315423120744526, 0.0001785233907867223, 0.0001428187097189948, 0.00011425496632000431, 9.14039701456204e-05, 7.312317757168785e-05, 5.849854278494604e-05, 4.6798835683148354e-05, 3.7439069274114445e-05, 2.433539521007333e-05, 1.5818006431800313e-05, 1.0281703907821793e-05, 6.683107585558901e-06, 4.344019998825388e-06, 2.8236129310243996e-06, 1.8353483710598084e-06, 1.192976469610585e-06, 7.754347279842477e-07, 5.040325845584448e-07, 3.2762119417384383e-07, 2.1295377905516943e-07, 1.3841994928043277e-07, 8.997296419011036e-08, 5.848242778938584e-08, 3.8013578063100795e-08, 2.4708825208108465e-08, 1.606073674054187e-08, 1.043947861489869e-08, 6.785660922048464e-09]}