{"loss": [0.28658527135849, 0.15606367588043213, 0.14391180872917175, 0.13320063054561615, 0.1294430047273636, 0.12681880593299866, 0.1239514946937561, 0.12178121507167816, 0.11969099938869476, 0.11757792532444, 0.1168905720114708, 0.11642447113990784, 0.11599858105182648, 0.11576437205076218, 0.11527963727712631, 0.11503307521343231, 0.11472869664430618, 0.11453331261873245, 0.11430593580007553, 0.1140846386551857, 0.11383678019046783, 0.11364583671092987, 0.11348108947277069, 0.11335382610559464, 0.11322115361690521, 0.11312182247638702, 0.11303818970918655, 0.1129755973815918, 0.11290105432271957, 0.11285993456840515, 0.11277709156274796, 0.11272364854812622, 0.11267721652984619, 0.1126432716846466, 0.1126192957162857, 0.11260221153497696, 0.11257839947938919, 0.11256447434425354, 0.11255190521478653, 0.11254462599754333, 0.11254167556762695, 0.11253330111503601, 0.11252254247665405, 0.11250834167003632, 0.11249759048223495, 0.11248315870761871, 0.11247728019952774, 0.1124696135520935, 0.11246182024478912, 0.11245067417621613], "accuracy": [0.8663632273674011, 0.9360626339912415, 0.9419797658920288, 0.9468323588371277, 0.9485923647880554, 0.9497461318969727, 0.9510238766670227, 0.9519301056861877, 0.9528781175613403, 0.9537134766578674, 0.9540243744850159, 0.9542015194892883, 0.9543838500976562, 0.9544618725776672, 0.9547179937362671, 0.9548038840293884, 0.9549366235733032, 0.9550378918647766, 0.9550905227661133, 0.9552105069160461, 0.955274224281311, 0.9553835988044739, 0.9554442763328552, 0.9555215239524841, 0.9555738568305969, 0.9556074738502502, 0.9556652307510376, 0.9556336402893066, 0.9557299017906189, 0.9557446241378784, 0.9557279944419861, 0.9557456374168396, 0.9557877779006958, 0.9557945132255554, 0.9558136463165283, 0.9558136463165283, 0.955794632434845, 0.9558311104774475, 0.9558328986167908, 0.9558332562446594, 0.9558537602424622, 0.9558364748954773, 0.9558573961257935, 0.9558492302894592, 0.955880880355835, 0.9558581113815308, 0.9558932781219482, 0.9558680057525635, 0.9558796286582947, 0.9558809995651245], "val_loss": [0.178265780210495, 0.14205767214298248, 0.144379660487175, 0.13157829642295837, 0.13348251581192017, 0.12743189930915833, 0.12494675815105438, 0.12319045513868332, 0.12144839763641357, 0.1199076920747757, 0.11941149830818176, 0.11936453729867935, 0.11882143467664719, 0.11866070330142975, 0.11854636669158936, 0.11845693737268448, 0.11836734414100647, 0.11829636245965958, 0.11805535852909088, 0.11809313297271729, 0.11794020980596542, 0.1176382377743721, 0.11787058413028717, 0.11778625845909119, 0.11762528121471405, 0.11753494292497635, 0.11760733276605606, 0.11753277480602264, 0.117587611079216, 0.11752783507108688, 0.11756076663732529, 0.11750251799821854, 0.11750383675098419, 0.11748364567756653, 0.11743857711553574, 0.11747230589389801, 0.11745502799749374, 0.11746799200773239, 0.11744754016399384, 0.11744824796915054, 0.11743462830781937, 0.11743082106113434, 0.11744145303964615, 0.11738809198141098, 0.1174224242568016, 0.11742646247148514, 0.11736796051263809, 0.11739473789930344, 0.11738472431898117, 0.11737515777349472], "val_accuracy": [0.9246739745140076, 0.9429000020027161, 0.9419969916343689, 0.947629988193512, 0.9467629790306091, 0.9496300220489502, 0.9505195021629333, 0.9514650106430054, 0.9521589875221252, 0.9526864886283875, 0.95295649766922, 0.9529504776000977, 0.9531344771385193, 0.9533720016479492, 0.953276515007019, 0.9533569812774658, 0.9533475041389465, 0.9534994959831238, 0.9536435008049011, 0.9534854888916016, 0.9535844922065735, 0.9537360072135925, 0.9536365270614624, 0.9535934925079346, 0.9537085294723511, 0.9537525177001953, 0.9537500143051147, 0.9537835121154785, 0.9536615014076233, 0.9537820219993591, 0.953702986240387, 0.9537680149078369, 0.9537624716758728, 0.9537479877471924, 0.9538429975509644, 0.9537529945373535, 0.9537925124168396, 0.9537060260772705, 0.9537829756736755, 0.9538159966468811, 0.9537690281867981, 0.9537944793701172, 0.9537479877471924, 0.9538390040397644, 0.9538044929504395, 0.9538044929504395, 0.9537824988365173, 0.9538289904594421, 0.9538189768791199, 0.9537709951400757], "lr": [0.009999999776482582, 0.008999999612569809, 0.00800000037997961, 0.007000000216066837, 0.006000000052154064, 0.004999999888241291, 0.004000000189989805, 0.003000000026077032, 0.0020000000949949026, 0.0010000000474974513, 0.0009000000427477062, 0.0008100000559352338, 0.0007290000794455409, 0.0006561000482179224, 0.0005904900608584285, 0.0005314410664141178, 0.00047829694813117385, 0.00043046724749729037, 0.0003874205285683274, 0.0003486784698907286, 0.00027894278173334897, 0.00022315423120744526, 0.0001785233907867223, 0.0001428187097189948, 0.00011425496632000431, 9.14039701456204e-05, 7.312317757168785e-05, 5.849854278494604e-05, 4.6798835683148354e-05, 3.7439069274114445e-05, 2.433539521007333e-05, 1.5818006431800313e-05, 1.0281703907821793e-05, 6.683107585558901e-06, 4.344019998825388e-06, 2.8236129310243996e-06, 1.8353483710598084e-06, 1.192976469610585e-06, 7.754347279842477e-07, 5.040325845584448e-07, 3.2762119417384383e-07, 2.1295377905516943e-07, 1.3841994928043277e-07, 8.997296419011036e-08, 5.848242778938584e-08, 3.8013578063100795e-08, 2.4708825208108465e-08, 1.606073674054187e-08, 1.043947861489869e-08, 6.785660922048464e-09]}