{"loss": [0.30710941553115845, 0.1979469656944275, 0.17447233200073242, 0.17127065360546112, 0.1698249727487564, 0.1876833587884903, 0.1563204973936081, 0.15238724648952484, 0.14863137900829315, 0.14491140842437744, 0.14468270540237427, 0.14381226897239685, 0.1427331268787384, 0.14257487654685974, 0.14209625124931335, 0.14161351323127747, 0.14113599061965942, 0.14084289968013763, 0.14078611135482788, 0.14055655896663666, 0.13964717090129852, 0.13953137397766113, 0.14061830937862396, 0.13809233903884888, 0.13824839890003204, 0.13807931542396545, 0.13866689801216125, 0.13778211176395416, 0.13784874975681305, 0.1379154622554779, 0.13731609284877777, 0.13700638711452484, 0.1366669237613678, 0.13671186566352844, 0.1365380585193634, 0.13646918535232544, 0.1363060623407364, 0.13623082637786865, 0.13627038896083832, 0.13617020845413208, 0.13607922196388245, 0.136090487241745, 0.13551372289657593, 0.13537150621414185, 0.13474614918231964, 0.13418179750442505, 0.1335771381855011, 0.1326785832643509, 0.13175952434539795, 0.1311863213777542], "accuracy": [0.8549088835716248, 0.9147515296936035, 0.9279287457466125, 0.9292331337928772, 0.9304949045181274, 0.9206956028938293, 0.9368218779563904, 0.9388822317123413, 0.940519392490387, 0.9419596195220947, 0.9421328902244568, 0.9424858689308167, 0.9429267644882202, 0.9429886341094971, 0.9431838989257812, 0.9434031248092651, 0.9435757398605347, 0.9437819719314575, 0.9437559843063354, 0.9439015984535217, 0.9442627429962158, 0.9443125128746033, 0.9438653588294983, 0.9448994994163513, 0.9447917342185974, 0.9448622465133667, 0.9446322321891785, 0.9450136423110962, 0.9450488686561584, 0.9449685215950012, 0.9452536106109619, 0.945361852645874, 0.9454256296157837, 0.94541335105896, 0.945537269115448, 0.9455255270004272, 0.9456347227096558, 0.9456643462181091, 0.945651650428772, 0.9455986022949219, 0.9456396102905273, 0.945679247379303, 0.9459823966026306, 0.9460077285766602, 0.9461858868598938, 0.9464600086212158, 0.9466860294342041, 0.9470511078834534, 0.9474173784255981, 0.9476138949394226], "val_loss": [0.23162010312080383, 0.2142677903175354, 0.16291499137878418, 0.18071745336055756, 0.15555135905742645, 0.16159114241600037, 0.15488320589065552, 0.14892812073230743, 0.14643621444702148, 0.1485060155391693, 0.14584389328956604, 0.14430685341358185, 0.1418015956878662, 0.14450819790363312, 0.14104382693767548, 0.14137589931488037, 0.14082249999046326, 0.14090058207511902, 0.14067785441875458, 0.14046494662761688, 0.1407630294561386, 0.1438843309879303, 0.13932591676712036, 0.14010009169578552, 0.13811847567558289, 0.13970884680747986, 0.13965417444705963, 0.13949139416217804, 0.14074476063251495, 0.14025244116783142, 0.1383499801158905, 0.1384926438331604, 0.13974009454250336, 0.13877439498901367, 0.13738960027694702, 0.13775785267353058, 0.13788548111915588, 0.1389654129743576, 0.13766464591026306, 0.13788551092147827, 0.13764049112796783, 0.1382560133934021, 0.13750314712524414, 0.1360333263874054, 0.1370939314365387, 0.13566988706588745, 0.13503098487854004, 0.13459119200706482, 0.13321278989315033, 0.13303595781326294], "val_accuracy": [0.8969039916992188, 0.9081825017929077, 0.9336305260658264, 0.9228094816207886, 0.9369969964027405, 0.9339519739151001, 0.9377915263175964, 0.9400115013122559, 0.9413849711418152, 0.9408664703369141, 0.9421725273132324, 0.9423155188560486, 0.943305492401123, 0.9426479935646057, 0.9437465071678162, 0.9435495138168335, 0.9437230229377747, 0.9437749981880188, 0.9438859820365906, 0.9439085125923157, 0.9437515139579773, 0.9428175091743469, 0.9440134763717651, 0.9446110129356384, 0.944850504398346, 0.9442409873008728, 0.9443845152854919, 0.9442840218544006, 0.9439280033111572, 0.9439345002174377, 0.944845974445343, 0.9447770118713379, 0.944242000579834, 0.9447245001792908, 0.9451864957809448, 0.9454159736633301, 0.94490647315979, 0.9443079829216003, 0.9449465274810791, 0.944954514503479, 0.9453244805335999, 0.9450525045394897, 0.9450939893722534, 0.9459574818611145, 0.9453880190849304, 0.9458860158920288, 0.9460899829864502, 0.9463515281677246, 0.9468324780464172, 0.9468234777450562], "lr": [0.009999999776482582, 0.008999999612569809, 0.00800000037997961, 0.007000000216066837, 0.006000000052154064, 0.004999999888241291, 0.004000000189989805, 0.003000000026077032, 0.0020000000949949026, 0.0010000000474974513, 0.0009000000427477062, 0.0008100000559352338, 0.0007290000794455409, 0.0006561000482179224, 0.0005904900608584285, 0.0005314410664141178, 0.00047829694813117385, 0.00043046724749729037, 0.0003874205285683274, 0.0003486784698907286, 0.00027894278173334897, 0.00022315423120744526, 0.0001785233907867223, 0.0001428187097189948, 0.00011425496632000431, 9.14039701456204e-05, 7.312317757168785e-05, 5.849854278494604e-05, 4.6798835683148354e-05, 3.7439069274114445e-05, 2.433539521007333e-05, 1.5818006431800313e-05, 1.0281703907821793e-05, 6.683107585558901e-06, 4.344019998825388e-06, 2.8236129310243996e-06, 1.8353483710598084e-06, 1.192976469610585e-06, 7.754347279842477e-07, 5.040325845584448e-07, 3.2762119417384383e-07, 2.1295377905516943e-07, 1.3841994928043277e-07, 8.997296419011036e-08, 5.848242778938584e-08, 3.8013578063100795e-08, 2.4708825208108465e-08, 1.606073674054187e-08, 1.043947861489869e-08, 6.785660922048464e-09]}