{"loss": [0.3522288501262665, 0.2623465955257416, 0.2220788598060608, 0.2036912739276886, 0.19281913340091705, 0.18777425587177277, 0.17670613527297974, 0.17132899165153503, 0.17835946381092072, 0.16186241805553436, 0.16176919639110565, 0.16184663772583008, 0.16099148988723755, 0.16048559546470642, 0.16009202599525452, 0.1607012152671814, 0.15768645703792572, 0.17254222929477692, 0.15537822246551514, 0.15594741702079773, 0.15622447431087494, 0.15750037133693695, 0.15680031478405, 0.15758241713047028, 0.15748126804828644, 0.15610088407993317, 0.15586881339550018, 0.15583562850952148, 0.15703058242797852, 0.15461428463459015, 0.15517349541187286, 0.1538967788219452, 0.1542772501707077, 0.15358813107013702, 0.15372993052005768, 0.15361660718917847, 0.1535925418138504, 0.15309181809425354, 0.15257059037685394, 0.15232308208942413, 0.15388590097427368, 0.15268254280090332, 0.15286819636821747, 0.15017925202846527, 0.15020687878131866, 0.14910788834095, 0.1455737203359604, 0.14872212707996368, 0.1456569880247116, 0.14484740793704987], "accuracy": [0.8310332298278809, 0.880606472492218, 0.903231143951416, 0.9127371311187744, 0.9183211326599121, 0.9209169745445251, 0.9264773726463318, 0.9294909834861755, 0.926056981086731, 0.9338153600692749, 0.9339963793754578, 0.9340123534202576, 0.934260368347168, 0.9345468878746033, 0.9347813725471497, 0.934433102607727, 0.9357830286026001, 0.9283881187438965, 0.9366907477378845, 0.9364887475967407, 0.9363325238227844, 0.9359714984893799, 0.9364150166511536, 0.9362661242485046, 0.93621426820755, 0.9369527697563171, 0.9370677471160889, 0.9369972348213196, 0.9366284012794495, 0.9372893571853638, 0.9371406435966492, 0.93758624792099, 0.9376066327095032, 0.9378202557563782, 0.9376422762870789, 0.9378742575645447, 0.9380335211753845, 0.9381042718887329, 0.9381187558174133, 0.9382280111312866, 0.9381733536720276, 0.9383426308631897, 0.9383877515792847, 0.9390091300010681, 0.9392823576927185, 0.9398267269134521, 0.9406610131263733, 0.9403818845748901, 0.9407930970191956, 0.9408878684043884], "val_loss": [0.26936325430870056, 0.2361067235469818, 0.21428047120571136, 0.19662226736545563, 0.5094625353813171, 0.17894436419010162, 0.17321783304214478, 0.16619764268398285, 0.1654096394777298, 0.1619316190481186, 0.15845660865306854, 0.16446365416049957, 0.1610444188117981, 0.15908394753932953, 0.15840545296669006, 0.1585727035999298, 0.15829257667064667, 0.1561499387025833, 0.15652288496494293, 0.15625138580799103, 0.1548357903957367, 0.15814955532550812, 0.1800084412097931, 0.15915755927562714, 0.15468621253967285, 0.156280517578125, 0.1756621152162552, 0.15640394389629364, 0.15372689068317413, 0.1562155783176422, 0.1736830770969391, 0.15418057143688202, 0.15125462412834167, 0.15757110714912415, 0.16416482627391815, 0.16069404780864716, 0.1521076112985611, 0.1530713587999344, 0.15272743999958038, 0.1503993570804596, 0.16874286532402039, 0.15040965378284454, 0.15018101036548615, 0.15290726721286774, 0.15145884454250336, 0.1484917849302292, 0.171937495470047, 0.14658546447753906, 0.1457967758178711, 0.1458321213722229], "val_accuracy": [0.8770430088043213, 0.8971670269966125, 0.9098755121231079, 0.9178835153579712, 0.7604184746742249, 0.9241304993629456, 0.9284924864768982, 0.9315029978752136, 0.9325684905052185, 0.9338859915733337, 0.9350944757461548, 0.9339705109596252, 0.9346665143966675, 0.9353740215301514, 0.9352629780769348, 0.9349164962768555, 0.935886025428772, 0.9361670017242432, 0.9361875057220459, 0.9362969994544983, 0.9365720152854919, 0.9345840215682983, 0.9359930157661438, 0.9348649978637695, 0.9371204972267151, 0.9358584880828857, 0.9355924725532532, 0.9361600279808044, 0.9370980262756348, 0.9364925026893616, 0.9368274807929993, 0.9379730224609375, 0.938229501247406, 0.9374284744262695, 0.9353539943695068, 0.9383280277252197, 0.9382280111312866, 0.9372829794883728, 0.937358021736145, 0.9386199712753296, 0.9379104971885681, 0.9385020136833191, 0.9389370083808899, 0.9373894929885864, 0.9390454888343811, 0.939455509185791, 0.9379764795303345, 0.9403064846992493, 0.9405325055122375, 0.9405509829521179], "lr": [0.009999999776482582, 0.008999999612569809, 0.00800000037997961, 0.007000000216066837, 0.006000000052154064, 0.004999999888241291, 0.004000000189989805, 0.003000000026077032, 0.0020000000949949026, 0.0010000000474974513, 0.0009000000427477062, 0.0008100000559352338, 0.0007290000794455409, 0.0006561000482179224, 0.0005904900608584285, 0.0005314410664141178, 0.00047829694813117385, 0.00043046724749729037, 0.0003874205285683274, 0.0003486784698907286, 0.00027894278173334897, 0.00022315423120744526, 0.0001785233907867223, 0.0001428187097189948, 0.00011425496632000431, 9.14039701456204e-05, 7.312317757168785e-05, 5.849854278494604e-05, 4.6798835683148354e-05, 3.7439069274114445e-05, 2.433539521007333e-05, 1.5818006431800313e-05, 1.0281703907821793e-05, 6.683107585558901e-06, 4.344019998825388e-06, 2.8236129310243996e-06, 1.8353483710598084e-06, 1.192976469610585e-06, 7.754347279842477e-07, 5.040325845584448e-07, 3.2762119417384383e-07, 2.1295377905516943e-07, 1.3841994928043277e-07, 8.997296419011036e-08, 5.848242778938584e-08, 3.8013578063100795e-08, 2.4708825208108465e-08, 1.606073674054187e-08, 1.043947861489869e-08, 6.785660922048464e-09]}