{"loss": [0.3445679545402527, 0.17207564413547516, 0.14418840408325195, 0.13741783797740936, 0.13297097384929657, 0.1294153779745102, 0.12682880461215973, 0.12442433089017868, 0.12209045141935349, 0.11975108832120895, 0.11909109354019165, 0.11852024495601654, 0.11810331791639328, 0.11764129996299744, 0.11724349856376648, 0.11691253632307053, 0.11656609177589417, 0.11624741554260254, 0.1160065233707428, 0.11576606333255768, 0.11544056981801987, 0.11516104638576508, 0.11494319885969162, 0.11476363241672516, 0.1146203801035881, 0.11448808014392853, 0.11438660323619843, 0.11430736631155014, 0.11424537748098373, 0.11418867856264114, 0.11412655562162399, 0.11408185958862305, 0.11405183374881744, 0.11403367668390274, 0.11402040719985962, 0.11401211470365524, 0.11400581151247025, 0.11400183290243149, 0.11399951577186584, 0.1139979362487793, 0.11399673670530319, 0.11399614810943604, 0.11399561166763306, 0.11399535089731216, 0.11399513483047485, 0.1139950081706047, 0.11399489641189575, 0.11399483680725098, 0.11399488896131516, 0.11399483680725098], "accuracy": [0.8358977437019348, 0.9286657571792603, 0.942139744758606, 0.9452307224273682, 0.9471697211265564, 0.9487407207489014, 0.9499742388725281, 0.9508270025253296, 0.9518535137176514, 0.9528909921646118, 0.953163743019104, 0.953474223613739, 0.9536309838294983, 0.9538552761077881, 0.9540125131607056, 0.9540759921073914, 0.9542622566223145, 0.9543932676315308, 0.9545437693595886, 0.9546132683753967, 0.9547315239906311, 0.9548414945602417, 0.9549360275268555, 0.9550042748451233, 0.9551075100898743, 0.9551374912261963, 0.9551854729652405, 0.9552252292633057, 0.9552262425422668, 0.9552702307701111, 0.9552909731864929, 0.9553122520446777, 0.9553307294845581, 0.9553242325782776, 0.9553397297859192, 0.9553487300872803, 0.955334484577179, 0.9553555250167847, 0.9553465247154236, 0.9553487300872803, 0.9553520083427429, 0.9553497433662415, 0.9553499817848206, 0.9553505182266235, 0.9553495049476624, 0.9553507566452026, 0.9553505182266235, 0.9553499817848206, 0.9553502202033997, 0.9553502202033997], "val_loss": [0.21974816918373108, 0.15239092707633972, 0.1418297290802002, 0.1365327537059784, 0.13374295830726624, 0.13137157261371613, 0.12912699580192566, 0.12726621329784393, 0.12540437281131744, 0.12440650910139084, 0.1239987164735794, 0.12397546321153641, 0.12345509231090546, 0.123512864112854, 0.12347504496574402, 0.12325803190469742, 0.12309664487838745, 0.12287241965532303, 0.12282537668943405, 0.12291083484888077, 0.12267343699932098, 0.12251584976911545, 0.1226307675242424, 0.12247592210769653, 0.1224917396903038, 0.12248877435922623, 0.12247474491596222, 0.12246477603912354, 0.12246048450469971, 0.12244205176830292, 0.12246100604534149, 0.12243968993425369, 0.12243854999542236, 0.12243875116109848, 0.12243960797786713, 0.12244068831205368, 0.12244018912315369, 0.12244060635566711, 0.122441366314888, 0.12244091182947159, 0.12244090437889099, 0.1224408745765686, 0.12244091182947159, 0.122440867125988, 0.1224408745765686, 0.1224408894777298, 0.12244090437889099, 0.1224408894777298, 0.1224408969283104, 0.1224408969283104], "val_accuracy": [0.9041240215301514, 0.9382629990577698, 0.9435700178146362, 0.9455140233039856, 0.946628987789154, 0.9476420283317566, 0.9485329985618591, 0.9494540095329285, 0.9500740170478821, 0.9506289958953857, 0.950842022895813, 0.9506660103797913, 0.9508829712867737, 0.9509699940681458, 0.9509729743003845, 0.9509750008583069, 0.9509950280189514, 0.9512159824371338, 0.9512310028076172, 0.9512119889259338, 0.9512720108032227, 0.9514009952545166, 0.9513339996337891, 0.951367974281311, 0.9513440132141113, 0.9513710141181946, 0.9514099955558777, 0.9513829946517944, 0.9513909816741943, 0.9514300227165222, 0.9514110088348389, 0.9514089822769165, 0.9514089822769165, 0.9514279961585999, 0.9514470100402832, 0.9514369964599609, 0.9514449834823608, 0.9514510035514832, 0.9514449834823608, 0.9514430165290833, 0.9514489769935608, 0.9514439702033997, 0.9514430165290833, 0.9514420032501221, 0.9514430165290833, 0.9514420032501221, 0.9514430165290833, 0.9514430165290833, 0.9514430165290833, 0.9514430165290833], "lr": [0.009999999776482582, 0.008999999612569809, 0.00800000037997961, 0.007000000216066837, 0.006000000052154064, 0.004999999888241291, 0.004000000189989805, 0.003000000026077032, 0.0020000000949949026, 0.0010000000474974513, 0.0009000000427477062, 0.0008100000559352338, 0.0007290000794455409, 0.0006561000482179224, 0.0005904900608584285, 0.0005314410664141178, 0.00047829694813117385, 0.00043046724749729037, 0.0003874205285683274, 0.0003486784698907286, 0.00027894278173334897, 0.00022315423120744526, 0.0001785233907867223, 0.0001428187097189948, 0.00011425496632000431, 9.14039701456204e-05, 7.312317757168785e-05, 5.849854278494604e-05, 4.6798835683148354e-05, 3.7439069274114445e-05, 2.433539521007333e-05, 1.5818006431800313e-05, 1.0281703907821793e-05, 6.683107585558901e-06, 4.344019998825388e-06, 2.8236129310243996e-06, 1.8353483710598084e-06, 1.192976469610585e-06, 7.754347279842477e-07, 5.040325845584448e-07, 3.2762119417384383e-07, 2.1295377905516943e-07, 1.3841994928043277e-07, 8.997296419011036e-08, 5.848242778938584e-08, 3.8013578063100795e-08, 2.4708825208108465e-08, 1.606073674054187e-08, 1.043947861489869e-08, 6.785660922048464e-09]}