{"loss": [0.42195069789886475, 0.2518446445465088, 0.17845791578292847, 0.15265943109989166, 0.14467863738536835, 0.13909798860549927, 0.13481809198856354, 0.13125191628932953, 0.12824910879135132, 0.12537796795368195, 0.12435901165008545, 0.12357673048973083, 0.12301208078861237, 0.12229785323143005, 0.12176916748285294, 0.12133808434009552, 0.12084539234638214, 0.12043999880552292, 0.12005561590194702, 0.11975462734699249, 0.11931144446134567, 0.11897683888673782, 0.11865916103124619, 0.11842256784439087, 0.11824696511030197, 0.11808636784553528, 0.11795756220817566, 0.11785691231489182, 0.11776547133922577, 0.11769989877939224, 0.11762160807847977, 0.11756918579339981, 0.11753453314304352, 0.11750850826501846, 0.11749345064163208, 0.11748314648866653, 0.1174764558672905, 0.11747200042009354, 0.11746914684772491, 0.11746732145547867, 0.11746599525213242, 0.11746517568826675, 0.11746460944414139, 0.1174643263220787, 0.117464080452919, 0.11746389418840408, 0.1174638569355011, 0.11746376007795334, 0.11746372282505035, 0.11746370792388916], "accuracy": [0.793624997138977, 0.8889718651771545, 0.9257356524467468, 0.938011884689331, 0.9418006539344788, 0.9442012310028076, 0.9462075233459473, 0.9478162527084351, 0.9489374756813049, 0.9503293633460999, 0.9506906270980835, 0.9511206150054932, 0.9514418840408325, 0.9517162442207336, 0.9520218968391418, 0.9520906209945679, 0.9523493647575378, 0.952489972114563, 0.9526975154876709, 0.9528443813323975, 0.9530356526374817, 0.9532155990600586, 0.9533056020736694, 0.9534243941307068, 0.9534912705421448, 0.9535655975341797, 0.9536156058311462, 0.9536837339401245, 0.9537543654441833, 0.9537281394004822, 0.9537649750709534, 0.9538212418556213, 0.9538174867630005, 0.9538493752479553, 0.9538681507110596, 0.9538531303405762, 0.9538556337356567, 0.9538649916648865, 0.9538662433624268, 0.9538681507110596, 0.9538649916648865, 0.9538699984550476, 0.9538681507110596, 0.9538681507110596, 0.9538687467575073, 0.9538681507110596, 0.9538681507110596, 0.9538687467575073, 0.9538694024085999, 0.9538694024085999], "val_loss": [0.3104538023471832, 0.20380665361881256, 0.1594516783952713, 0.14875322580337524, 0.14441069960594177, 0.13929983973503113, 0.1375141143798828, 0.13502119481563568, 0.13407614827156067, 0.13268758356571198, 0.13221679627895355, 0.132315993309021, 0.13200624287128448, 0.1319946050643921, 0.1320430189371109, 0.13180986046791077, 0.1317628026008606, 0.1318405568599701, 0.13180266320705414, 0.1316932588815689, 0.13193117082118988, 0.1315270960330963, 0.13151420652866364, 0.1315590888261795, 0.13156528770923615, 0.13152383267879486, 0.13150526583194733, 0.13151252269744873, 0.13151410222053528, 0.13148164749145508, 0.13148918747901917, 0.1315237134695053, 0.1315050721168518, 0.1315145045518875, 0.13150998950004578, 0.13150984048843384, 0.1315116137266159, 0.13151225447654724, 0.13151313364505768, 0.13151277601718903, 0.13151276111602783, 0.13151268661022186, 0.1315128058195114, 0.1315128207206726, 0.13151279091835022, 0.1315128058195114, 0.1315128058195114, 0.13151277601718903, 0.1315128058195114, 0.1315128058195114], "val_accuracy": [0.8571925163269043, 0.9126499891281128, 0.9346774816513062, 0.9402124881744385, 0.9420074820518494, 0.9445199966430664, 0.9451174736022949, 0.9461299777030945, 0.9467350244522095, 0.947237491607666, 0.9472200274467468, 0.947284996509552, 0.947314977645874, 0.9473124742507935, 0.9474424719810486, 0.9474049806594849, 0.9474775195121765, 0.9475125074386597, 0.9474974870681763, 0.9477574825286865, 0.947552502155304, 0.9478574991226196, 0.9477524757385254, 0.9478700160980225, 0.9478574991226196, 0.9477249979972839, 0.9479449987411499, 0.9478600025177002, 0.9479050040245056, 0.9479424953460693, 0.9478824734687805, 0.9479125142097473, 0.9479449987411499, 0.9479249715805054, 0.9479299783706665, 0.9479225277900696, 0.9479150176048279, 0.9479100108146667, 0.9479050040245056, 0.9479075074195862, 0.9479075074195862, 0.9479075074195862, 0.9479075074195862, 0.9479100108146667, 0.9479075074195862, 0.9479075074195862, 0.9479075074195862, 0.9479075074195862, 0.9479075074195862, 0.9479075074195862], "lr": [0.009999999776482582, 0.008999999612569809, 0.00800000037997961, 0.007000000216066837, 0.006000000052154064, 0.004999999888241291, 0.004000000189989805, 0.003000000026077032, 0.0020000000949949026, 0.0010000000474974513, 0.0009000000427477062, 0.0008100000559352338, 0.0007290000794455409, 0.0006561000482179224, 0.0005904900608584285, 0.0005314410664141178, 0.00047829694813117385, 0.00043046724749729037, 0.0003874205285683274, 0.0003486784698907286, 0.00027894278173334897, 0.00022315423120744526, 0.0001785233907867223, 0.0001428187097189948, 0.00011425496632000431, 9.14039701456204e-05, 7.312317757168785e-05, 5.849854278494604e-05, 4.6798835683148354e-05, 3.7439069274114445e-05, 2.433539521007333e-05, 1.5818006431800313e-05, 1.0281703907821793e-05, 6.683107585558901e-06, 4.344019998825388e-06, 2.8236129310243996e-06, 1.8353483710598084e-06, 1.192976469610585e-06, 7.754347279842477e-07, 5.040325845584448e-07, 3.2762119417384383e-07, 2.1295377905516943e-07, 1.3841994928043277e-07, 8.997296419011036e-08, 5.848242778938584e-08, 3.8013578063100795e-08, 2.4708825208108465e-08, 1.606073674054187e-08, 1.043947861489869e-08, 6.785660922048464e-09]}