{"loss": [0.6821263432502747, 0.5666905045509338, 0.5290740132331848, 0.5100433826446533, 0.49267449975013733, 0.46830931305885315, 0.4508669972419739, 0.438770592212677, 0.4305484890937805, 0.4232594668865204, 0.41935038566589355, 0.41657742857933044, 0.41330868005752563, 0.4100644588470459, 0.40761053562164307, 0.40507882833480835, 0.4029306471347809, 0.4008100926876068, 0.3990107476711273, 0.39718541502952576, 0.39577430486679077, 0.3945693075656891, 0.393817275762558, 0.39278027415275574, 0.3920798897743225, 0.39156827330589294, 0.39111146330833435, 0.390755295753479, 0.3904813528060913, 0.3902651071548462, 0.390106201171875, 0.3899880051612854, 0.3899221420288086, 0.3898737132549286, 0.3898424208164215, 0.3898228406906128, 0.3898104429244995, 0.38980162143707275, 0.38979625701904297, 0.3897925913333893, 0.38979002833366394, 0.38978856801986694, 0.3897874653339386, 0.38978657126426697, 0.38978609442710876, 0.3897857964038849, 0.38978561758995056, 0.3897854685783386, 0.3897853493690491, 0.3897853195667267], "accuracy": [0.6672624945640564, 0.7223125100135803, 0.7260125279426575, 0.7429375052452087, 0.755887508392334, 0.7684875130653381, 0.7756500244140625, 0.7851999998092651, 0.7916250228881836, 0.7946624755859375, 0.7973374724388123, 0.7987250089645386, 0.7999250292778015, 0.8019000291824341, 0.8030624985694885, 0.8044250011444092, 0.8059999942779541, 0.8065124750137329, 0.8076624870300293, 0.8086749911308289, 0.809987485408783, 0.8100374937057495, 0.8110250234603882, 0.8109999895095825, 0.8115124702453613, 0.811662495136261, 0.811787486076355, 0.8122875094413757, 0.8125, 0.8123875260353088, 0.8125, 0.8126500248908997, 0.8126875162124634, 0.8125874996185303, 0.8126124739646912, 0.8126124739646912, 0.8126375079154968, 0.8126375079154968, 0.8126375079154968, 0.8126375079154968, 0.8126624822616577, 0.8126624822616577, 0.8126624822616577, 0.8126624822616577, 0.8126624822616577, 0.8126624822616577, 0.8126624822616577, 0.8126624822616577, 0.8126624822616577, 0.8126624822616577], "val_loss": [0.5880004167556763, 0.5368621349334717, 0.5175142288208008, 0.5046782493591309, 0.4776896834373474, 0.45663338899612427, 0.44135111570358276, 0.4348987936973572, 0.42555952072143555, 0.4215792119503021, 0.41822510957717896, 0.4155794382095337, 0.41317227482795715, 0.4108300805091858, 0.40870600938796997, 0.40658867359161377, 0.40492120385169983, 0.40351688861846924, 0.40199920535087585, 0.4004116356372833, 0.3998016119003296, 0.3995858132839203, 0.398515909910202, 0.3978384733200073, 0.3973848521709442, 0.397249311208725, 0.39693912863731384, 0.39672768115997314, 0.396621972322464, 0.39659276604652405, 0.3965318500995636, 0.39650529623031616, 0.3964673578739166, 0.39645248651504517, 0.39643847942352295, 0.39642733335494995, 0.3964217007160187, 0.3964187204837799, 0.3964183032512665, 0.39641761779785156, 0.39641761779785156, 0.3964173197746277, 0.3964169919490814, 0.3964167833328247, 0.3964166045188904, 0.3964165449142456, 0.39641645550727844, 0.3964163661003113, 0.3964163362979889, 0.3964163064956665], "val_accuracy": [0.7202000021934509, 0.7196999788284302, 0.7462000250816345, 0.7446500062942505, 0.7627000212669373, 0.7687000036239624, 0.7809000015258789, 0.7864500284194946, 0.7907999753952026, 0.7936999797821045, 0.7954000234603882, 0.7968000173568726, 0.7982500195503235, 0.7991999983787537, 0.8004500269889832, 0.8016999959945679, 0.8022000193595886, 0.8028500080108643, 0.8035500049591064, 0.8058500289916992, 0.8053500056266785, 0.8052999973297119, 0.805400013923645, 0.8060500025749207, 0.8057500123977661, 0.8063499927520752, 0.8064000010490417, 0.8065000176429749, 0.8065000176429749, 0.8065500259399414, 0.8069000244140625, 0.806850016117096, 0.8066999912261963, 0.8067499995231628, 0.8067499995231628, 0.8067499995231628, 0.8068000078201294, 0.8068000078201294, 0.8068000078201294, 0.8067499995231628, 0.8067499995231628, 0.8068000078201294, 0.8068000078201294, 0.8068000078201294, 0.8067499995231628, 0.8067499995231628, 0.8067499995231628, 0.8067499995231628, 0.8067499995231628, 0.8067499995231628], "lr": [0.009999999776482582, 0.008999999612569809, 0.00800000037997961, 0.007000000216066837, 0.006000000052154064, 0.004999999888241291, 0.004000000189989805, 0.003000000026077032, 0.0020000000949949026, 0.0010000000474974513, 0.0009000000427477062, 0.0008100000559352338, 0.0007290000794455409, 0.0006561000482179224, 0.0005904900608584285, 0.0005314410664141178, 0.00047829694813117385, 0.00043046724749729037, 0.0003874205285683274, 0.0003486784698907286, 0.00027894278173334897, 0.00022315423120744526, 0.0001785233907867223, 0.0001428187097189948, 0.00011425496632000431, 9.14039701456204e-05, 7.312317757168785e-05, 5.849854278494604e-05, 4.6798835683148354e-05, 3.7439069274114445e-05, 2.433539521007333e-05, 1.5818006431800313e-05, 1.0281703907821793e-05, 6.683107585558901e-06, 4.344019998825388e-06, 2.8236129310243996e-06, 1.8353483710598084e-06, 1.192976469610585e-06, 7.754347279842477e-07, 5.040325845584448e-07, 3.2762119417384383e-07, 2.1295377905516943e-07, 1.3841994928043277e-07, 8.997296419011036e-08, 5.848242778938584e-08, 3.8013578063100795e-08, 2.4708825208108465e-08, 1.606073674054187e-08, 1.043947861489869e-08, 6.785660922048464e-09]}