{"loss": [0.6818450689315796, 0.5634167194366455, 0.5351759791374207, 0.5172522068023682, 0.5066627860069275, 0.49626484513282776, 0.4852008819580078, 0.47001683712005615, 0.4568876326084137, 0.44789648056030273, 0.44129085540771484, 0.43549710512161255, 0.4303780794143677, 0.4246864318847656, 0.4216145873069763, 0.4180304706096649, 0.4152640104293823, 0.41219693422317505, 0.4096846580505371, 0.4072793424129486, 0.404690146446228, 0.4032489061355591, 0.40181463956832886, 0.4008004367351532, 0.3998783826828003, 0.39909711480140686, 0.3985724151134491, 0.398173987865448, 0.3977672755718231, 0.397431880235672, 0.3971962034702301, 0.39705806970596313, 0.39694732427597046, 0.3968898057937622, 0.3968525826931, 0.39682504534721375, 0.3968045711517334, 0.39679205417633057, 0.3967844843864441, 0.3967793583869934, 0.3967757821083069, 0.3967736065387726, 0.39677196741104126, 0.39677098393440247, 0.39677026867866516, 0.39676985144615173, 0.39676952362060547, 0.39676934480667114, 0.3967692255973816, 0.39676913619041443], "accuracy": [0.7222375273704529, 0.7212499976158142, 0.7190124988555908, 0.7345874905586243, 0.7408999800682068, 0.7443875074386597, 0.7539874911308289, 0.7695124745368958, 0.7790625095367432, 0.7839124798774719, 0.7861375212669373, 0.7884874939918518, 0.7898749709129333, 0.7928749918937683, 0.7941499948501587, 0.7958999872207642, 0.7969375252723694, 0.798799991607666, 0.7997499704360962, 0.8013499975204468, 0.8025875091552734, 0.8033750057220459, 0.8036624789237976, 0.8037124872207642, 0.8043500185012817, 0.8046125173568726, 0.8048499822616577, 0.8051624894142151, 0.805400013923645, 0.8058249950408936, 0.8059375286102295, 0.8058124780654907, 0.8058624863624573, 0.8059499859809875, 0.8059625029563904, 0.8059874773025513, 0.8059625029563904, 0.8059499859809875, 0.8059499859809875, 0.8059499859809875, 0.8059499859809875, 0.8059499859809875, 0.8059499859809875, 0.8059499859809875, 0.8059499859809875, 0.8059499859809875, 0.8059499859809875, 0.8059499859809875, 0.8059499859809875, 0.8059499859809875], "val_loss": [0.5805081129074097, 0.5446609258651733, 0.5201988220214844, 0.5125874280929565, 0.501541256904602, 0.49137601256370544, 0.4799058735370636, 0.46250107884407043, 0.4515087902545929, 0.44533389806747437, 0.43913018703460693, 0.43410927057266235, 0.4282429814338684, 0.4239010810852051, 0.42142969369888306, 0.4187629818916321, 0.41646885871887207, 0.4137692451477051, 0.4116644561290741, 0.4090142846107483, 0.4074651300907135, 0.4067135453224182, 0.40606722235679626, 0.4052688181400299, 0.4042133390903473, 0.4037192463874817, 0.4034901261329651, 0.40319594740867615, 0.40286293625831604, 0.40266817808151245, 0.4025994539260864, 0.402528315782547, 0.402493417263031, 0.4024669826030731, 0.40244218707084656, 0.4024304151535034, 0.402416855096817, 0.4024112820625305, 0.40240785479545593, 0.4024054706096649, 0.4024040102958679, 0.4024032950401306, 0.4024028182029724, 0.40240249037742615, 0.40240219235420227, 0.40240204334259033, 0.40240195393562317, 0.402401864528656, 0.4024018347263336, 0.40240180492401123], "val_accuracy": [0.7202000021934509, 0.7077500224113464, 0.7305499911308289, 0.7384999990463257, 0.7402499914169312, 0.7434999942779541, 0.7565500140190125, 0.7739499807357788, 0.7796000242233276, 0.779699981212616, 0.7816500067710876, 0.7815999984741211, 0.7856000065803528, 0.7881500124931335, 0.7900000214576721, 0.7908999919891357, 0.794700026512146, 0.7943999767303467, 0.7950000166893005, 0.7963500022888184, 0.7977499961853027, 0.7975999712944031, 0.7975500226020813, 0.7975000143051147, 0.798550009727478, 0.7984499931335449, 0.7990000247955322, 0.7991499900817871, 0.7988499999046326, 0.799049973487854, 0.7995499968528748, 0.7997000217437744, 0.7997000217437744, 0.7996500134468079, 0.7997000217437744, 0.7994999885559082, 0.7994999885559082, 0.7994999885559082, 0.7994499802589417, 0.7994499802589417, 0.7994499802589417, 0.7994499802589417, 0.7994499802589417, 0.7994499802589417, 0.7994499802589417, 0.7994999885559082, 0.7994999885559082, 0.7994999885559082, 0.7994999885559082, 0.7994999885559082], "lr": [0.009999999776482582, 0.008999999612569809, 0.00800000037997961, 0.007000000216066837, 0.006000000052154064, 0.004999999888241291, 0.004000000189989805, 0.003000000026077032, 0.0020000000949949026, 0.0010000000474974513, 0.0009000000427477062, 0.0008100000559352338, 0.0007290000794455409, 0.0006561000482179224, 0.0005904900608584285, 0.0005314410664141178, 0.00047829694813117385, 0.00043046724749729037, 0.0003874205285683274, 0.0003486784698907286, 0.00027894278173334897, 0.00022315423120744526, 0.0001785233907867223, 0.0001428187097189948, 0.00011425496632000431, 9.14039701456204e-05, 7.312317757168785e-05, 5.849854278494604e-05, 4.6798835683148354e-05, 3.7439069274114445e-05, 2.433539521007333e-05, 1.5818006431800313e-05, 1.0281703907821793e-05, 6.683107585558901e-06, 4.344019998825388e-06, 2.8236129310243996e-06, 1.8353483710598084e-06, 1.192976469610585e-06, 7.754347279842477e-07, 5.040325845584448e-07, 3.2762119417384383e-07, 2.1295377905516943e-07, 1.3841994928043277e-07, 8.997296419011036e-08, 5.848242778938584e-08, 3.8013578063100795e-08, 2.4708825208108465e-08, 1.606073674054187e-08, 1.043947861489869e-08, 6.785660922048464e-09]}