{"loss": [0.6205729842185974, 0.5101475715637207, 0.4677421450614929, 0.4381079375743866, 0.436669260263443, 0.4116218388080597, 0.392295241355896, 0.37534570693969727, 0.36131247878074646, 0.3528948128223419, 0.34790724515914917, 0.3440179228782654, 0.3406510353088379, 0.3380773365497589, 0.33517587184906006, 0.33305734395980835, 0.3311944305896759, 0.32925695180892944, 0.3278105556964874, 0.3263002634048462, 0.3251268267631531, 0.3240261971950531, 0.32323339581489563, 0.32247161865234375, 0.32193371653556824, 0.3215263783931732, 0.32118526101112366, 0.3208903670310974, 0.3206726908683777, 0.32046353816986084, 0.3203216791152954, 0.3202255666255951, 0.3201565444469452, 0.32010987401008606, 0.3200838565826416, 0.32006317377090454, 0.3200514018535614, 0.32004404067993164, 0.32003864645957947, 0.32003548741340637, 0.32003316283226013, 0.32003188133239746, 0.3200308382511139, 0.32003024220466614, 0.3200298845767975, 0.3200296461582184, 0.32002946734428406, 0.3200294077396393, 0.3200293183326721, 0.32002928853034973], "accuracy": [0.6983875036239624, 0.7455041408538818, 0.7739583253860474, 0.7865124940872192, 0.7948958277702332, 0.8043291568756104, 0.8113666772842407, 0.8197041749954224, 0.829045832157135, 0.8341958522796631, 0.8368791937828064, 0.8388375043869019, 0.8402291536331177, 0.8416875004768372, 0.8431916832923889, 0.8442333340644836, 0.8451125025749207, 0.8464541435241699, 0.8470541834831238, 0.8480291962623596, 0.8487666845321655, 0.8492249846458435, 0.849637508392334, 0.8502749800682068, 0.8502833247184753, 0.8508250117301941, 0.8508458137512207, 0.8511666655540466, 0.8513625264167786, 0.8514500260353088, 0.851520836353302, 0.8515750169754028, 0.8515708446502686, 0.8515791893005371, 0.8516625165939331, 0.8516583442687988, 0.851645827293396, 0.8516333103179932, 0.8516374826431274, 0.851645827293396, 0.8516499996185303, 0.8516499996185303, 0.8516541719436646, 0.8516499996185303, 0.8516541719436646, 0.8516541719436646, 0.8516541719436646, 0.8516541719436646, 0.8516541719436646, 0.8516541719436646], "val_loss": [0.5371174216270447, 0.48999351263046265, 0.4415569007396698, 0.45442599058151245, 0.42415234446525574, 0.4022942781448364, 0.38613519072532654, 0.37095147371292114, 0.3597661256790161, 0.3546183407306671, 0.3503739535808563, 0.34753113985061646, 0.34491389989852905, 0.34229448437690735, 0.3406572937965393, 0.3384915590286255, 0.3371729552745819, 0.3356471359729767, 0.33479368686676025, 0.33384135365486145, 0.33249902725219727, 0.33168208599090576, 0.3311567008495331, 0.3307155668735504, 0.3303501009941101, 0.3300696611404419, 0.32995137572288513, 0.32966744899749756, 0.3296033442020416, 0.3294510841369629, 0.32936614751815796, 0.32933202385902405, 0.3292910158634186, 0.32925912737846375, 0.32924968004226685, 0.3292422592639923, 0.3292330801486969, 0.32923007011413574, 0.329226553440094, 0.32922595739364624, 0.3292247951030731, 0.32922399044036865, 0.3292236626148224, 0.3292233347892761, 0.32922327518463135, 0.3292231559753418, 0.32922297716140747, 0.32922300696372986, 0.32922297716140747, 0.3292229473590851], "val_accuracy": [0.7174166440963745, 0.7577499747276306, 0.7844833135604858, 0.7879999876022339, 0.7992500066757202, 0.8074833154678345, 0.8122666478157043, 0.8230166435241699, 0.8294166922569275, 0.8317000269889832, 0.8341833353042603, 0.8351166844367981, 0.8364999890327454, 0.838100016117096, 0.8385166525840759, 0.8407666683197021, 0.8409666419029236, 0.8424999713897705, 0.8425833582878113, 0.8427333235740662, 0.8431500196456909, 0.8440666794776917, 0.8449500203132629, 0.8450000286102295, 0.8450666666030884, 0.8452333211898804, 0.8456833362579346, 0.84579998254776, 0.84579998254776, 0.84579998254776, 0.8462333083152771, 0.8460666537284851, 0.8460500240325928, 0.8461999893188477, 0.8461499810218811, 0.8460999727249146, 0.8461333513259888, 0.8461333513259888, 0.8461333513259888, 0.8461166620254517, 0.8461333513259888, 0.8461333513259888, 0.8461333513259888, 0.8461499810218811, 0.8461499810218811, 0.8461499810218811, 0.8461333513259888, 0.8461333513259888, 0.8461333513259888, 0.8461333513259888], "lr": [0.009999999776482582, 0.008999999612569809, 0.00800000037997961, 0.007000000216066837, 0.006000000052154064, 0.004999999888241291, 0.004000000189989805, 0.003000000026077032, 0.0020000000949949026, 0.0010000000474974513, 0.0009000000427477062, 0.0008100000559352338, 0.0007290000794455409, 0.0006561000482179224, 0.0005904900608584285, 0.0005314410664141178, 0.00047829694813117385, 0.00043046724749729037, 0.0003874205285683274, 0.0003486784698907286, 0.00027894278173334897, 0.00022315423120744526, 0.0001785233907867223, 0.0001428187097189948, 0.00011425496632000431, 9.14039701456204e-05, 7.312317757168785e-05, 5.849854278494604e-05, 4.6798835683148354e-05, 3.7439069274114445e-05, 2.433539521007333e-05, 1.5818006431800313e-05, 1.0281703907821793e-05, 6.683107585558901e-06, 4.344019998825388e-06, 2.8236129310243996e-06, 1.8353483710598084e-06, 1.192976469610585e-06, 7.754347279842477e-07, 5.040325845584448e-07, 3.2762119417384383e-07, 2.1295377905516943e-07, 1.3841994928043277e-07, 8.997296419011036e-08, 5.848242778938584e-08, 3.8013578063100795e-08, 2.4708825208108465e-08, 1.606073674054187e-08, 1.043947861489869e-08, 6.785660922048464e-09]}