{"loss": [0.24643531441688538, 0.14518262445926666, 0.13283120095729828, 0.12878726422786713, 0.1262803077697754, 0.12410091608762741, 0.12224643677473068, 0.12023948132991791, 0.11815783381462097, 0.11613860726356506, 0.11557036638259888, 0.11520104110240936, 0.11472983658313751, 0.11436954140663147, 0.11409541964530945, 0.11383259296417236, 0.11354801803827286, 0.11335840821266174, 0.11315713822841644, 0.11297400295734406, 0.11274944245815277, 0.11254105716943741, 0.11238053441047668, 0.11224675923585892, 0.11213146895170212, 0.11204902827739716, 0.11197356134653091, 0.11191167682409286, 0.11186901479959488, 0.11182773858308792, 0.11178234219551086, 0.1117490828037262, 0.11172538250684738, 0.11171159148216248, 0.11170085519552231, 0.11169389635324478, 0.11168947070837021, 0.11168666929006577, 0.11168468743562698, 0.11168326437473297, 0.11168241500854492, 0.11168190091848373, 0.11168161779642105, 0.11168128997087479, 0.11168117821216583, 0.11168108880519867, 0.1116809993982315, 0.11168093234300613, 0.11168087273836136, 0.11168087273836136], "accuracy": [0.8886611461639404, 0.9415730237960815, 0.9471520185470581, 0.9489562511444092, 0.95006263256073, 0.9509990215301514, 0.9518413543701172, 0.9526968598365784, 0.9536052346229553, 0.9544282555580139, 0.9546671509742737, 0.9548537731170654, 0.9550568461418152, 0.9552287459373474, 0.9553329944610596, 0.955493152141571, 0.955605149269104, 0.9556452631950378, 0.955716609954834, 0.9558038711547852, 0.955930233001709, 0.9560028910636902, 0.9560770988464355, 0.9561081528663635, 0.9562093615531921, 0.956208348274231, 0.9562379717826843, 0.9562586545944214, 0.9562938809394836, 0.9563133716583252, 0.9563236236572266, 0.9563379883766174, 0.9563599824905396, 0.956371009349823, 0.9563764929771423, 0.9563800096511841, 0.9563851356506348, 0.9563784003257751, 0.9563838839530945, 0.9563847780227661, 0.9563867449760437, 0.9563843607902527, 0.9563871026039124, 0.9563857316970825, 0.9563866257667542, 0.956386387348175, 0.9563862681388855, 0.956386387348175, 0.9563866257667542, 0.9563867449760437], "val_loss": [0.1483444720506668, 0.13824871182441711, 0.13163097202777863, 0.12837333977222443, 0.12628251314163208, 0.12469566613435745, 0.12303826212882996, 0.12112348526716232, 0.11947406083345413, 0.11831929534673691, 0.11791707575321198, 0.11777141690254211, 0.11763186007738113, 0.11743765324354172, 0.11725171655416489, 0.11709810048341751, 0.11704345792531967, 0.11687427759170532, 0.11688186228275299, 0.11686450242996216, 0.11670808494091034, 0.11664188653230667, 0.11661703139543533, 0.11655919253826141, 0.11651982367038727, 0.11652738600969315, 0.11650335043668747, 0.11648467928171158, 0.11648037284612656, 0.11649396270513535, 0.11646655946969986, 0.11645986884832382, 0.11646447330713272, 0.11646094173192978, 0.11646037548780441, 0.11646135151386261, 0.11646286398172379, 0.11646164953708649, 0.11646159738302231, 0.1164618730545044, 0.11646196246147156, 0.1164618730545044, 0.11646182090044022, 0.1164618581533432, 0.11646183580160141, 0.11646183580160141, 0.11646183580160141, 0.11646183580160141, 0.11646182090044022, 0.11646182090044022], "val_accuracy": [0.9401484727859497, 0.9445754885673523, 0.947656512260437, 0.9490470290184021, 0.950034499168396, 0.9506840109825134, 0.951476514339447, 0.9523980021476746, 0.9529895186424255, 0.9535024762153625, 0.9536269903182983, 0.953728973865509, 0.9537475109100342, 0.9538509845733643, 0.953885018825531, 0.9539610147476196, 0.9539890289306641, 0.9540449976921082, 0.9540910124778748, 0.9540830254554749, 0.9541090130805969, 0.9541425108909607, 0.9541500210762024, 0.9541919827461243, 0.9541630148887634, 0.9541839957237244, 0.9541959762573242, 0.9542120099067688, 0.9541869759559631, 0.9542170166969299, 0.9542105197906494, 0.9542210102081299, 0.9542239904403687, 0.9542015194892883, 0.9542024731636047, 0.9542070031166077, 0.9542155265808105, 0.9542070031166077, 0.9542135000228882, 0.9542105197906494, 0.9542099833488464, 0.9542095065116882, 0.954208493232727, 0.9542065262794495, 0.9542070031166077, 0.9542074799537659, 0.9542070031166077, 0.9542074799537659, 0.9542074799537659, 0.9542074799537659], "lr": [0.009999999776482582, 0.008999999612569809, 0.00800000037997961, 0.007000000216066837, 0.006000000052154064, 0.004999999888241291, 0.004000000189989805, 0.003000000026077032, 0.0020000000949949026, 0.0010000000474974513, 0.0009000000427477062, 0.0008100000559352338, 0.0007290000794455409, 0.0006561000482179224, 0.0005904900608584285, 0.0005314410664141178, 0.00047829694813117385, 0.00043046724749729037, 0.0003874205285683274, 0.0003486784698907286, 0.00027894278173334897, 0.00022315423120744526, 0.0001785233907867223, 0.0001428187097189948, 0.00011425496632000431, 9.14039701456204e-05, 7.312317757168785e-05, 5.849854278494604e-05, 4.6798835683148354e-05, 3.7439069274114445e-05, 2.433539521007333e-05, 1.5818006431800313e-05, 1.0281703907821793e-05, 6.683107585558901e-06, 4.344019998825388e-06, 2.8236129310243996e-06, 1.8353483710598084e-06, 1.192976469610585e-06, 7.754347279842477e-07, 5.040325845584448e-07, 3.2762119417384383e-07, 2.1295377905516943e-07, 1.3841994928043277e-07, 8.997296419011036e-08, 5.848242778938584e-08, 3.8013578063100795e-08, 2.4708825208108465e-08, 1.606073674054187e-08, 1.043947861489869e-08, 6.785660922048464e-09]}