{"loss": [0.5858562588691711, 0.4678811728954315, 0.4091755151748657, 0.36857613921165466, 0.34422561526298523, 0.32618463039398193, 0.3128623068332672, 0.3019968867301941, 0.29354292154312134, 0.28511330485343933, 0.2814709544181824, 0.2785336673259735, 0.27572792768478394, 0.2729871869087219, 0.27093708515167236, 0.2687492072582245, 0.26693296432495117, 0.2669244706630707, 0.26547685265541077, 0.2636220157146454, 0.26241588592529297, 0.26135122776031494, 0.26049548387527466, 0.25994810461997986, 0.2593175172805786, 0.2589622735977173, 0.2586311101913452, 0.25836998224258423, 0.2581782341003418, 0.2579925060272217, 0.2578367292881012, 0.2577435076236725, 0.25768351554870605, 0.25763794779777527, 0.2576107978820801, 0.2575923800468445, 0.2575812339782715, 0.2575741112232208, 0.2575688064098358, 0.25756582617759705, 0.25756359100341797, 0.2575623393058777, 0.25756144523620605, 0.2575608193874359, 0.25756046175956726, 0.25756022334098816, 0.2575600743293762, 0.25756001472473145, 0.25755995512008667, 0.2575598955154419], "accuracy": [0.7016666531562805, 0.7613416910171509, 0.7988291382789612, 0.8197749853134155, 0.8376250267028809, 0.8466833233833313, 0.8538749814033508, 0.8591041564941406, 0.8635291457176208, 0.8679583072662354, 0.870158314704895, 0.8718416690826416, 0.8732166886329651, 0.8749374747276306, 0.8759375214576721, 0.8768583536148071, 0.8780249953269958, 0.8778291940689087, 0.8787000179290771, 0.8798750042915344, 0.8803625106811523, 0.8811041712760925, 0.88138747215271, 0.8819125294685364, 0.8822000026702881, 0.8823500275611877, 0.8824291825294495, 0.8825541734695435, 0.8827375173568726, 0.882895827293396, 0.8829583525657654, 0.8829625248908997, 0.8830500245094299, 0.8830708265304565, 0.8830666542053223, 0.883062481880188, 0.8830541372299194, 0.8830708265304565, 0.8830666542053223, 0.8830749988555908, 0.8830708265304565, 0.8830666542053223, 0.8830749988555908, 0.8830791711807251, 0.8830749988555908, 0.8830708265304565, 0.8830708265304565, 0.8830749988555908, 0.8830749988555908, 0.8830749988555908], "val_loss": [0.5075601935386658, 0.4333958923816681, 0.3852993845939636, 0.3557119071483612, 0.3374086916446686, 0.3257782757282257, 0.31637176871299744, 0.3094328045845032, 0.3021576404571533, 0.2987420856952667, 0.2962844669818878, 0.2944203019142151, 0.29235509037971497, 0.2904457747936249, 0.28964337706565857, 0.2883579730987549, 0.28734102845191956, 0.2872381806373596, 0.28621768951416016, 0.2852354049682617, 0.28454911708831787, 0.28430089354515076, 0.28389066457748413, 0.28349569439888, 0.28325754404067993, 0.2832089960575104, 0.2831212878227234, 0.2829122543334961, 0.28279736638069153, 0.2828083038330078, 0.28272780776023865, 0.28269830346107483, 0.2826876938343048, 0.2826802730560303, 0.28267979621887207, 0.28267475962638855, 0.2826688587665558, 0.2826663553714752, 0.2826649844646454, 0.2826662063598633, 0.28266507387161255, 0.2826647162437439, 0.28266391158103943, 0.2826639711856842, 0.2826640009880066, 0.28266388177871704, 0.2826637923717499, 0.2826637923717499, 0.2826637327671051, 0.2826637923717499], "val_accuracy": [0.7260666489601135, 0.7863666415214539, 0.8074666857719421, 0.8282333612442017, 0.8409500122070312, 0.8477333188056946, 0.8515333533287048, 0.8547833561897278, 0.859666645526886, 0.8613333106040955, 0.8635333180427551, 0.8644499778747559, 0.8651000261306763, 0.8659499883651733, 0.8662333488464355, 0.8669999837875366, 0.867733359336853, 0.8681333065032959, 0.8684499859809875, 0.8682166934013367, 0.869533360004425, 0.8693166375160217, 0.869949996471405, 0.8703166842460632, 0.8702166676521301, 0.8701000213623047, 0.8704166412353516, 0.8704666495323181, 0.8706833124160767, 0.8708166480064392, 0.8707000017166138, 0.8708166480064392, 0.8707666397094727, 0.8707333207130432, 0.8707833290100098, 0.8708000183105469, 0.8707833290100098, 0.8708000183105469, 0.8707833290100098, 0.8708000183105469, 0.8708000183105469, 0.8707833290100098, 0.8707833290100098, 0.8707833290100098, 0.8707833290100098, 0.8707833290100098, 0.8707833290100098, 0.8707833290100098, 0.8707833290100098, 0.8707833290100098], "lr": [0.009999999776482582, 0.008999999612569809, 0.00800000037997961, 0.007000000216066837, 0.006000000052154064, 0.004999999888241291, 0.004000000189989805, 0.003000000026077032, 0.0020000000949949026, 0.0010000000474974513, 0.0009000000427477062, 0.0008100000559352338, 0.0007290000794455409, 0.0006561000482179224, 0.0005904900608584285, 0.0005314410664141178, 0.00047829694813117385, 0.00043046724749729037, 0.0003874205285683274, 0.0003486784698907286, 0.00027894278173334897, 0.00022315423120744526, 0.0001785233907867223, 0.0001428187097189948, 0.00011425496632000431, 9.14039701456204e-05, 7.312317757168785e-05, 5.849854278494604e-05, 4.6798835683148354e-05, 3.7439069274114445e-05, 2.433539521007333e-05, 1.5818006431800313e-05, 1.0281703907821793e-05, 6.683107585558901e-06, 4.344019998825388e-06, 2.8236129310243996e-06, 1.8353483710598084e-06, 1.192976469610585e-06, 7.754347279842477e-07, 5.040325845584448e-07, 3.2762119417384383e-07, 2.1295377905516943e-07, 1.3841994928043277e-07, 8.997296419011036e-08, 5.848242778938584e-08, 3.8013578063100795e-08, 2.4708825208108465e-08, 1.606073674054187e-08, 1.043947861489869e-08, 6.785660922048464e-09]}