{"loss": [0.6011458039283752, 0.5060458779335022, 0.4527983069419861, 0.4153684377670288, 0.379638671875, 0.3656976521015167, 0.36714011430740356, 0.3514097332954407, 0.3401886522769928, 0.3346122205257416, 0.33073264360427856, 0.3276470899581909, 0.32452914118766785, 0.322027325630188, 0.31977972388267517, 0.31732678413391113, 0.31519219279289246, 0.3144295811653137, 0.31189626455307007, 0.3102300465106964, 0.30858922004699707, 0.30734944343566895, 0.30627891421318054, 0.3054346740245819, 0.3047279715538025, 0.30430254340171814, 0.30391725897789, 0.3035293519496918, 0.3032557964324951, 0.30307942628860474, 0.30291303992271423, 0.3028045892715454, 0.30271559953689575, 0.3026587665081024, 0.3026195168495178, 0.30259430408477783, 0.3025786876678467, 0.30256882309913635, 0.30256253480911255, 0.30255818367004395, 0.3025551736354828, 0.3025534152984619, 0.3025522232055664, 0.30255141854286194, 0.30255088210105896, 0.30255061388015747, 0.30255040526390076, 0.3025502562522888, 0.30255019664764404, 0.30255013704299927], "accuracy": [0.7181333303451538, 0.7418416738510132, 0.7685208320617676, 0.7887791395187378, 0.8131208419799805, 0.8230375051498413, 0.8226374983787537, 0.8312291502952576, 0.8373416662216187, 0.8401583433151245, 0.8423166871070862, 0.8443958163261414, 0.8464000225067139, 0.8481000065803528, 0.8493166565895081, 0.8504666686058044, 0.8519291877746582, 0.8527583479881287, 0.854520857334137, 0.8551375269889832, 0.855941653251648, 0.8565916419029236, 0.8576666712760925, 0.8578749895095825, 0.8582083582878113, 0.858454167842865, 0.8587124943733215, 0.8589375019073486, 0.8590375185012817, 0.8591083288192749, 0.8591166734695435, 0.8591166734695435, 0.8592249751091003, 0.8592583537101746, 0.8592958450317383, 0.8593249917030334, 0.8593083620071411, 0.859333336353302, 0.859333336353302, 0.859333336353302, 0.859333336353302, 0.8593291640281677, 0.8593249917030334, 0.8593291640281677, 0.8593291640281677, 0.8593291640281677, 0.8593291640281677, 0.8593249917030334, 0.8593291640281677, 0.8593249917030334], "val_loss": [0.5264259576797485, 0.4881446659564972, 0.4215928912162781, 0.39475587010383606, 0.3692781925201416, 0.3690662980079651, 0.36246657371520996, 0.3476141095161438, 0.34100115299224854, 0.3380310833454132, 0.33362510800361633, 0.33115914463996887, 0.32902756333351135, 0.326259970664978, 0.32470017671585083, 0.32219749689102173, 0.32123276591300964, 0.32028326392173767, 0.3188610076904297, 0.31751152873039246, 0.316437691450119, 0.3153858780860901, 0.314485639333725, 0.3139927387237549, 0.3134995996952057, 0.3132437765598297, 0.3130115866661072, 0.3127528429031372, 0.312534362077713, 0.3123963475227356, 0.31234967708587646, 0.31228935718536377, 0.3122538626194, 0.31224071979522705, 0.31221187114715576, 0.312189519405365, 0.31218385696411133, 0.3121785819530487, 0.3121729791164398, 0.31217125058174133, 0.3121700882911682, 0.31216907501220703, 0.3121683597564697, 0.312168151140213, 0.31216785311698914, 0.312167763710022, 0.3121676445007324, 0.31216758489608765, 0.31216758489608765, 0.31216758489608765], "val_accuracy": [0.729033350944519, 0.7455166578292847, 0.7875499725341797, 0.803600013256073, 0.8205000162124634, 0.8220499753952026, 0.8256999850273132, 0.8342666625976562, 0.8389333486557007, 0.8414333462715149, 0.8434333205223083, 0.844083309173584, 0.8458166718482971, 0.8473666906356812, 0.8480833172798157, 0.8497166633605957, 0.850766658782959, 0.8512166738510132, 0.8518333435058594, 0.8524333238601685, 0.8528333306312561, 0.8536999821662903, 0.8541333079338074, 0.8543000221252441, 0.8542333245277405, 0.8545500040054321, 0.854616641998291, 0.8547999858856201, 0.8549666404724121, 0.8546333312988281, 0.8547833561897278, 0.8548499941825867, 0.8549000024795532, 0.8549666404724121, 0.8549833297729492, 0.8548833131790161, 0.8549000024795532, 0.8549000024795532, 0.8549166917800903, 0.8549000024795532, 0.8549333214759827, 0.8549333214759827, 0.8549666404724121, 0.8549666404724121, 0.8549666404724121, 0.8549666404724121, 0.8549666404724121, 0.8549666404724121, 0.8549666404724121, 0.8549666404724121], "lr": [0.009999999776482582, 0.008999999612569809, 0.00800000037997961, 0.007000000216066837, 0.006000000052154064, 0.004999999888241291, 0.004000000189989805, 0.003000000026077032, 0.0020000000949949026, 0.0010000000474974513, 0.0009000000427477062, 0.0008100000559352338, 0.0007290000794455409, 0.0006561000482179224, 0.0005904900608584285, 0.0005314410664141178, 0.00047829694813117385, 0.00043046724749729037, 0.0003874205285683274, 0.0003486784698907286, 0.00027894278173334897, 0.00022315423120744526, 0.0001785233907867223, 0.0001428187097189948, 0.00011425496632000431, 9.14039701456204e-05, 7.312317757168785e-05, 5.849854278494604e-05, 4.6798835683148354e-05, 3.7439069274114445e-05, 2.433539521007333e-05, 1.5818006431800313e-05, 1.0281703907821793e-05, 6.683107585558901e-06, 4.344019998825388e-06, 2.8236129310243996e-06, 1.8353483710598084e-06, 1.192976469610585e-06, 7.754347279842477e-07, 5.040325845584448e-07, 3.2762119417384383e-07, 2.1295377905516943e-07, 1.3841994928043277e-07, 8.997296419011036e-08, 5.848242778938584e-08, 3.8013578063100795e-08, 2.4708825208108465e-08, 1.606073674054187e-08, 1.043947861489869e-08, 6.785660922048464e-09]}