{"loss": [0.5384714007377625, 0.40832647681236267, 0.34324121475219727, 0.31323859095573425, 0.2772309482097626, 0.2501848340034485, 0.21990522742271423, 0.19766145944595337, 0.1832650899887085, 0.1762760877609253, 0.1720452755689621, 0.16909131407737732, 0.166835218667984, 0.1643630862236023, 0.16260701417922974, 0.16096562147140503, 0.1595618575811386, 0.158329039812088, 0.15869759023189545, 0.15686923265457153, 0.1557767242193222, 0.15509600937366486, 0.15441858768463135, 0.1539958119392395, 0.1537306308746338, 0.1533273607492447, 0.15303151309490204, 0.15281905233860016, 0.15260720252990723, 0.1524462103843689, 0.1523093581199646, 0.15221676230430603, 0.15215109288692474, 0.15211273729801178, 0.1520852893590927, 0.15206941962242126, 0.15205736458301544, 0.15204975008964539, 0.152045339345932, 0.15204229950904846, 0.1520402431488037, 0.1520388126373291, 0.15203791856765747, 0.15203730762004852, 0.15203692018985748, 0.152036651968956, 0.15203650295734406, 0.1520363837480545, 0.15203633904457092, 0.15203627943992615], "accuracy": [0.7369577884674072, 0.7988077998161316, 0.839301586151123, 0.8554078340530396, 0.8733953237533569, 0.8858593702316284, 0.9025062322616577, 0.9143359661102295, 0.9222702980041504, 0.9257156252861023, 0.9281062483787537, 0.9294640421867371, 0.9305421710014343, 0.9318015575408936, 0.9326234459877014, 0.93359375, 0.9341796636581421, 0.9347327947616577, 0.9345577955245972, 0.9354890584945679, 0.9359624981880188, 0.9362562298774719, 0.9366109371185303, 0.9367656111717224, 0.9369500279426575, 0.9370499849319458, 0.9372109174728394, 0.9372765421867371, 0.9373781085014343, 0.9374452829360962, 0.9375125169754028, 0.9376422166824341, 0.9376609325408936, 0.9376171827316284, 0.9376453161239624, 0.9376687407493591, 0.9376734495162964, 0.9376828074455261, 0.9376843571662903, 0.9376875162124634, 0.9376780986785889, 0.9376937747001648, 0.937695324420929, 0.9376906156539917, 0.9376906156539917, 0.9376906156539917, 0.9376906156539917, 0.9376906156539917, 0.9376906156539917, 0.9376906156539917], "val_loss": [0.4476260244846344, 0.36694005131721497, 0.3170587718486786, 0.2915319502353668, 0.2714724540710449, 0.23599909245967865, 0.20898130536079407, 0.19302423298358917, 0.18385562300682068, 0.18003536760807037, 0.1770447939634323, 0.17529526352882385, 0.1734589785337448, 0.17203110456466675, 0.17042133212089539, 0.16950061917304993, 0.1683097928762436, 0.16773855686187744, 0.16764116287231445, 0.1665889471769333, 0.16638877987861633, 0.16562187671661377, 0.165371373295784, 0.16552668809890747, 0.16517308354377747, 0.16494740545749664, 0.1648888885974884, 0.16474169492721558, 0.16458642482757568, 0.1645323783159256, 0.16448956727981567, 0.16449004411697388, 0.16446182131767273, 0.16445939242839813, 0.16445176303386688, 0.16444914042949677, 0.16444481909275055, 0.16444242000579834, 0.1644400805234909, 0.16444002091884613, 0.16443967819213867, 0.1644393503665924, 0.16443893313407898, 0.16443878412246704, 0.16443873941898346, 0.16443872451782227, 0.1644386649131775, 0.1644386202096939, 0.1644386351108551, 0.1644386202096939], "val_accuracy": [0.7739687561988831, 0.8247437477111816, 0.8544250130653381, 0.8669687509536743, 0.8754687309265137, 0.8952312469482422, 0.9085687398910522, 0.9173562526702881, 0.9225000143051147, 0.9241312742233276, 0.9257749915122986, 0.9265312552452087, 0.9275937676429749, 0.9283124804496765, 0.9293312430381775, 0.9296937584877014, 0.9302312731742859, 0.9307562708854675, 0.9307000041007996, 0.9314000010490417, 0.9312999844551086, 0.9318562746047974, 0.9317437410354614, 0.9318749904632568, 0.9318312406539917, 0.9320625066757202, 0.9319124817848206, 0.9321125149726868, 0.9322312474250793, 0.9322437644004822, 0.9323624968528748, 0.9323375225067139, 0.9323375225067139, 0.9323750138282776, 0.9324125051498413, 0.9323999881744385, 0.9324125051498413, 0.9324250221252441, 0.9324187636375427, 0.9324250221252441, 0.9324250221252441, 0.9324187636375427, 0.9324187636375427, 0.9324187636375427, 0.9324187636375427, 0.9324187636375427, 0.9324187636375427, 0.9324187636375427, 0.9324187636375427, 0.9324187636375427], "lr": [0.009999999776482582, 0.008999999612569809, 0.00800000037997961, 0.007000000216066837, 0.006000000052154064, 0.004999999888241291, 0.004000000189989805, 0.003000000026077032, 0.0020000000949949026, 0.0010000000474974513, 0.0009000000427477062, 0.0008100000559352338, 0.0007290000794455409, 0.0006561000482179224, 0.0005904900608584285, 0.0005314410664141178, 0.00047829694813117385, 0.00043046724749729037, 0.0003874205285683274, 0.0003486784698907286, 0.00027894278173334897, 0.00022315423120744526, 0.0001785233907867223, 0.0001428187097189948, 0.00011425496632000431, 9.14039701456204e-05, 7.312317757168785e-05, 5.849854278494604e-05, 4.6798835683148354e-05, 3.7439069274114445e-05, 2.433539521007333e-05, 1.5818006431800313e-05, 1.0281703907821793e-05, 6.683107585558901e-06, 4.344019998825388e-06, 2.8236129310243996e-06, 1.8353483710598084e-06, 1.192976469610585e-06, 7.754347279842477e-07, 5.040325845584448e-07, 3.2762119417384383e-07, 2.1295377905516943e-07, 1.3841994928043277e-07, 8.997296419011036e-08, 5.848242778938584e-08, 3.8013578063100795e-08, 2.4708825208108465e-08, 1.606073674054187e-08, 1.043947861489869e-08, 6.785660922048464e-09]}