{"loss": [0.31364449858665466, 0.16245417296886444, 0.14435237646102905, 0.1361713707447052, 0.13478323817253113, 0.12992870807647705, 0.1271931678056717, 0.12483333796262741, 0.12267190963029861, 0.12040609866380692, 0.11978079378604889, 0.11925547569990158, 0.11898341774940491, 0.11852601915597916, 0.11810290068387985, 0.1177472472190857, 0.11733873933553696, 0.11703482270240784, 0.11679182201623917, 0.11651958525180817, 0.11621129512786865, 0.11596271395683289, 0.1157311350107193, 0.1155717596411705, 0.11541696637868881, 0.11540194600820541, 0.1152440533041954, 0.11514996737241745, 0.11507848650217056, 0.11502467840909958, 0.11496645212173462, 0.11492735892534256, 0.11489882320165634, 0.1148812472820282, 0.11486911028623581, 0.11486058682203293, 0.11485513299703598, 0.11485093832015991, 0.11484827846288681, 0.11484690010547638, 0.11484593898057938, 0.11484535038471222, 0.1148449182510376, 0.11484469473361969, 0.11484447866678238, 0.11484436690807343, 0.11484429985284805, 0.1148441731929779, 0.1148441806435585, 0.1148441731929779], "accuracy": [0.853892982006073, 0.9335619807243347, 0.9417744874954224, 0.9456087350845337, 0.9462190270423889, 0.9484519958496094, 0.9496282339096069, 0.9506412744522095, 0.951583743095398, 0.9525347352027893, 0.9528152346611023, 0.9529992341995239, 0.9531624913215637, 0.9533747434616089, 0.9535765051841736, 0.9536682367324829, 0.9538480043411255, 0.9539945125579834, 0.9541052579879761, 0.9542262554168701, 0.9543297290802002, 0.9544335007667542, 0.9545777440071106, 0.9546409845352173, 0.9546797275543213, 0.9547027349472046, 0.9547744989395142, 0.9548027515411377, 0.9548519849777222, 0.9548682570457458, 0.9548777341842651, 0.9549124836921692, 0.9549322724342346, 0.9549369812011719, 0.9549354910850525, 0.9549319744110107, 0.9549375176429749, 0.9549400210380554, 0.9549437761306763, 0.9549422264099121, 0.9549412727355957, 0.9549427628517151, 0.9549397230148315, 0.9549404978752136, 0.9549415111541748, 0.9549412727355957, 0.9549422264099121, 0.9549422264099121, 0.9549422264099121, 0.954942524433136], "val_loss": [0.17051763832569122, 0.153407022356987, 0.14036382734775543, 0.13507436215877533, 0.13294129073619843, 0.13129813969135284, 0.1291409432888031, 0.12784120440483093, 0.12541276216506958, 0.1243942528963089, 0.12413458526134491, 0.12386507540941238, 0.1239456981420517, 0.12357980012893677, 0.12327266484498978, 0.12310639023780823, 0.12287716567516327, 0.1229773461818695, 0.1228419691324234, 0.12285324931144714, 0.12281301617622375, 0.12248831987380981, 0.12252536416053772, 0.12245010584592819, 0.1223004162311554, 0.12237215787172318, 0.1223590224981308, 0.1223212257027626, 0.12232320010662079, 0.1223074346780777, 0.12231209874153137, 0.122296541929245, 0.12229099124670029, 0.12229033559560776, 0.12229449301958084, 0.12229587137699127, 0.12229492515325546, 0.1222933679819107, 0.12229308485984802, 0.12229292094707489, 0.12229299545288086, 0.12229298800230026, 0.12229304760694504, 0.12229299545288086, 0.12229299545288086, 0.12229298800230026, 0.12229299545288086, 0.12229298800230026, 0.12229298800230026, 0.12229298800230026], "val_accuracy": [0.9293349981307983, 0.9373940229415894, 0.9433559775352478, 0.9458760023117065, 0.946537971496582, 0.947517991065979, 0.9485960006713867, 0.9492250084877014, 0.9499189853668213, 0.9505860209465027, 0.9506300091743469, 0.9507750272750854, 0.9508140087127686, 0.9510689973831177, 0.9510660171508789, 0.9510949850082397, 0.9512979984283447, 0.9512709975242615, 0.9512400031089783, 0.951200008392334, 0.9513049721717834, 0.9513739943504333, 0.9514070153236389, 0.9514240026473999, 0.9514970183372498, 0.9515029788017273, 0.9514589905738831, 0.9514849781990051, 0.9515029788017273, 0.9515039920806885, 0.9514790177345276, 0.9514870047569275, 0.9515089988708496, 0.9515020251274109, 0.9515079855918884, 0.9515079855918884, 0.9515089988708496, 0.9514949917793274, 0.9514970183372498, 0.9514899849891663, 0.9514880180358887, 0.9514909982681274, 0.9514909982681274, 0.9514899849891663, 0.9514859914779663, 0.9514870047569275, 0.9514880180358887, 0.9514870047569275, 0.9514870047569275, 0.9514880180358887], "lr": [0.009999999776482582, 0.008999999612569809, 0.00800000037997961, 0.007000000216066837, 0.006000000052154064, 0.004999999888241291, 0.004000000189989805, 0.003000000026077032, 0.0020000000949949026, 0.0010000000474974513, 0.0009000000427477062, 0.0008100000559352338, 0.0007290000794455409, 0.0006561000482179224, 0.0005904900608584285, 0.0005314410664141178, 0.00047829694813117385, 0.00043046724749729037, 0.0003874205285683274, 0.0003486784698907286, 0.00027894278173334897, 0.00022315423120744526, 0.0001785233907867223, 0.0001428187097189948, 0.00011425496632000431, 9.14039701456204e-05, 7.312317757168785e-05, 5.849854278494604e-05, 4.6798835683148354e-05, 3.7439069274114445e-05, 2.433539521007333e-05, 1.5818006431800313e-05, 1.0281703907821793e-05, 6.683107585558901e-06, 4.344019998825388e-06, 2.8236129310243996e-06, 1.8353483710598084e-06, 1.192976469610585e-06, 7.754347279842477e-07, 5.040325845584448e-07, 3.2762119417384383e-07, 2.1295377905516943e-07, 1.3841994928043277e-07, 8.997296419011036e-08, 5.848242778938584e-08, 3.8013578063100795e-08, 2.4708825208108465e-08, 1.606073674054187e-08, 1.043947861489869e-08, 6.785660922048464e-09]}