{"loss": [0.3426837623119354, 0.1976206749677658, 0.15730632841587067, 0.14545615017414093, 0.13944849371910095, 0.13580338656902313, 0.1317257136106491, 0.1288519650697708, 0.12599067389965057, 0.12352436035871506, 0.12278516590595245, 0.1222248300909996, 0.12175717204809189, 0.12121054530143738, 0.12076668441295624, 0.12042759358882904, 0.12004362046718597, 0.1197303831577301, 0.11942335218191147, 0.11920441687107086, 0.11887071281671524, 0.11859045177698135, 0.11835289001464844, 0.11818821728229523, 0.11802400648593903, 0.11792638152837753, 0.1178152933716774, 0.11773232370615005, 0.11766879260540009, 0.11761344969272614, 0.11755148321390152, 0.11750824749469757, 0.11748000979423523, 0.11745895445346832, 0.11744686216115952, 0.1174381896853447, 0.11743288487195969, 0.11742912232875824, 0.1174265593290329, 0.11742492765188217, 0.11742394417524338, 0.11742324382066727, 0.11742277443408966, 0.11742252111434937, 0.11742233484983444, 0.1174221783876419, 0.11742213368415833, 0.11742209643125534, 0.11742196977138519, 0.11742199212312698], "accuracy": [0.8362219929695129, 0.9150197505950928, 0.9352009892463684, 0.9410367608070374, 0.9438987374305725, 0.9455595016479492, 0.9474285244941711, 0.9487107396125793, 0.950051486492157, 0.9511204957962036, 0.951377272605896, 0.9516592621803284, 0.951852023601532, 0.9520854949951172, 0.952304482460022, 0.9524372220039368, 0.9526559710502625, 0.9527264833450317, 0.9529029726982117, 0.9529277682304382, 0.9530714750289917, 0.9532317519187927, 0.9532947540283203, 0.9533977508544922, 0.9534735083580017, 0.9535114765167236, 0.9535275101661682, 0.9536157250404358, 0.9536462426185608, 0.9536654949188232, 0.9536592364311218, 0.9537082314491272, 0.953728973865509, 0.9537259936332703, 0.9537360072135925, 0.9537310004234314, 0.9537357687950134, 0.953737735748291, 0.9537397623062134, 0.9537397623062134, 0.9537354707717896, 0.9537374973297119, 0.9537360072135925, 0.9537364840507507, 0.9537370204925537, 0.9537367224693298, 0.9537370204925537, 0.9537372589111328, 0.9537372589111328, 0.9537370204925537], "val_loss": [0.23539550602436066, 0.16971860826015472, 0.15057949721813202, 0.14448201656341553, 0.13897259533405304, 0.13682588934898376, 0.1336994171142578, 0.13058160245418549, 0.12969684600830078, 0.1276947408914566, 0.1276419311761856, 0.12701226770877838, 0.12712949514389038, 0.12691719830036163, 0.12648458778858185, 0.12619076669216156, 0.12631070613861084, 0.126108318567276, 0.12608018517494202, 0.1258094161748886, 0.12580062448978424, 0.12562410533428192, 0.12572024762630463, 0.12558656930923462, 0.12557131052017212, 0.12554632127285004, 0.12556539475917816, 0.12550371885299683, 0.12554772198200226, 0.12551765143871307, 0.1255090832710266, 0.12549284100532532, 0.1255103051662445, 0.125508114695549, 0.12550437450408936, 0.12550334632396698, 0.12550263106822968, 0.12550203502178192, 0.12550115585327148, 0.12550151348114014, 0.12550176680088043, 0.12550167739391327, 0.12550173699855804, 0.12550175189971924, 0.125501811504364, 0.12550179660320282, 0.125501811504364, 0.125501811504364, 0.12550179660320282, 0.12550179660320282], "val_accuracy": [0.895101010799408, 0.9291549921035767, 0.9383350014686584, 0.9413629770278931, 0.9440010190010071, 0.9450330138206482, 0.9464460015296936, 0.947750985622406, 0.9483109712600708, 0.9490640163421631, 0.9491940140724182, 0.9493470191955566, 0.949425995349884, 0.949409008026123, 0.9496539831161499, 0.949874997138977, 0.9497640132904053, 0.9498929977416992, 0.9499260187149048, 0.949974000453949, 0.9501309990882874, 0.9500510096549988, 0.9501299858093262, 0.9500730037689209, 0.9501150250434875, 0.9501169919967651, 0.9501659870147705, 0.9501940011978149, 0.9501469731330872, 0.9501850008964539, 0.9502149820327759, 0.9502410292625427, 0.9502109885215759, 0.950236976146698, 0.9502080082893372, 0.9502159953117371, 0.9502210021018982, 0.9502249956130981, 0.950223982334137, 0.9502189755439758, 0.950223982334137, 0.9502189755439758, 0.9502180218696594, 0.9502170085906982, 0.9502170085906982, 0.9502180218696594, 0.9502180218696594, 0.9502180218696594, 0.9502180218696594, 0.9502180218696594], "lr": [0.009999999776482582, 0.008999999612569809, 0.00800000037997961, 0.007000000216066837, 0.006000000052154064, 0.004999999888241291, 0.004000000189989805, 0.003000000026077032, 0.0020000000949949026, 0.0010000000474974513, 0.0009000000427477062, 0.0008100000559352338, 0.0007290000794455409, 0.0006561000482179224, 0.0005904900608584285, 0.0005314410664141178, 0.00047829694813117385, 0.00043046724749729037, 0.0003874205285683274, 0.0003486784698907286, 0.00027894278173334897, 0.00022315423120744526, 0.0001785233907867223, 0.0001428187097189948, 0.00011425496632000431, 9.14039701456204e-05, 7.312317757168785e-05, 5.849854278494604e-05, 4.6798835683148354e-05, 3.7439069274114445e-05, 2.433539521007333e-05, 1.5818006431800313e-05, 1.0281703907821793e-05, 6.683107585558901e-06, 4.344019998825388e-06, 2.8236129310243996e-06, 1.8353483710598084e-06, 1.192976469610585e-06, 7.754347279842477e-07, 5.040325845584448e-07, 3.2762119417384383e-07, 2.1295377905516943e-07, 1.3841994928043277e-07, 8.997296419011036e-08, 5.848242778938584e-08, 3.8013578063100795e-08, 2.4708825208108465e-08, 1.606073674054187e-08, 1.043947861489869e-08, 6.785660922048464e-09]}