{"loss": [0.4451460540294647, 0.2809327244758606, 0.1900356411933899, 0.1608119010925293, 0.14998741447925568, 0.1432376205921173, 0.13839119672775269, 0.13472114503383636, 0.13130797445774078, 0.1283477395772934, 0.1271914839744568, 0.1265219897031784, 0.1258298009634018, 0.12527577579021454, 0.12468879669904709, 0.12423161417245865, 0.1237373799085617, 0.12328717112541199, 0.12295950949192047, 0.1225959062576294, 0.12213829159736633, 0.12177693098783493, 0.12145985662937164, 0.12122157961130142, 0.12101291120052338, 0.12085998058319092, 0.12071293592453003, 0.12060518562793732, 0.12052768468856812, 0.1204364150762558, 0.12036292999982834, 0.12030310183763504, 0.12026596069335938, 0.12023918330669403, 0.1202215924859047, 0.12021124362945557, 0.12020399421453476, 0.12019894272089005, 0.12019578367471695, 0.12019378691911697, 0.12019246816635132, 0.12019150704145432, 0.12019088864326477, 0.1201905757188797, 0.12019031494855881, 0.1201901063323021, 0.12019001692533493, 0.12018997222185135, 0.1201898604631424, 0.12018987536430359], "accuracy": [0.7790818810462952, 0.8713418841362, 0.9198806285858154, 0.9343018531799316, 0.9392712712287903, 0.9422956109046936, 0.9446656107902527, 0.9461287260055542, 0.9477280974388123, 0.9489656090736389, 0.9495212435722351, 0.9497824907302856, 0.9501693844795227, 0.950334370136261, 0.9505968689918518, 0.9507662653923035, 0.9510056376457214, 0.95124751329422, 0.9513700008392334, 0.9515193700790405, 0.95169997215271, 0.951817512512207, 0.9520475268363953, 0.9521180987358093, 0.9522093534469604, 0.9522930979728699, 0.9523475170135498, 0.952393114566803, 0.9524031281471252, 0.9524449706077576, 0.9525056481361389, 0.9525393843650818, 0.9525343775749207, 0.9525575041770935, 0.9525643587112427, 0.9525693655014038, 0.9525600075721741, 0.9525612592697144, 0.9525725245475769, 0.9525712728500366, 0.9525718688964844, 0.952568769454956, 0.9525718688964844, 0.9525675177574158, 0.9525681138038635, 0.9525693655014038, 0.9525693655014038, 0.9525681138038635, 0.952568769454956, 0.9525681138038635], "val_loss": [0.33375295996665955, 0.22522525489330292, 0.1680334359407425, 0.15340977907180786, 0.1478516310453415, 0.14437901973724365, 0.14078103005886078, 0.13819321990013123, 0.13668577373027802, 0.13485535979270935, 0.13484801352024078, 0.1346215456724167, 0.13437403738498688, 0.13388454914093018, 0.13402341306209564, 0.13396473228931427, 0.13404293358325958, 0.13369715213775635, 0.13346174359321594, 0.1335826814174652, 0.13336341083049774, 0.1332593709230423, 0.13325883448123932, 0.13316862285137177, 0.13326895236968994, 0.13314701616764069, 0.13318845629692078, 0.1331872195005417, 0.1331806778907776, 0.13316302001476288, 0.13315431773662567, 0.13312886655330658, 0.1331443339586258, 0.13314956426620483, 0.133154034614563, 0.1331527680158615, 0.13315418362617493, 0.13315409421920776, 0.13315464556217194, 0.13315461575984955, 0.1331544667482376, 0.13315464556217194, 0.13315455615520477, 0.13315461575984955, 0.13315464556217194, 0.13315463066101074, 0.13315463066101074, 0.13315463066101074, 0.13315463066101074, 0.13315463066101074], "val_accuracy": [0.84197998046875, 0.9014124870300293, 0.930525004863739, 0.9375450015068054, 0.9406325221061707, 0.9418249726295471, 0.9437925219535828, 0.9445474743843079, 0.945514976978302, 0.9463449716567993, 0.9461349844932556, 0.9465450048446655, 0.9464524984359741, 0.9467350244522095, 0.9466599822044373, 0.9467350244522095, 0.9467574954032898, 0.94691002368927, 0.9468349814414978, 0.9469850063323975, 0.9470599889755249, 0.9471499919891357, 0.947142481803894, 0.9471824765205383, 0.947177529335022, 0.9471575021743774, 0.9471074938774109, 0.947267472743988, 0.947302520275116, 0.9473174810409546, 0.9472500085830688, 0.947284996509552, 0.9472699761390686, 0.9472399950027466, 0.9473050236701965, 0.9472874999046326, 0.9472824931144714, 0.9472874999046326, 0.9472749829292297, 0.9472774863243103, 0.9472774863243103, 0.9472774863243103, 0.9472799897193909, 0.9472749829292297, 0.9472774863243103, 0.9472774863243103, 0.9472799897193909, 0.9472799897193909, 0.9472774863243103, 0.9472799897193909], "lr": [0.009999999776482582, 0.008999999612569809, 0.00800000037997961, 0.007000000216066837, 0.006000000052154064, 0.004999999888241291, 0.004000000189989805, 0.003000000026077032, 0.0020000000949949026, 0.0010000000474974513, 0.0009000000427477062, 0.0008100000559352338, 0.0007290000794455409, 0.0006561000482179224, 0.0005904900608584285, 0.0005314410664141178, 0.00047829694813117385, 0.00043046724749729037, 0.0003874205285683274, 0.0003486784698907286, 0.00027894278173334897, 0.00022315423120744526, 0.0001785233907867223, 0.0001428187097189948, 0.00011425496632000431, 9.14039701456204e-05, 7.312317757168785e-05, 5.849854278494604e-05, 4.6798835683148354e-05, 3.7439069274114445e-05, 2.433539521007333e-05, 1.5818006431800313e-05, 1.0281703907821793e-05, 6.683107585558901e-06, 4.344019998825388e-06, 2.8236129310243996e-06, 1.8353483710598084e-06, 1.192976469610585e-06, 7.754347279842477e-07, 5.040325845584448e-07, 3.2762119417384383e-07, 2.1295377905516943e-07, 1.3841994928043277e-07, 8.997296419011036e-08, 5.848242778938584e-08, 3.8013578063100795e-08, 2.4708825208108465e-08, 1.606073674054187e-08, 1.043947861489869e-08, 6.785660922048464e-09]}