{"loss": [0.4036940932273865, 0.2425825595855713, 0.18213345110416412, 0.15939468145370483, 0.1487525850534439, 0.14237384498119354, 0.1378641575574875, 0.13425301015377045, 0.1308283656835556, 0.12783679366111755, 0.12678295373916626, 0.1260678768157959, 0.1254596710205078, 0.12485232204198837, 0.12422169744968414, 0.12378618866205215, 0.12323957681655884, 0.12288042902946472, 0.12249676883220673, 0.12214844673871994, 0.12173685431480408, 0.12137657403945923, 0.12106530368328094, 0.12080498039722443, 0.12060976773500443, 0.12046945095062256, 0.12032914906740189, 0.12022853642702103, 0.12013816088438034, 0.12006603181362152, 0.1199924424290657, 0.1199381873011589, 0.11989808827638626, 0.11987593024969101, 0.11985808610916138, 0.11984686553478241, 0.11983951181173325, 0.11983507871627808, 0.11983203887939453, 0.11983011662960052, 0.11982875317335129, 0.11982792615890503, 0.11982738226652145, 0.11982697993516922, 0.11982671916484833, 0.11982657015323639, 0.11982649564743042, 0.11982641369104385, 0.11982639878988266, 0.11982634663581848], "accuracy": [0.8019949793815613, 0.8934412598609924, 0.9231625199317932, 0.9347274899482727, 0.9398106336593628, 0.94291752576828, 0.9448168873786926, 0.9462850093841553, 0.947969377040863, 0.9492568969726562, 0.9496600031852722, 0.9498800039291382, 0.9502862691879272, 0.9505281448364258, 0.9508768916130066, 0.9509831070899963, 0.9511924982070923, 0.951326847076416, 0.951564371585846, 0.9516512751579285, 0.9518462419509888, 0.9520549774169922, 0.952192485332489, 0.9522887468338013, 0.952336847782135, 0.952412486076355, 0.9525012373924255, 0.9525481462478638, 0.9525931477546692, 0.9526343941688538, 0.9526262283325195, 0.9526581168174744, 0.9526900053024292, 0.9526824951171875, 0.9526956081390381, 0.9527018666267395, 0.9527231454849243, 0.9527181386947632, 0.9527249932289124, 0.9527162313461304, 0.9527237415313721, 0.9527174830436707, 0.9527168869972229, 0.9527199864387512, 0.9527168869972229, 0.9527174830436707, 0.9527181386947632, 0.9527181386947632, 0.9527187347412109, 0.9527187347412109], "val_loss": [0.2936214506626129, 0.19764429330825806, 0.16920064389705658, 0.1543438732624054, 0.1489662230014801, 0.14426779747009277, 0.14190475642681122, 0.1389230191707611, 0.1376277655363083, 0.13666599988937378, 0.1361471563577652, 0.13609430193901062, 0.13608846068382263, 0.13569454848766327, 0.13558292388916016, 0.13525907695293427, 0.13536864519119263, 0.13534395396709442, 0.1352793425321579, 0.1354687362909317, 0.13526414334774017, 0.13500720262527466, 0.13515400886535645, 0.13506066799163818, 0.13498461246490479, 0.13498331606388092, 0.13496844470500946, 0.13499167561531067, 0.13499093055725098, 0.13500924408435822, 0.13503605127334595, 0.1349998563528061, 0.13500069081783295, 0.13500608503818512, 0.13501057028770447, 0.13500742614269257, 0.1350097507238388, 0.1350092589855194, 0.13500985503196716, 0.13500984013080597, 0.13500986993312836, 0.13501012325286865, 0.13501009345054626, 0.13501006364822388, 0.13501004874706268, 0.13501007854938507, 0.1350100338459015, 0.1350100189447403, 0.1350100189447403, 0.1350100189447403], "val_accuracy": [0.8673325181007385, 0.9150350093841553, 0.9292500019073486, 0.9375749826431274, 0.9399099946022034, 0.9418550133705139, 0.9427350163459778, 0.9444100260734558, 0.9448325037956238, 0.9454274773597717, 0.9455724954605103, 0.9455525279045105, 0.9456325173377991, 0.9456999897956848, 0.945580005645752, 0.9457525014877319, 0.9458624720573425, 0.9461299777030945, 0.9459825158119202, 0.9460350275039673, 0.9459275007247925, 0.9459850192070007, 0.9459974765777588, 0.946102499961853, 0.9461824893951416, 0.9461349844932556, 0.9461824893951416, 0.9462674856185913, 0.9463024735450745, 0.9462149739265442, 0.9462249875068665, 0.9462350010871887, 0.9462149739265442, 0.9462000131607056, 0.9461749792098999, 0.9461925029754639, 0.9462174773216248, 0.9462124705314636, 0.9462124705314636, 0.9462050199508667, 0.9462050199508667, 0.9462000131607056, 0.9462025165557861, 0.9462000131607056, 0.9462000131607056, 0.9462000131607056, 0.9462000131607056, 0.9462000131607056, 0.9462000131607056, 0.9462000131607056], "lr": [0.009999999776482582, 0.008999999612569809, 0.00800000037997961, 0.007000000216066837, 0.006000000052154064, 0.004999999888241291, 0.004000000189989805, 0.003000000026077032, 0.0020000000949949026, 0.0010000000474974513, 0.0009000000427477062, 0.0008100000559352338, 0.0007290000794455409, 0.0006561000482179224, 0.0005904900608584285, 0.0005314410664141178, 0.00047829694813117385, 0.00043046724749729037, 0.0003874205285683274, 0.0003486784698907286, 0.00027894278173334897, 0.00022315423120744526, 0.0001785233907867223, 0.0001428187097189948, 0.00011425496632000431, 9.14039701456204e-05, 7.312317757168785e-05, 5.849854278494604e-05, 4.6798835683148354e-05, 3.7439069274114445e-05, 2.433539521007333e-05, 1.5818006431800313e-05, 1.0281703907821793e-05, 6.683107585558901e-06, 4.344019998825388e-06, 2.8236129310243996e-06, 1.8353483710598084e-06, 1.192976469610585e-06, 7.754347279842477e-07, 5.040325845584448e-07, 3.2762119417384383e-07, 2.1295377905516943e-07, 1.3841994928043277e-07, 8.997296419011036e-08, 5.848242778938584e-08, 3.8013578063100795e-08, 2.4708825208108465e-08, 1.606073674054187e-08, 1.043947861489869e-08, 6.785660922048464e-09]}