{"loss": [0.5331535935401917, 0.38037580251693726, 0.327810138463974, 0.2973529100418091, 0.2697190046310425, 0.24037645757198334, 0.21725426614284515, 0.20273755490779877, 0.19038377702236176, 0.18259339034557343, 0.17909638583660126, 0.17642463743686676, 0.17423687875270844, 0.17211540043354034, 0.17009387910366058, 0.16832609474658966, 0.16705957055091858, 0.16581401228904724, 0.16431497037410736, 0.1632278561592102, 0.16219660639762878, 0.1613711267709732, 0.16074666380882263, 0.16016718745231628, 0.15975706279277802, 0.15941624343395233, 0.1591288298368454, 0.15888725221157074, 0.1587172895669937, 0.15857265889644623, 0.15842190384864807, 0.1583200842142105, 0.15826155245304108, 0.15822181105613708, 0.15819405019283295, 0.15817707777023315, 0.1581665575504303, 0.15815746784210205, 0.1581529676914215, 0.15814970433712006, 0.15814745426177979, 0.15814617276191711, 0.15814520418643951, 0.15814462304115295, 0.15814423561096191, 0.15814398229122162, 0.1581438183784485, 0.1581437587738037, 0.15814369916915894, 0.15814362466335297], "accuracy": [0.7323406338691711, 0.8152046799659729, 0.8467375040054321, 0.8626312613487244, 0.8766359090805054, 0.8917796611785889, 0.904240608215332, 0.9115594029426575, 0.9179531335830688, 0.9219515919685364, 0.9236124753952026, 0.9250062704086304, 0.9259999990463257, 0.9272078275680542, 0.9283109307289124, 0.9291077852249146, 0.9297249913215637, 0.9301797151565552, 0.9309109449386597, 0.9314687252044678, 0.932060956954956, 0.9325453042984009, 0.9327609539031982, 0.9330750107765198, 0.9332812428474426, 0.933398425579071, 0.9336093664169312, 0.9337734580039978, 0.9338140487670898, 0.9339203238487244, 0.9339625239372253, 0.9340468645095825, 0.9340828061103821, 0.9340984225273132, 0.9340937733650208, 0.9341187477111816, 0.9341421723365784, 0.9341265559196472, 0.93413907289505, 0.9341343641281128, 0.9341281056404114, 0.9341312646865845, 0.9341312646865845, 0.9341312646865845, 0.9341312646865845, 0.9341297149658203, 0.9341312646865845, 0.9341328144073486, 0.9341328144073486, 0.9341328144073486], "val_loss": [0.4362323582172394, 0.34774911403656006, 0.3126586377620697, 0.2944931089878082, 0.25579702854156494, 0.22860565781593323, 0.2133515626192093, 0.20142139494419098, 0.1938868910074234, 0.18991601467132568, 0.18830646574497223, 0.18708433210849762, 0.18513169884681702, 0.18272264301776886, 0.18258340656757355, 0.1812700629234314, 0.18066272139549255, 0.1793287992477417, 0.17881618440151215, 0.17797696590423584, 0.1773117482662201, 0.17722944915294647, 0.17680470645427704, 0.17660705745220184, 0.1764344573020935, 0.1763874739408493, 0.17627595365047455, 0.1761937439441681, 0.17618246376514435, 0.17612743377685547, 0.17606237530708313, 0.17608611285686493, 0.17606985569000244, 0.17605870962142944, 0.1760534793138504, 0.1760505586862564, 0.1760508418083191, 0.17605002224445343, 0.1760476529598236, 0.17604729533195496, 0.17604710161685944, 0.17604683339595795, 0.1760464608669281, 0.17604652047157288, 0.1760464906692505, 0.17604638636112213, 0.17604632675647736, 0.17604632675647736, 0.17604631185531616, 0.17604631185531616], "val_accuracy": [0.7780687212944031, 0.8349875211715698, 0.8557562232017517, 0.864425003528595, 0.884206235408783, 0.8975562453269958, 0.9059000015258789, 0.9127249717712402, 0.9171062707901001, 0.9187562465667725, 0.9194312691688538, 0.9204124808311462, 0.9213625192642212, 0.9225000143051147, 0.9226187467575073, 0.9230625033378601, 0.923618733882904, 0.9243062734603882, 0.9242249727249146, 0.9249812364578247, 0.925475001335144, 0.9254562258720398, 0.9255750179290771, 0.9257687330245972, 0.9259124994277954, 0.9258624911308289, 0.9260374903678894, 0.9260812401771545, 0.9261187314987183, 0.9261937737464905, 0.9261812567710876, 0.9261749982833862, 0.9261875152587891, 0.9261875152587891, 0.9261875152587891, 0.9261999726295471, 0.9261999726295471, 0.9261687397956848, 0.9261875152587891, 0.9261812567710876, 0.9261999726295471, 0.9261999726295471, 0.9262062311172485, 0.9262062311172485, 0.9262062311172485, 0.9262062311172485, 0.9262062311172485, 0.9262062311172485, 0.9262062311172485, 0.9262062311172485], "lr": [0.009999999776482582, 0.008999999612569809, 0.00800000037997961, 0.007000000216066837, 0.006000000052154064, 0.004999999888241291, 0.004000000189989805, 0.003000000026077032, 0.0020000000949949026, 0.0010000000474974513, 0.0009000000427477062, 0.0008100000559352338, 0.0007290000794455409, 0.0006561000482179224, 0.0005904900608584285, 0.0005314410664141178, 0.00047829694813117385, 0.00043046724749729037, 0.0003874205285683274, 0.0003486784698907286, 0.00027894278173334897, 0.00022315423120744526, 0.0001785233907867223, 0.0001428187097189948, 0.00011425496632000431, 9.14039701456204e-05, 7.312317757168785e-05, 5.849854278494604e-05, 4.6798835683148354e-05, 3.7439069274114445e-05, 2.433539521007333e-05, 1.5818006431800313e-05, 1.0281703907821793e-05, 6.683107585558901e-06, 4.344019998825388e-06, 2.8236129310243996e-06, 1.8353483710598084e-06, 1.192976469610585e-06, 7.754347279842477e-07, 5.040325845584448e-07, 3.2762119417384383e-07, 2.1295377905516943e-07, 1.3841994928043277e-07, 8.997296419011036e-08, 5.848242778938584e-08, 3.8013578063100795e-08, 2.4708825208108465e-08, 1.606073674054187e-08, 1.043947861489869e-08, 6.785660922048464e-09]}