{"loss": [0.7216697335243225, 0.583212673664093, 0.5393227338790894, 0.5129317045211792, 0.49459102749824524, 0.4766695201396942, 0.4653029441833496, 0.4547051787376404, 0.4450486898422241, 0.43906596302986145, 0.4349426329135895, 0.4311971664428711, 0.42725053429603577, 0.42403897643089294, 0.420993447303772, 0.41823941469192505, 0.4153340756893158, 0.4126865863800049, 0.41048017144203186, 0.40850263833999634, 0.4066581726074219, 0.4051852226257324, 0.404267281293869, 0.40375804901123047, 0.4030996561050415, 0.4022148549556732, 0.40173059701919556, 0.40133461356163025, 0.4010058045387268, 0.400825560092926, 0.40058067440986633, 0.40041133761405945, 0.400333434343338, 0.40026721358299255, 0.40023282170295715, 0.40020808577537537, 0.4001883864402771, 0.4001728892326355, 0.4001642167568207, 0.4001591205596924, 0.4001561105251312, 0.4001540541648865, 0.40015268325805664, 0.4001518189907074, 0.4001511335372925, 0.4001506268978119, 0.4001503586769104, 0.4001501500606537, 0.4001500606536865, 0.40015000104904175], "accuracy": [0.6725375056266785, 0.7150624990463257, 0.7210749983787537, 0.7287499904632568, 0.7351624965667725, 0.740149974822998, 0.7479875087738037, 0.7646499872207642, 0.7727875113487244, 0.7789375185966492, 0.7825624942779541, 0.7857499718666077, 0.7887250185012817, 0.7906249761581421, 0.7941499948501587, 0.7957500219345093, 0.7975500226020813, 0.7995499968528748, 0.8005375266075134, 0.8021500110626221, 0.8028249740600586, 0.8034999966621399, 0.8037875294685364, 0.803974986076355, 0.8053874969482422, 0.8058500289916992, 0.8051000237464905, 0.8048874735832214, 0.8051875233650208, 0.8051875233650208, 0.8053874969482422, 0.8057500123977661, 0.8057249784469604, 0.805762529373169, 0.8058000206947327, 0.8057875037193298, 0.8058124780654907, 0.8058375120162964, 0.8058500289916992, 0.8058624863624573, 0.8058500289916992, 0.8058500289916992, 0.8058500289916992, 0.8058375120162964, 0.8058375120162964, 0.8058375120162964, 0.8058375120162964, 0.8058375120162964, 0.8058375120162964, 0.8058375120162964], "val_loss": [0.5812515020370483, 0.5609111189842224, 0.5212522745132446, 0.49871015548706055, 0.48002859950065613, 0.46989190578460693, 0.4595816433429718, 0.44844165444374084, 0.4425930678844452, 0.43795254826545715, 0.4341292083263397, 0.4307084083557129, 0.42748787999153137, 0.4249940812587738, 0.4218471646308899, 0.41942769289016724, 0.41750916838645935, 0.4154872000217438, 0.41358447074890137, 0.4117670953273773, 0.4104566276073456, 0.40958431363105774, 0.4089314043521881, 0.4082578122615814, 0.40775084495544434, 0.407352089881897, 0.4071263372898102, 0.40694716572761536, 0.40678608417510986, 0.40657535195350647, 0.40648353099823, 0.40639761090278625, 0.40634459257125854, 0.40631401538848877, 0.40629273653030396, 0.40627527236938477, 0.40627044439315796, 0.40626782178878784, 0.40626323223114014, 0.40625980496406555, 0.40625712275505066, 0.4062555730342865, 0.40625444054603577, 0.4062538146972656, 0.406253457069397, 0.4062531888484955, 0.40625301003456116, 0.4062528908252716, 0.40625283122062683, 0.40625283122062683], "val_accuracy": [0.7202000021934509, 0.7202000021934509, 0.7228000164031982, 0.7296000123023987, 0.7358499765396118, 0.7421500086784363, 0.754800021648407, 0.7683500051498413, 0.7714999914169312, 0.7754499912261963, 0.7817000150680542, 0.7829999923706055, 0.7844499945640564, 0.7867500185966492, 0.7895500063896179, 0.792900025844574, 0.7927500009536743, 0.7958499789237976, 0.7965999841690063, 0.797249972820282, 0.7971500158309937, 0.7975500226020813, 0.7982000112533569, 0.8002499938011169, 0.8014500141143799, 0.8007500171661377, 0.7996000051498413, 0.8003000020980835, 0.800000011920929, 0.7998499870300293, 0.8002499938011169, 0.80035001039505, 0.8005499839782715, 0.8008000254631042, 0.8007500171661377, 0.8007500171661377, 0.8007500171661377, 0.8007000088691711, 0.8007500171661377, 0.8007500171661377, 0.8007500171661377, 0.8007500171661377, 0.8007500171661377, 0.8007500171661377, 0.8007500171661377, 0.8007500171661377, 0.8007500171661377, 0.8007500171661377, 0.8007500171661377, 0.8007500171661377], "lr": [0.009999999776482582, 0.008999999612569809, 0.00800000037997961, 0.007000000216066837, 0.006000000052154064, 0.004999999888241291, 0.004000000189989805, 0.003000000026077032, 0.0020000000949949026, 0.0010000000474974513, 0.0009000000427477062, 0.0008100000559352338, 0.0007290000794455409, 0.0006561000482179224, 0.0005904900608584285, 0.0005314410664141178, 0.00047829694813117385, 0.00043046724749729037, 0.0003874205285683274, 0.0003486784698907286, 0.00027894278173334897, 0.00022315423120744526, 0.0001785233907867223, 0.0001428187097189948, 0.00011425496632000431, 9.14039701456204e-05, 7.312317757168785e-05, 5.849854278494604e-05, 4.6798835683148354e-05, 3.7439069274114445e-05, 2.433539521007333e-05, 1.5818006431800313e-05, 1.0281703907821793e-05, 6.683107585558901e-06, 4.344019998825388e-06, 2.8236129310243996e-06, 1.8353483710598084e-06, 1.192976469610585e-06, 7.754347279842477e-07, 5.040325845584448e-07, 3.2762119417384383e-07, 2.1295377905516943e-07, 1.3841994928043277e-07, 8.997296419011036e-08, 5.848242778938584e-08, 3.8013578063100795e-08, 2.4708825208108465e-08, 1.606073674054187e-08, 1.043947861489869e-08, 6.785660922048464e-09]}