{"loss": [0.26465490460395813, 0.14688290655612946, 0.13839873671531677, 0.13326549530029297, 0.1304457187652588, 0.12783583998680115, 0.12559235095977783, 0.12342748790979385, 0.12122988700866699, 0.11907461285591125, 0.11847496032714844, 0.1180068776011467, 0.11757899075746536, 0.1172649934887886, 0.11691538244485855, 0.11662610620260239, 0.11637452244758606, 0.11615710705518723, 0.1159348264336586, 0.11576258391141891, 0.1155163049697876, 0.11531834304332733, 0.11514892429113388, 0.11500363051891327, 0.11490790545940399, 0.11480691283941269, 0.11473570019006729, 0.11467678099870682, 0.1146237775683403, 0.1145881712436676, 0.11453717201948166, 0.11450748890638351, 0.11448236554861069, 0.1144673228263855, 0.11445794999599457, 0.11445102840662003, 0.114446721971035, 0.11444360017776489, 0.11444166302680969, 0.11444032937288284, 0.11443942785263062, 0.11443878710269928, 0.1144385114312172, 0.11443823575973511, 0.11443807184696198, 0.11443793028593063, 0.11443792283535004, 0.11443793773651123, 0.11443792283535004, 0.11443793773651123], "accuracy": [0.8791487216949463, 0.9405689835548401, 0.9446166157722473, 0.9469348788261414, 0.9482476115226746, 0.9493847489356995, 0.9503620266914368, 0.9512738585472107, 0.9522486329078674, 0.9531147480010986, 0.9533752202987671, 0.9536194801330566, 0.9537148475646973, 0.9538838863372803, 0.9540103673934937, 0.9541576504707336, 0.9542736411094666, 0.9543551206588745, 0.9544352293014526, 0.9545311331748962, 0.9546138644218445, 0.9547098875045776, 0.9547842741012573, 0.9548311233520508, 0.954859733581543, 0.9548866152763367, 0.9549582600593567, 0.9549433588981628, 0.9549792408943176, 0.9549953937530518, 0.9550163745880127, 0.9550272226333618, 0.955039381980896, 0.9550374746322632, 0.9550373554229736, 0.9550487399101257, 0.9550544023513794, 0.9550546407699585, 0.9550529718399048, 0.9550546407699585, 0.9550551176071167, 0.9550564885139465, 0.9550576210021973, 0.9550573825836182, 0.9550580978393555, 0.9550579786300659, 0.9550575017929077, 0.9550572633743286, 0.9550575017929077, 0.9550576210021973], "val_loss": [0.16059435904026031, 0.14115707576274872, 0.13636551797389984, 0.13448354601860046, 0.1308889389038086, 0.12811793386936188, 0.1265150010585785, 0.12499923259019852, 0.12292971462011337, 0.12152145802974701, 0.121390700340271, 0.12079957872629166, 0.12063618749380112, 0.12039762735366821, 0.12037727981805801, 0.1202230378985405, 0.12011851370334625, 0.11992735415697098, 0.11975434422492981, 0.11970953643321991, 0.11975645273923874, 0.1195516437292099, 0.11950375139713287, 0.11948925256729126, 0.11944002658128738, 0.11936870217323303, 0.1193721815943718, 0.11933913081884384, 0.11932647228240967, 0.11931251734495163, 0.11931562423706055, 0.11931508779525757, 0.11931989341974258, 0.11931352317333221, 0.11931154876947403, 0.11931061744689941, 0.1193082183599472, 0.11930765211582184, 0.11930805444717407, 0.11930806189775467, 0.11930809915065765, 0.11930800974369049, 0.11930802464485168, 0.11930805444717407, 0.11930802464485168, 0.11930801719427109, 0.1193079948425293, 0.1193079948425293, 0.1193079873919487, 0.1193079873919487], "val_accuracy": [0.9341959953308105, 0.9434580206871033, 0.9456449747085571, 0.946386992931366, 0.9482669830322266, 0.9491214752197266, 0.9500880241394043, 0.9505354762077332, 0.9514794945716858, 0.9519590139389038, 0.9521139860153198, 0.9522204995155334, 0.9523544907569885, 0.9524785280227661, 0.9524664878845215, 0.9524884819984436, 0.9525200128555298, 0.9526939988136292, 0.9526469707489014, 0.9527720212936401, 0.952767014503479, 0.952817976474762, 0.9528664946556091, 0.9528509974479675, 0.9528639912605286, 0.9528939723968506, 0.9528989791870117, 0.952926516532898, 0.9529294967651367, 0.9529070258140564, 0.9529330134391785, 0.9529489874839783, 0.9529554843902588, 0.9529610276222229, 0.9529659748077393, 0.9529585242271423, 0.9529529809951782, 0.9529560208320618, 0.9529514908790588, 0.9529520273208618, 0.9529539942741394, 0.9529535174369812, 0.9529529809951782, 0.95295250415802, 0.9529535174369812, 0.9529535174369812, 0.9529535174369812, 0.9529535174369812, 0.9529539942741394, 0.9529535174369812], "lr": [0.009999999776482582, 0.008999999612569809, 0.00800000037997961, 0.007000000216066837, 0.006000000052154064, 0.004999999888241291, 0.004000000189989805, 0.003000000026077032, 0.0020000000949949026, 0.0010000000474974513, 0.0009000000427477062, 0.0008100000559352338, 0.0007290000794455409, 0.0006561000482179224, 0.0005904900608584285, 0.0005314410664141178, 0.00047829694813117385, 0.00043046724749729037, 0.0003874205285683274, 0.0003486784698907286, 0.00027894278173334897, 0.00022315423120744526, 0.0001785233907867223, 0.0001428187097189948, 0.00011425496632000431, 9.14039701456204e-05, 7.312317757168785e-05, 5.849854278494604e-05, 4.6798835683148354e-05, 3.7439069274114445e-05, 2.433539521007333e-05, 1.5818006431800313e-05, 1.0281703907821793e-05, 6.683107585558901e-06, 4.344019998825388e-06, 2.8236129310243996e-06, 1.8353483710598084e-06, 1.192976469610585e-06, 7.754347279842477e-07, 5.040325845584448e-07, 3.2762119417384383e-07, 2.1295377905516943e-07, 1.3841994928043277e-07, 8.997296419011036e-08, 5.848242778938584e-08, 3.8013578063100795e-08, 2.4708825208108465e-08, 1.606073674054187e-08, 1.043947861489869e-08, 6.785660922048464e-09]}