{"loss": [0.5258256196975708, 0.37206754088401794, 0.3226042687892914, 0.28747349977493286, 0.2566133439540863, 0.23337407410144806, 0.21738708019256592, 0.20435039699077606, 0.1947188526391983, 0.18747317790985107, 0.18404163420200348, 0.18159092962741852, 0.17922478914260864, 0.17736226320266724, 0.17528073489665985, 0.17366504669189453, 0.17237405478954315, 0.17110729217529297, 0.16976101696491241, 0.1685982048511505, 0.16772247850894928, 0.16671019792556763, 0.16606596112251282, 0.1654440313577652, 0.165009543299675, 0.16460692882537842, 0.16433808207511902, 0.1640997678041458, 0.16389554738998413, 0.16374316811561584, 0.16359594464302063, 0.16349640488624573, 0.16342872381210327, 0.16338524222373962, 0.16335831582546234, 0.1633395254611969, 0.1633272022008896, 0.16331973671913147, 0.16331441700458527, 0.16331054270267487, 0.16330845654010773, 0.16330702602863312, 0.1633061170578003, 0.16330546140670776, 0.16330508887767792, 0.16330482065677643, 0.16330468654632568, 0.16330453753471375, 0.16330444812774658, 0.16330446302890778], "accuracy": [0.7332937717437744, 0.8204890489578247, 0.8509140610694885, 0.8696437478065491, 0.8852280974388123, 0.8972952961921692, 0.905162513256073, 0.911914050579071, 0.9164593815803528, 0.9201546907424927, 0.9218984246253967, 0.9231781363487244, 0.9240937232971191, 0.9250203371047974, 0.9259812235832214, 0.9268218874931335, 0.9275109171867371, 0.9280499815940857, 0.9288250207901001, 0.9292203187942505, 0.929617166519165, 0.9301265478134155, 0.9304797053337097, 0.9307922124862671, 0.9309234619140625, 0.9311422109603882, 0.9313406348228455, 0.9313374757766724, 0.9314203262329102, 0.931626558303833, 0.9316343665122986, 0.9316812753677368, 0.9317203164100647, 0.9316921830177307, 0.9317125082015991, 0.93173748254776, 0.9317218661308289, 0.9317484498023987, 0.9317328333854675, 0.9317343831062317, 0.9317328333854675, 0.9317328333854675, 0.9317359328269958, 0.9317328333854675, 0.9317328333854675, 0.9317328333854675, 0.9317328333854675, 0.9317328333854675, 0.9317328333854675, 0.9317328333854675], "val_loss": [0.41892749071121216, 0.3428037166595459, 0.3049788475036621, 0.27670931816101074, 0.24665147066116333, 0.22990630567073822, 0.2171054482460022, 0.20790497958660126, 0.19997379183769226, 0.19712308049201965, 0.19613124430179596, 0.1944015920162201, 0.19332976639270782, 0.19159483909606934, 0.1911291480064392, 0.1899847537279129, 0.18974977731704712, 0.18853308260440826, 0.18798048794269562, 0.18751102685928345, 0.18699204921722412, 0.18657508492469788, 0.18644380569458008, 0.18602071702480316, 0.18587875366210938, 0.18597716093063354, 0.18582521378993988, 0.18576624989509583, 0.18570464849472046, 0.1857120543718338, 0.18570691347122192, 0.18567991256713867, 0.18564864993095398, 0.18566761910915375, 0.18564967811107635, 0.18564392626285553, 0.185647115111351, 0.18564370274543762, 0.18564386665821075, 0.18564574420452118, 0.18564559519290924, 0.18564550578594208, 0.18564565479755402, 0.18564562499523163, 0.18564558029174805, 0.18564561009407043, 0.18564559519290924, 0.18564556539058685, 0.18564555048942566, 0.18564555048942566], "val_accuracy": [0.7909062504768372, 0.8404187560081482, 0.8600500226020813, 0.875068724155426, 0.8908374905586243, 0.8995749950408936, 0.9062125086784363, 0.9097062349319458, 0.9134874939918518, 0.9150562286376953, 0.9157437682151794, 0.9169750213623047, 0.917187511920929, 0.9185749888420105, 0.9182812571525574, 0.9188374876976013, 0.919056236743927, 0.9200937747955322, 0.9204062223434448, 0.9204312562942505, 0.921093761920929, 0.920981228351593, 0.9211375117301941, 0.921318769454956, 0.9213625192642212, 0.92144376039505, 0.9214562773704529, 0.92144376039505, 0.9215499758720398, 0.9214812517166138, 0.9216312766075134, 0.9215062260627747, 0.9214812517166138, 0.9215812683105469, 0.9215250015258789, 0.9215124845504761, 0.9215124845504761, 0.9215250015258789, 0.9215250015258789, 0.9215375185012817, 0.9215375185012817, 0.9215312600135803, 0.9215375185012817, 0.9215375185012817, 0.9215375185012817, 0.9215375185012817, 0.9215375185012817, 0.9215375185012817, 0.9215375185012817, 0.9215375185012817], "lr": [0.009999999776482582, 0.008999999612569809, 0.00800000037997961, 0.007000000216066837, 0.006000000052154064, 0.004999999888241291, 0.004000000189989805, 0.003000000026077032, 0.0020000000949949026, 0.0010000000474974513, 0.0009000000427477062, 0.0008100000559352338, 0.0007290000794455409, 0.0006561000482179224, 0.0005904900608584285, 0.0005314410664141178, 0.00047829694813117385, 0.00043046724749729037, 0.0003874205285683274, 0.0003486784698907286, 0.00027894278173334897, 0.00022315423120744526, 0.0001785233907867223, 0.0001428187097189948, 0.00011425496632000431, 9.14039701456204e-05, 7.312317757168785e-05, 5.849854278494604e-05, 4.6798835683148354e-05, 3.7439069274114445e-05, 2.433539521007333e-05, 1.5818006431800313e-05, 1.0281703907821793e-05, 6.683107585558901e-06, 4.344019998825388e-06, 2.8236129310243996e-06, 1.8353483710598084e-06, 1.192976469610585e-06, 7.754347279842477e-07, 5.040325845584448e-07, 3.2762119417384383e-07, 2.1295377905516943e-07, 1.3841994928043277e-07, 8.997296419011036e-08, 5.848242778938584e-08, 3.8013578063100795e-08, 2.4708825208108465e-08, 1.606073674054187e-08, 1.043947861489869e-08, 6.785660922048464e-09]}