{"loss": [0.2886539101600647, 0.15145978331565857, 0.14230231940746307, 0.13410179316997528, 0.13062620162963867, 0.12813711166381836, 0.12579812109470367, 0.12349775433540344, 0.12128952145576477, 0.11900227516889572, 0.11841201037168503, 0.11815524846315384, 0.11743396520614624, 0.11705734580755234, 0.11675232648849487, 0.11647333949804306, 0.11616428941488266, 0.11592697352170944, 0.11570882052183151, 0.11554029583930969, 0.11527615785598755, 0.11506009846925735, 0.11486965417861938, 0.11471820622682571, 0.11459250748157501, 0.11449574679136276, 0.11441332846879959, 0.11434992402791977, 0.11429551243782043, 0.1142512857913971, 0.11420074105262756, 0.11416172236204147, 0.1141386404633522, 0.1141219511628151, 0.11411090195178986, 0.11410350352525711, 0.1140979751944542, 0.11409474909305573, 0.11409245431423187, 0.11409097909927368, 0.1140899732708931, 0.1140892505645752, 0.11408891528844833, 0.11408872157335281, 0.11408846825361252, 0.11408840119838715, 0.114088274538517, 0.1140882596373558, 0.11408823728561401, 0.11408816277980804], "accuracy": [0.8655008673667908, 0.9385316371917725, 0.94269859790802, 0.9465217590332031, 0.9481202363967896, 0.9493170976638794, 0.9503005146980286, 0.9512349963188171, 0.9522212743759155, 0.9531893730163574, 0.9534001350402832, 0.953528106212616, 0.953865110874176, 0.9540203809738159, 0.954149603843689, 0.9542811512947083, 0.9544090032577515, 0.954502522945404, 0.9545721411705017, 0.9546913504600525, 0.9547759890556335, 0.9548590183258057, 0.9549642205238342, 0.9549922347068787, 0.9550621509552002, 0.9551152586936951, 0.9551193714141846, 0.9551587700843811, 0.9551935195922852, 0.955207884311676, 0.9552342295646667, 0.955233097076416, 0.9552502632141113, 0.9552643895149231, 0.9552647471427917, 0.9552655220031738, 0.9552639722824097, 0.955274760723114, 0.9552702307701111, 0.9552710056304932, 0.9552708864212036, 0.9552701115608215, 0.9552693963050842, 0.9552687406539917, 0.9552697539329529, 0.9552711248397827, 0.9552698731422424, 0.9552697539329529, 0.9552695155143738, 0.9552697539329529], "val_loss": [0.16812953352928162, 0.14526532590389252, 0.13720612227916718, 0.13317257165908813, 0.12992675602436066, 0.12831924855709076, 0.12727423012256622, 0.12504740059375763, 0.12344091385602951, 0.1214631050825119, 0.12383826822042465, 0.12047319859266281, 0.12035636603832245, 0.12020164728164673, 0.11992231011390686, 0.11987504363059998, 0.11981634050607681, 0.11954420804977417, 0.11946932971477509, 0.1193159744143486, 0.11930212378501892, 0.11916926503181458, 0.11908821016550064, 0.11904053390026093, 0.11901550740003586, 0.11896565556526184, 0.11897514760494232, 0.11894097179174423, 0.11889730393886566, 0.11888056993484497, 0.11888037621974945, 0.11887303739786148, 0.11887709051370621, 0.1188625693321228, 0.11887333542108536, 0.1188695877790451, 0.11886990070343018, 0.1188686415553093, 0.11886899918317795, 0.11886844038963318, 0.1188686341047287, 0.1188686266541481, 0.1188686341047287, 0.1188686415553093, 0.11886868625879288, 0.11886868625879288, 0.11886867880821228, 0.11886868625879288, 0.11886868625879288, 0.11886868625879288], "val_accuracy": [0.9308124780654907, 0.9413130283355713, 0.9450525045394897, 0.9470185041427612, 0.9485304951667786, 0.9492089748382568, 0.9496815204620361, 0.9507290124893188, 0.9511234760284424, 0.9521080255508423, 0.9510905146598816, 0.9525349736213684, 0.9526724815368652, 0.9527559876441956, 0.9528319835662842, 0.9529320001602173, 0.9528020024299622, 0.952973484992981, 0.9530770182609558, 0.9529820084571838, 0.9530485272407532, 0.9531810283660889, 0.953081488609314, 0.9531915187835693, 0.9532045125961304, 0.9531880021095276, 0.9531559944152832, 0.9531670212745667, 0.9532294869422913, 0.9531980156898499, 0.9532259702682495, 0.9532275199890137, 0.9532309770584106, 0.9532480239868164, 0.9532384872436523, 0.9532420039176941, 0.9532294869422913, 0.9532424807548523, 0.9532399773597717, 0.9532434940338135, 0.9532430171966553, 0.9532430171966553, 0.9532420039176941, 0.9532415270805359, 0.9532415270805359, 0.9532415270805359, 0.9532415270805359, 0.9532415270805359, 0.9532415270805359, 0.9532415270805359], "lr": [0.009999999776482582, 0.008999999612569809, 0.00800000037997961, 0.007000000216066837, 0.006000000052154064, 0.004999999888241291, 0.004000000189989805, 0.003000000026077032, 0.0020000000949949026, 0.0010000000474974513, 0.0009000000427477062, 0.0008100000559352338, 0.0007290000794455409, 0.0006561000482179224, 0.0005904900608584285, 0.0005314410664141178, 0.00047829694813117385, 0.00043046724749729037, 0.0003874205285683274, 0.0003486784698907286, 0.00027894278173334897, 0.00022315423120744526, 0.0001785233907867223, 0.0001428187097189948, 0.00011425496632000431, 9.14039701456204e-05, 7.312317757168785e-05, 5.849854278494604e-05, 4.6798835683148354e-05, 3.7439069274114445e-05, 2.433539521007333e-05, 1.5818006431800313e-05, 1.0281703907821793e-05, 6.683107585558901e-06, 4.344019998825388e-06, 2.8236129310243996e-06, 1.8353483710598084e-06, 1.192976469610585e-06, 7.754347279842477e-07, 5.040325845584448e-07, 3.2762119417384383e-07, 2.1295377905516943e-07, 1.3841994928043277e-07, 8.997296419011036e-08, 5.848242778938584e-08, 3.8013578063100795e-08, 2.4708825208108465e-08, 1.606073674054187e-08, 1.043947861489869e-08, 6.785660922048464e-09]}