{"loss": [0.7011337876319885, 0.5651480555534363, 0.5736845135688782, 0.5453096032142639, 0.5267335176467896, 0.5161556005477905, 0.5088313221931458, 0.5019627213478088, 0.4955277442932129, 0.4907709062099457, 0.4872184693813324, 0.4833431541919708, 0.47943636775016785, 0.47549116611480713, 0.471760094165802, 0.46837347745895386, 0.46535468101501465, 0.46264344453811646, 0.45994770526885986, 0.4572330713272095, 0.4550374150276184, 0.4532003402709961, 0.45173126459121704, 0.4504617750644684, 0.44940581917762756, 0.4485076665878296, 0.44781339168548584, 0.44718602299690247, 0.4466938078403473, 0.44632402062416077, 0.44606655836105347, 0.44584912061691284, 0.4456886351108551, 0.44558554887771606, 0.44552749395370483, 0.44548919796943665, 0.44546499848365784, 0.4454491138458252, 0.44543853402137756, 0.4454318881034851, 0.4454275965690613, 0.44542476534843445, 0.4454229474067688, 0.44542166590690613, 0.44542086124420166, 0.44542035460472107, 0.44541996717453003, 0.44541966915130615, 0.4454195201396942, 0.44541943073272705], "accuracy": [0.7222874760627747, 0.7212874889373779, 0.7042624950408936, 0.713937520980835, 0.7259250283241272, 0.740024983882904, 0.7418749928474426, 0.742900013923645, 0.7446874976158142, 0.7457249760627747, 0.7465749979019165, 0.7477874755859375, 0.749162495136261, 0.7502375245094299, 0.7517750263214111, 0.7530875205993652, 0.7543625235557556, 0.7554125189781189, 0.7576500177383423, 0.7595375180244446, 0.7611374855041504, 0.7626374959945679, 0.7633249759674072, 0.7640500068664551, 0.7645750045776367, 0.7654874920845032, 0.7659749984741211, 0.7663499712944031, 0.7665500044822693, 0.7665500044822693, 0.7668750286102295, 0.7670375108718872, 0.7667999863624573, 0.7668625116348267, 0.7669374942779541, 0.7668499946594238, 0.766837477684021, 0.766837477684021, 0.7668625116348267, 0.7669249773025513, 0.7669374942779541, 0.7669625282287598, 0.7669625282287598, 0.7669625282287598, 0.7669625282287598, 0.7669625282287598, 0.7669500112533569, 0.7669500112533569, 0.7669500112533569, 0.7669500112533569], "val_loss": [0.5851593613624573, 0.5478524565696716, 0.5684428811073303, 0.5399607419967651, 0.5247927904129028, 0.5194224715232849, 0.5140079855918884, 0.5058415532112122, 0.5002434849739075, 0.4975489675998688, 0.4935140013694763, 0.4899601638317108, 0.48588258028030396, 0.4825340807437897, 0.478549599647522, 0.475680947303772, 0.4726911187171936, 0.47026756405830383, 0.46744170784950256, 0.4651539921760559, 0.46361562609672546, 0.46172910928726196, 0.4606143534183502, 0.4594956934452057, 0.4587556719779968, 0.4582084119319916, 0.4575306177139282, 0.45686212182044983, 0.45647993683815, 0.4563019573688507, 0.4560355842113495, 0.455799400806427, 0.45567402243614197, 0.4556026756763458, 0.45556533336639404, 0.45554018020629883, 0.4555243253707886, 0.45551785826683044, 0.4555119276046753, 0.4555079936981201, 0.45550528168678284, 0.45550382137298584, 0.45550262928009033, 0.4555019438266754, 0.4555014669895172, 0.45550107955932617, 0.4555007815361023, 0.45550063252449036, 0.4555005431175232, 0.4555004835128784], "val_accuracy": [0.7160000205039978, 0.7108500003814697, 0.6884999871253967, 0.72079998254776, 0.7365000247955322, 0.7394000291824341, 0.7390499711036682, 0.7405499815940857, 0.7424499988555908, 0.7433000206947327, 0.7448499798774719, 0.7453500032424927, 0.7465500235557556, 0.7477999925613403, 0.7486000061035156, 0.7493500113487244, 0.7514500021934509, 0.7520999908447266, 0.7534000277519226, 0.7557500004768372, 0.755050003528595, 0.7559999823570251, 0.7572500109672546, 0.7578499913215637, 0.7584999799728394, 0.7585999965667725, 0.758650004863739, 0.7591500282287598, 0.7591999769210815, 0.7591999769210815, 0.7588000297546387, 0.7592499852180481, 0.7592999935150146, 0.7595999836921692, 0.7594500184059143, 0.7594500184059143, 0.7593500018119812, 0.7593500018119812, 0.7593500018119812, 0.7593500018119812, 0.7592999935150146, 0.7592999935150146, 0.7592999935150146, 0.7592999935150146, 0.7592999935150146, 0.7592999935150146, 0.7592999935150146, 0.7592999935150146, 0.7592999935150146, 0.7592999935150146], "lr": [0.009999999776482582, 0.008999999612569809, 0.00800000037997961, 0.007000000216066837, 0.006000000052154064, 0.004999999888241291, 0.004000000189989805, 0.003000000026077032, 0.0020000000949949026, 0.0010000000474974513, 0.0009000000427477062, 0.0008100000559352338, 0.0007290000794455409, 0.0006561000482179224, 0.0005904900608584285, 0.0005314410664141178, 0.00047829694813117385, 0.00043046724749729037, 0.0003874205285683274, 0.0003486784698907286, 0.00027894278173334897, 0.00022315423120744526, 0.0001785233907867223, 0.0001428187097189948, 0.00011425496632000431, 9.14039701456204e-05, 7.312317757168785e-05, 5.849854278494604e-05, 4.6798835683148354e-05, 3.7439069274114445e-05, 2.433539521007333e-05, 1.5818006431800313e-05, 1.0281703907821793e-05, 6.683107585558901e-06, 4.344019998825388e-06, 2.8236129310243996e-06, 1.8353483710598084e-06, 1.192976469610585e-06, 7.754347279842477e-07, 5.040325845584448e-07, 3.2762119417384383e-07, 2.1295377905516943e-07, 1.3841994928043277e-07, 8.997296419011036e-08, 5.848242778938584e-08, 3.8013578063100795e-08, 2.4708825208108465e-08, 1.606073674054187e-08, 1.043947861489869e-08, 6.785660922048464e-09]}