{"loss": [0.27831006050109863, 0.1639968454837799, 0.1490381509065628, 0.1375408172607422, 0.13357768952846527, 0.1301189363002777, 0.1272716224193573, 0.12490914762020111, 0.12267884612083435, 0.12042940407991409, 0.11975573003292084, 0.11921697854995728, 0.11872689425945282, 0.11835071444511414, 0.11797939240932465, 0.11765272915363312, 0.11735764890909195, 0.11712497472763062, 0.11686968803405762, 0.11663943529129028, 0.11637593060731888, 0.11615998297929764, 0.11596869677305222, 0.11581769585609436, 0.11570350080728531, 0.11560805886983871, 0.11552739888429642, 0.11546456068754196, 0.11541235446929932, 0.11537091434001923, 0.11532151699066162, 0.1152864471077919, 0.11526380479335785, 0.11524869501590729, 0.11523860692977905, 0.11523165553808212, 0.1152268573641777, 0.11522383242845535, 0.11522171646356583, 0.11522044986486435, 0.1152196004986763, 0.11521906405687332, 0.11521866917610168, 0.11521844565868378, 0.11521829664707184, 0.11521812528371811, 0.1152181401848793, 0.11521809548139572, 0.1152179092168808, 0.11521792411804199], "accuracy": [0.8711802363395691, 0.9315706491470337, 0.9394212365150452, 0.9448387622833252, 0.9466426372528076, 0.9482922554016113, 0.9495022296905518, 0.9505898952484131, 0.9514997601509094, 0.9524401426315308, 0.9527314901351929, 0.9530311226844788, 0.9532728791236877, 0.9534342288970947, 0.9535938501358032, 0.9537048935890198, 0.9538450241088867, 0.9538897275924683, 0.9540219902992249, 0.9541352391242981, 0.9542421102523804, 0.954329252243042, 0.9544322490692139, 0.9544544816017151, 0.9545102715492249, 0.9545764923095703, 0.9546045064926147, 0.9546232223510742, 0.9546312689781189, 0.9546617269515991, 0.9546837210655212, 0.9547036290168762, 0.9547107219696045, 0.9547097682952881, 0.9547187685966492, 0.9547207355499268, 0.9547240138053894, 0.9547282457351685, 0.9547248482704163, 0.954725980758667, 0.9547269940376282, 0.954728901386261, 0.9547267556190491, 0.9547268748283386, 0.9547266364097595, 0.9547272324562073, 0.95472651720047, 0.9547269940376282, 0.9547269940376282, 0.9547268748283386], "val_loss": [0.18298596143722534, 0.14849522709846497, 0.14176401495933533, 0.13736213743686676, 0.13264629244804382, 0.1297006756067276, 0.1273074597120285, 0.12555977702140808, 0.12440891563892365, 0.12239483743906021, 0.12213057279586792, 0.12167366594076157, 0.12156601995229721, 0.1211920827627182, 0.12103854864835739, 0.12089232355356216, 0.12061911821365356, 0.1204412505030632, 0.12022849172353745, 0.12019886076450348, 0.12009992450475693, 0.11999485641717911, 0.11990012228488922, 0.11986193805932999, 0.11986389011144638, 0.11977667361497879, 0.1197778508067131, 0.11975225061178207, 0.1197218969464302, 0.11971326917409897, 0.11970984935760498, 0.11970458924770355, 0.11969374865293503, 0.11969424039125443, 0.11969339847564697, 0.11969385296106339, 0.1196930855512619, 0.11969256401062012, 0.11969247460365295, 0.11969233304262161, 0.11969215422868729, 0.1196921318769455, 0.11969216167926788, 0.11969213932752609, 0.1196921169757843, 0.1196921244263649, 0.11969210207462311, 0.1196921169757843, 0.1196921169757843, 0.1196921095252037], "val_accuracy": [0.9216330051422119, 0.9395185112953186, 0.9428235292434692, 0.945066511631012, 0.9473645091056824, 0.94845050573349, 0.9495850205421448, 0.9503340125083923, 0.9507740139961243, 0.951756477355957, 0.9517670273780823, 0.9519795179367065, 0.9520354866981506, 0.9521719813346863, 0.9523159861564636, 0.9523400068283081, 0.9524955153465271, 0.952581524848938, 0.9526565074920654, 0.9527055025100708, 0.9526875019073486, 0.9526810050010681, 0.952796995639801, 0.9528040289878845, 0.9528089761734009, 0.9528664946556091, 0.9528424739837646, 0.9528394937515259, 0.9528329968452454, 0.952878475189209, 0.9528694748878479, 0.9528859853744507, 0.9528909921646118, 0.952892005443573, 0.9528800249099731, 0.9528905153274536, 0.952888011932373, 0.9528989791870117, 0.9528964757919312, 0.9528989791870117, 0.9528970122337341, 0.9528964757919312, 0.9528985023498535, 0.9528970122337341, 0.9528970122337341, 0.9528964757919312, 0.9528964757919312, 0.9528964757919312, 0.9528970122337341, 0.9528970122337341], "lr": [0.009999999776482582, 0.008999999612569809, 0.00800000037997961, 0.007000000216066837, 0.006000000052154064, 0.004999999888241291, 0.004000000189989805, 0.003000000026077032, 0.0020000000949949026, 0.0010000000474974513, 0.0009000000427477062, 0.0008100000559352338, 0.0007290000794455409, 0.0006561000482179224, 0.0005904900608584285, 0.0005314410664141178, 0.00047829694813117385, 0.00043046724749729037, 0.0003874205285683274, 0.0003486784698907286, 0.00027894278173334897, 0.00022315423120744526, 0.0001785233907867223, 0.0001428187097189948, 0.00011425496632000431, 9.14039701456204e-05, 7.312317757168785e-05, 5.849854278494604e-05, 4.6798835683148354e-05, 3.7439069274114445e-05, 2.433539521007333e-05, 1.5818006431800313e-05, 1.0281703907821793e-05, 6.683107585558901e-06, 4.344019998825388e-06, 2.8236129310243996e-06, 1.8353483710598084e-06, 1.192976469610585e-06, 7.754347279842477e-07, 5.040325845584448e-07, 3.2762119417384383e-07, 2.1295377905516943e-07, 1.3841994928043277e-07, 8.997296419011036e-08, 5.848242778938584e-08, 3.8013578063100795e-08, 2.4708825208108465e-08, 1.606073674054187e-08, 1.043947861489869e-08, 6.785660922048464e-09]}