{"loss": [0.6849362254142761, 0.615277111530304, 0.5870670676231384, 0.5667945146560669, 0.5482786893844604, 0.5280237197875977, 0.5143177509307861, 0.501093327999115, 0.4913373589515686, 0.4850006401538849], "accuracy": [0.6167874932289124, 0.6472374796867371, 0.6600812673568726, 0.6711875200271606, 0.6878499984741211, 0.7082687616348267, 0.718162477016449, 0.7282500267028809, 0.736606240272522, 0.7410500049591064], "val_loss": [0.6721134781837463, 0.5976423621177673, 0.5752907395362854, 0.5577051639556885, 0.5372528433799744, 0.5276113748550415, 0.5099896788597107, 0.5004839897155762, 0.4928191304206848, 0.4904686510562897], "val_accuracy": [0.6482499837875366, 0.6588000059127808, 0.6656749844551086, 0.6791750192642212, 0.6992999911308289, 0.7102500200271606, 0.7216249704360962, 0.7296749949455261, 0.7341750264167786, 0.73642498254776], "lr": [0.009999999776482582, 0.008999999612569809, 0.00800000037997961, 0.007000000216066837, 0.006000000052154064, 0.004999999888241291, 0.004000000189989805, 0.003000000026077032, 0.0020000000949949026, 0.0010000000474974513]}