{"loss": [0.42708104848861694, 0.2763410806655884, 0.21635399758815765, 0.18490377068519592, 0.1691613644361496, 0.15696534514427185, 0.1475609540939331, 0.14193284511566162, 0.13670119643211365, 0.13292667269706726, 0.1315460503101349, 0.13054296374320984, 0.12972567975521088, 0.12891660630702972, 0.12823085486888885, 0.127537801861763, 0.1269863396883011, 0.1265125870704651, 0.1260383129119873, 0.1255321353673935, 0.1250649392604828, 0.1246815025806427, 0.124348483979702, 0.12408868968486786, 0.12387648224830627, 0.123700350522995, 0.12358096987009048, 0.12344218790531158, 0.12334264814853668, 0.12326226383447647, 0.12317809462547302, 0.12311612069606781, 0.12307561188936234, 0.12305020540952682, 0.12303069233894348, 0.12302037328481674, 0.12301196902990341, 0.1230071485042572, 0.12300387024879456, 0.12300161272287369, 0.12300025671720505, 0.12299922853708267, 0.12299865484237671, 0.12299825996160507, 0.12299799919128418, 0.12299784272909164, 0.1229977235198021, 0.12299761921167374, 0.12299758940935135, 0.12299753725528717], "accuracy": [0.7907256484031677, 0.8750337362289429, 0.9054099917411804, 0.921452522277832, 0.929551899433136, 0.9356725215911865, 0.9400168657302856, 0.9428468942642212, 0.9451369047164917, 0.9468243718147278, 0.9474074840545654, 0.947958767414093, 0.9480987787246704, 0.9486912488937378, 0.9488712549209595, 0.9491956233978271, 0.9494743943214417, 0.9497137665748596, 0.9500225186347961, 0.9501043558120728, 0.9503918886184692, 0.9505762457847595, 0.950749397277832, 0.9508106112480164, 0.9509206414222717, 0.9509556293487549, 0.9510474801063538, 0.9510725140571594, 0.9511443972587585, 0.9511812329292297, 0.9512137770652771, 0.9512643814086914, 0.9512724876403809, 0.9512731432914734, 0.9512912631034851, 0.9512925148010254, 0.9513106346130371, 0.9513068795204163, 0.9512931108474731, 0.9513000249862671, 0.951305627822876, 0.951305627822876, 0.9513062238693237, 0.9513068795204163, 0.9513037204742432, 0.951305627822876, 0.9513049721717834, 0.951305627822876, 0.9513049721717834, 0.9513049721717834], "val_loss": [0.3190254867076874, 0.2393176555633545, 0.1969425231218338, 0.17719119787216187, 0.16409341990947723, 0.1534489244222641, 0.14821873605251312, 0.14366410672664642, 0.1410764902830124, 0.13931381702423096, 0.13878832757472992, 0.13860097527503967, 0.13807480037212372, 0.13776914775371552, 0.13741029798984528, 0.1372080296278, 0.13735388219356537, 0.1370941549539566, 0.13672414422035217, 0.13686953485012054, 0.13649292290210724, 0.1367802619934082, 0.13654763996601105, 0.13649910688400269, 0.1364726573228836, 0.13648131489753723, 0.1364225447177887, 0.13639642298221588, 0.1363593488931656, 0.13640199601650238, 0.13637319207191467, 0.13636630773544312, 0.13637273013591766, 0.13637109100818634, 0.13636448979377747, 0.13636796176433563, 0.13636845350265503, 0.13636912405490875, 0.13636945188045502, 0.1363699734210968, 0.13637015223503113, 0.13637012243270874, 0.1363702118396759, 0.13637027144432068, 0.13637025654315948, 0.13637030124664307, 0.13637028634548187, 0.13637027144432068, 0.13637028634548187, 0.13637028634548187], "val_accuracy": [0.8545774817466736, 0.8936399817466736, 0.9160274863243103, 0.9260824918746948, 0.9325050115585327, 0.9377149939537048, 0.9399750232696533, 0.942282497882843, 0.9433975219726562, 0.9440475106239319, 0.9440649747848511, 0.9443299770355225, 0.9444900155067444, 0.9448000192642212, 0.9448800086975098, 0.9451749920845032, 0.9449399709701538, 0.9453824758529663, 0.945407509803772, 0.9450849890708923, 0.9453725218772888, 0.9455549716949463, 0.9455549716949463, 0.9456024765968323, 0.9455274939537048, 0.9456124901771545, 0.9455599784851074, 0.9456049799919128, 0.945580005645752, 0.9455299973487854, 0.9455825090408325, 0.9455749988555908, 0.945580005645752, 0.9455850124359131, 0.9455875158309937, 0.9456174969673157, 0.9456174969673157, 0.9456250071525574, 0.945609986782074, 0.9456074833869934, 0.9455999732017517, 0.9456049799919128, 0.9456049799919128, 0.9456049799919128, 0.9456049799919128, 0.9456049799919128, 0.9456074833869934, 0.9456074833869934, 0.9456074833869934, 0.9456074833869934], "lr": [0.009999999776482582, 0.008999999612569809, 0.00800000037997961, 0.007000000216066837, 0.006000000052154064, 0.004999999888241291, 0.004000000189989805, 0.003000000026077032, 0.0020000000949949026, 0.0010000000474974513, 0.0009000000427477062, 0.0008100000559352338, 0.0007290000794455409, 0.0006561000482179224, 0.0005904900608584285, 0.0005314410664141178, 0.00047829694813117385, 0.00043046724749729037, 0.0003874205285683274, 0.0003486784698907286, 0.00027894278173334897, 0.00022315423120744526, 0.0001785233907867223, 0.0001428187097189948, 0.00011425496632000431, 9.14039701456204e-05, 7.312317757168785e-05, 5.849854278494604e-05, 4.6798835683148354e-05, 3.7439069274114445e-05, 2.433539521007333e-05, 1.5818006431800313e-05, 1.0281703907821793e-05, 6.683107585558901e-06, 4.344019998825388e-06, 2.8236129310243996e-06, 1.8353483710598084e-06, 1.192976469610585e-06, 7.754347279842477e-07, 5.040325845584448e-07, 3.2762119417384383e-07, 2.1295377905516943e-07, 1.3841994928043277e-07, 8.997296419011036e-08, 5.848242778938584e-08, 3.8013578063100795e-08, 2.4708825208108465e-08, 1.606073674054187e-08, 1.043947861489869e-08, 6.785660922048464e-09]}