{"loss": [0.23752567172050476, 0.1366661936044693, 0.12987501919269562, 0.12650905549526215, 0.12417710572481155, 0.1219143345952034, 0.12173204869031906, 0.11848212778568268, 0.11640267819166183, 0.11441201716661453, 0.11400475353002548, 0.11354394257068634, 0.11306736618280411, 0.11275288462638855, 0.11246911436319351, 0.11225089430809021, 0.11199384927749634, 0.11177583038806915, 0.11160217970609665, 0.11142934858798981, 0.1111912801861763, 0.11100585758686066, 0.11085464060306549, 0.1107226312160492, 0.11062048375606537, 0.11052587628364563, 0.11046557873487473, 0.11040641367435455, 0.1103585958480835, 0.11032264679670334, 0.11027452349662781, 0.110245481133461, 0.11022461950778961, 0.11021079868078232, 0.1102009192109108, 0.11019464582204819, 0.11019029468297958, 0.11018739640712738, 0.11018554121255875, 0.11018432676792145, 0.11018349230289459, 0.11018295586109161, 0.11018268764019012, 0.11018241196870804, 0.11018220335245132, 0.11018209904432297, 0.11018207669258118, 0.1101820096373558, 0.11018198728561401, 0.11018193513154984], "accuracy": [0.8939212560653687, 0.945645272731781, 0.9486131072044373, 0.9501198530197144, 0.9510664939880371, 0.9521123766899109, 0.9521442651748657, 0.9535766243934631, 0.9543986320495605, 0.9552116394042969, 0.9554257392883301, 0.9555925130844116, 0.9557675123214722, 0.9559484720230103, 0.9560451507568359, 0.956125020980835, 0.9562118649482727, 0.9563145041465759, 0.956413745880127, 0.9564862251281738, 0.956574022769928, 0.9566730260848999, 0.956705629825592, 0.9567867517471313, 0.9568121433258057, 0.9568631052970886, 0.9568824768066406, 0.9569035172462463, 0.9569191336631775, 0.9569348692893982, 0.9569550156593323, 0.9569715261459351, 0.9569802284240723, 0.9569951295852661, 0.9570008516311646, 0.9570017457008362, 0.957000732421875, 0.9570029973983765, 0.9570033550262451, 0.9570058584213257, 0.9570069909095764, 0.9570062756538391, 0.957007110118866, 0.9570077657699585, 0.9570090174674988, 0.9570075273513794, 0.9570080041885376, 0.957007884979248, 0.957007884979248, 0.957007646560669], "val_loss": [0.14495350420475006, 0.1326143592596054, 0.12864382565021515, 0.12830188870429993, 0.12458302825689316, 0.1229502260684967, 0.12343312054872513, 0.11951348185539246, 0.11843740940093994, 0.11747800558805466, 0.11709050834178925, 0.11663846671581268, 0.11618927121162415, 0.11648835986852646, 0.11596368998289108, 0.11591338366270065, 0.11586523801088333, 0.11588012427091599, 0.11570987850427628, 0.11560364812612534, 0.11560554057359695, 0.1154867485165596, 0.11549524962902069, 0.1154632568359375, 0.11537183821201324, 0.11532711237668991, 0.11534328013658524, 0.1153285950422287, 0.11529559642076492, 0.1153133362531662, 0.11531123518943787, 0.11529954522848129, 0.11530765891075134, 0.1153101921081543, 0.1153046190738678, 0.11530560255050659, 0.11530672013759613, 0.11530663818120956, 0.11530712991952896, 0.11530683934688568, 0.11530653387308121, 0.11530661582946777, 0.1153065636754036, 0.1153065487742424, 0.11530657112598419, 0.115306556224823, 0.115306556224823, 0.115306556224823, 0.115306556224823, 0.1153065487742424], "val_accuracy": [0.9422680139541626, 0.9474689960479736, 0.9491959810256958, 0.9493600130081177, 0.950859010219574, 0.9514949917793274, 0.9515910148620605, 0.9530479907989502, 0.9535809755325317, 0.9539170265197754, 0.9541105031967163, 0.9542495012283325, 0.9543355107307434, 0.9543715119361877, 0.9545115232467651, 0.954567015171051, 0.9545724987983704, 0.9545844793319702, 0.9546639919281006, 0.9546754956245422, 0.9546985030174255, 0.9547250270843506, 0.9547669887542725, 0.9547814726829529, 0.9548195004463196, 0.9548149704933167, 0.954769492149353, 0.9548190236091614, 0.9547939896583557, 0.954820990562439, 0.9548224806785583, 0.9548115134239197, 0.9548115134239197, 0.9548255205154419, 0.9548239707946777, 0.9548184871673584, 0.9548270106315613, 0.9548174738883972, 0.9548174738883972, 0.9548205137252808, 0.9548195004463196, 0.9548195004463196, 0.9548195004463196, 0.954820990562439, 0.954820990562439, 0.9548205137252808, 0.9548205137252808, 0.9548199772834778, 0.9548199772834778, 0.9548199772834778], "lr": [0.009999999776482582, 0.008999999612569809, 0.00800000037997961, 0.007000000216066837, 0.006000000052154064, 0.004999999888241291, 0.004000000189989805, 0.003000000026077032, 0.0020000000949949026, 0.0010000000474974513, 0.0009000000427477062, 0.0008100000559352338, 0.0007290000794455409, 0.0006561000482179224, 0.0005904900608584285, 0.0005314410664141178, 0.00047829694813117385, 0.00043046724749729037, 0.0003874205285683274, 0.0003486784698907286, 0.00027894278173334897, 0.00022315423120744526, 0.0001785233907867223, 0.0001428187097189948, 0.00011425496632000431, 9.14039701456204e-05, 7.312317757168785e-05, 5.849854278494604e-05, 4.6798835683148354e-05, 3.7439069274114445e-05, 2.433539521007333e-05, 1.5818006431800313e-05, 1.0281703907821793e-05, 6.683107585558901e-06, 4.344019998825388e-06, 2.8236129310243996e-06, 1.8353483710598084e-06, 1.192976469610585e-06, 7.754347279842477e-07, 5.040325845584448e-07, 3.2762119417384383e-07, 2.1295377905516943e-07, 1.3841994928043277e-07, 8.997296419011036e-08, 5.848242778938584e-08, 3.8013578063100795e-08, 2.4708825208108465e-08, 1.606073674054187e-08, 1.043947861489869e-08, 6.785660922048464e-09]}