{"loss": [0.42349472641944885, 0.2669777274131775, 0.18245644867420197, 0.15230987966060638, 0.14369289577007294, 0.13831748068332672, 0.134612575173378, 0.13185955584049225, 0.1287720799446106, 0.1259591430425644, 0.12477031350135803, 0.12398399412631989, 0.12332499772310257, 0.12278497964143753, 0.12224706262350082, 0.12176557630300522, 0.12133695930242538, 0.12096043676137924, 0.12060574442148209, 0.12020374834537506, 0.11982753872871399, 0.11954458057880402, 0.1192498654127121, 0.11900057643651962, 0.1188373938202858, 0.11868521571159363, 0.11855120956897736, 0.11844667047262192, 0.11836826056241989, 0.118306465446949, 0.11822684854269028, 0.1181725263595581, 0.11814086884260178, 0.11811716109514236, 0.11810138821601868, 0.11809239536523819, 0.11808504909276962, 0.11808045208454132, 0.11807809770107269, 0.11807595938444138, 0.1180746853351593, 0.11807385832071304, 0.11807339638471603, 0.11807295680046082, 0.1180727556347847, 0.11807260662317276, 0.11807253211736679, 0.11807247251272202, 0.11807242035865784, 0.11807237565517426], "accuracy": [0.794643759727478, 0.8808918595314026, 0.9238162636756897, 0.937953770160675, 0.9419662356376648, 0.9444962739944458, 0.9461081027984619, 0.9472643733024597, 0.9488018751144409, 0.9499949812889099, 0.9505118727684021, 0.950893759727478, 0.9510412216186523, 0.9514318704605103, 0.9515656232833862, 0.9517268538475037, 0.9519693851470947, 0.9521437287330627, 0.9522531032562256, 0.9524718523025513, 0.9526068568229675, 0.9527681469917297, 0.9528700113296509, 0.9530031085014343, 0.9530380964279175, 0.9530799984931946, 0.9531606435775757, 0.9532168507575989, 0.9532343745231628, 0.9532549977302551, 0.9533200263977051, 0.9533437490463257, 0.9533431529998779, 0.9533687233924866, 0.9533500075340271, 0.953355610370636, 0.9533612728118896, 0.953364372253418, 0.9533681273460388, 0.9533699750900269, 0.9533637762069702, 0.953364372253418, 0.9533656239509583, 0.9533637762069702, 0.9533631205558777, 0.9533637762069702, 0.953364372253418, 0.953364372253418, 0.953364372253418, 0.953364372253418], "val_loss": [0.3213302195072174, 0.2334069162607193, 0.15953350067138672, 0.14758512377738953, 0.144772469997406, 0.13968004286289215, 0.13706807792186737, 0.1370076686143875, 0.13439412415027618, 0.1330743432044983, 0.1330028921365738, 0.13263311982154846, 0.1325327754020691, 0.13207820057868958, 0.13197529315948486, 0.13189883530139923, 0.13188990950584412, 0.13170935213565826, 0.13171662390232086, 0.13158389925956726, 0.13155338168144226, 0.13154438138008118, 0.13156841695308685, 0.13141845166683197, 0.13155187666416168, 0.1314881443977356, 0.13149535655975342, 0.13148067891597748, 0.13144242763519287, 0.13144923746585846, 0.1314876824617386, 0.13147135078907013, 0.13146841526031494, 0.13147687911987305, 0.13147151470184326, 0.13147778809070587, 0.131478413939476, 0.13147853314876556, 0.13147735595703125, 0.13147825002670288, 0.1314779371023178, 0.13147789239883423, 0.1314779371023178, 0.13147781789302826, 0.13147792220115662, 0.13147790729999542, 0.13147790729999542, 0.13147789239883423, 0.13147790729999542, 0.13147789239883423], "val_accuracy": [0.8535324931144714, 0.8984475135803223, 0.9349499940872192, 0.9402350187301636, 0.94149249792099, 0.9438350200653076, 0.9450125098228455, 0.9453999996185303, 0.9462350010871887, 0.9467350244522095, 0.9470174908638, 0.9472424983978271, 0.9474250078201294, 0.9473574757575989, 0.9473574757575989, 0.9474325180053711, 0.9474700093269348, 0.9476249814033508, 0.9476425051689148, 0.9477599859237671, 0.9476400017738342, 0.9475950002670288, 0.9476925134658813, 0.947825014591217, 0.9477574825286865, 0.9477699995040894, 0.9478150010108948, 0.9478574991226196, 0.9478899836540222, 0.9478999972343445, 0.947872519493103, 0.9478325247764587, 0.947872519493103, 0.9479125142097473, 0.9478949904441833, 0.9479050040245056, 0.9479100108146667, 0.947902500629425, 0.9479225277900696, 0.947920024394989, 0.9479299783706665, 0.9479249715805054, 0.9479274749755859, 0.9479274749755859, 0.9479274749755859, 0.9479274749755859, 0.9479274749755859, 0.9479274749755859, 0.9479274749755859, 0.9479274749755859], "lr": [0.009999999776482582, 0.008999999612569809, 0.00800000037997961, 0.007000000216066837, 0.006000000052154064, 0.004999999888241291, 0.004000000189989805, 0.003000000026077032, 0.0020000000949949026, 0.0010000000474974513, 0.0009000000427477062, 0.0008100000559352338, 0.0007290000794455409, 0.0006561000482179224, 0.0005904900608584285, 0.0005314410664141178, 0.00047829694813117385, 0.00043046724749729037, 0.0003874205285683274, 0.0003486784698907286, 0.00027894278173334897, 0.00022315423120744526, 0.0001785233907867223, 0.0001428187097189948, 0.00011425496632000431, 9.14039701456204e-05, 7.312317757168785e-05, 5.849854278494604e-05, 4.6798835683148354e-05, 3.7439069274114445e-05, 2.433539521007333e-05, 1.5818006431800313e-05, 1.0281703907821793e-05, 6.683107585558901e-06, 4.344019998825388e-06, 2.8236129310243996e-06, 1.8353483710598084e-06, 1.192976469610585e-06, 7.754347279842477e-07, 5.040325845584448e-07, 3.2762119417384383e-07, 2.1295377905516943e-07, 1.3841994928043277e-07, 8.997296419011036e-08, 5.848242778938584e-08, 3.8013578063100795e-08, 2.4708825208108465e-08, 1.606073674054187e-08, 1.043947861489869e-08, 6.785660922048464e-09]}