{"loss": [0.5023210644721985, 0.35887637734413147, 0.3135780096054077, 0.27934300899505615, 0.24937182664871216, 0.22679370641708374, 0.21088647842407227, 0.19897331297397614, 0.1895931214094162, 0.1824977695941925, 0.17928656935691833, 0.17678306996822357, 0.17474544048309326, 0.1731841117143631, 0.17130537331104279, 0.16964839398860931, 0.16837386786937714, 0.16714899241924286, 0.166298046708107, 0.1655806601047516, 0.16433051228523254, 0.16349086165428162, 0.16284717619419098, 0.16228081285953522, 0.16185534000396729, 0.16153118014335632, 0.1612580269575119, 0.16105003654956818, 0.16087062656879425, 0.16073784232139587, 0.16060376167297363, 0.16051317751407623, 0.16045206785202026, 0.16041208803653717, 0.16038507223129272, 0.16036958992481232, 0.16035817563533783, 0.1603512316942215, 0.1603464037179947, 0.16034312546253204, 0.16034133732318878, 0.1603401005268097, 0.16033916175365448, 0.1603386104106903, 0.16033823788166046, 0.16033805906772614, 0.1603379100561142, 0.16033782064914703, 0.16033770143985748, 0.16033770143985748], "accuracy": [0.744350016117096, 0.8308312296867371, 0.856124997138977, 0.8728765845298767, 0.8879859447479248, 0.8998875021934509, 0.9077093601226807, 0.9136062264442444, 0.9184906482696533, 0.9218312501907349, 0.9234234094619751, 0.9247702956199646, 0.9255531430244446, 0.9266062378883362, 0.9275062680244446, 0.9281187653541565, 0.928821861743927, 0.9295578002929688, 0.9299452900886536, 0.9302250146865845, 0.930789053440094, 0.9313687682151794, 0.9316906332969666, 0.9319515824317932, 0.9320499897003174, 0.9323453307151794, 0.9324093461036682, 0.9325218796730042, 0.9326640367507935, 0.9327484369277954, 0.932756245136261, 0.9328140616416931, 0.932853102684021, 0.9328656196594238, 0.9328656196594238, 0.9329078197479248, 0.932895302772522, 0.9329078197479248, 0.9329000115394592, 0.932895302772522, 0.9329078197479248, 0.9329078197479248, 0.9329062700271606, 0.932909369468689, 0.9329062700271606, 0.932909369468689, 0.932909369468689, 0.9329109191894531, 0.9329109191894531, 0.9329109191894531], "val_loss": [0.40202611684799194, 0.3307843804359436, 0.29684898257255554, 0.26652613282203674, 0.24082626402378082, 0.2236839383840561, 0.21139082312583923, 0.2018713653087616, 0.1963992714881897, 0.19361811876296997, 0.19138631224632263, 0.1898844987154007, 0.18968454003334045, 0.18807744979858398, 0.1867540031671524, 0.18626448512077332, 0.1851062923669815, 0.18476809561252594, 0.18481895327568054, 0.1840011179447174, 0.1835625171661377, 0.18309658765792847, 0.1830243319272995, 0.1829840987920761, 0.1827375739812851, 0.18267275393009186, 0.18255369365215302, 0.18253302574157715, 0.18254874646663666, 0.18244576454162598, 0.1824372559785843, 0.18242762982845306, 0.18241959810256958, 0.1824190616607666, 0.18241316080093384, 0.1824158877134323, 0.1824147254228592, 0.18241313099861145, 0.18241359293460846, 0.18241286277770996, 0.18241268396377563, 0.1824122965335846, 0.1824122816324234, 0.18241223692893982, 0.18241217732429504, 0.18241213262081146, 0.18241213262081146, 0.18241210281848907, 0.18241208791732788, 0.18241208791732788], "val_accuracy": [0.8015562295913696, 0.846443772315979, 0.8640999794006348, 0.8790125250816345, 0.8932250142097473, 0.9017999768257141, 0.9079999923706055, 0.9126750230789185, 0.9156249761581421, 0.9172187447547913, 0.9178875088691711, 0.918681263923645, 0.9186687469482422, 0.9201250076293945, 0.9204624891281128, 0.9210062623023987, 0.9213062524795532, 0.9214187264442444, 0.9214749932289124, 0.9221312403678894, 0.9225124716758728, 0.9226624965667725, 0.9228812456130981, 0.922962486743927, 0.9229124784469604, 0.9231312274932861, 0.9231687784194946, 0.9230499863624573, 0.9232749938964844, 0.9231749773025513, 0.9233250021934509, 0.9232249855995178, 0.9232000112533569, 0.9232187271118164, 0.9232125282287598, 0.9232375025749207, 0.9232187271118164, 0.9232500195503235, 0.9232375025749207, 0.9232437610626221, 0.9232624769210815, 0.923268735408783, 0.9232500195503235, 0.9232437610626221, 0.9232500195503235, 0.9232500195503235, 0.9232562780380249, 0.9232562780380249, 0.9232562780380249, 0.9232562780380249], "lr": [0.009999999776482582, 0.008999999612569809, 0.00800000037997961, 0.007000000216066837, 0.006000000052154064, 0.004999999888241291, 0.004000000189989805, 0.003000000026077032, 0.0020000000949949026, 0.0010000000474974513, 0.0009000000427477062, 0.0008100000559352338, 0.0007290000794455409, 0.0006561000482179224, 0.0005904900608584285, 0.0005314410664141178, 0.00047829694813117385, 0.00043046724749729037, 0.0003874205285683274, 0.0003486784698907286, 0.00027894278173334897, 0.00022315423120744526, 0.0001785233907867223, 0.0001428187097189948, 0.00011425496632000431, 9.14039701456204e-05, 7.312317757168785e-05, 5.849854278494604e-05, 4.6798835683148354e-05, 3.7439069274114445e-05, 2.433539521007333e-05, 1.5818006431800313e-05, 1.0281703907821793e-05, 6.683107585558901e-06, 4.344019998825388e-06, 2.8236129310243996e-06, 1.8353483710598084e-06, 1.192976469610585e-06, 7.754347279842477e-07, 5.040325845584448e-07, 3.2762119417384383e-07, 2.1295377905516943e-07, 1.3841994928043277e-07, 8.997296419011036e-08, 5.848242778938584e-08, 3.8013578063100795e-08, 2.4708825208108465e-08, 1.606073674054187e-08, 1.043947861489869e-08, 6.785660922048464e-09]}