{"loss": [0.24194863438606262, 0.13681980967521667, 0.1301097869873047, 0.12688250839710236, 0.12441206723451614, 0.12287925183773041, 0.12053143978118896, 0.11853622645139694, 0.1165914461016655, 0.11464052647352219, 0.11405912041664124, 0.11366505920886993, 0.1133003756403923, 0.1129758208990097, 0.11271640658378601, 0.11244016885757446, 0.1122005358338356, 0.11202646791934967, 0.11181847751140594, 0.11163622885942459, 0.11141710728406906, 0.1112314909696579, 0.11106713861227036, 0.1109296977519989, 0.11083617061376572, 0.11074484884738922, 0.11067987978458405, 0.11061987280845642, 0.11057353764772415, 0.1105344370007515, 0.11048964411020279, 0.11045806854963303, 0.11043566465377808, 0.11042262613773346, 0.11041244119405746, 0.11040607839822769, 0.11040173470973969, 0.11039898544549942, 0.11039704084396362, 0.11039575934410095, 0.11039499193429947, 0.11039433628320694, 0.1103939488530159, 0.11039385944604874, 0.11039365828037262, 0.11039353162050247, 0.11039355397224426, 0.11039343476295471, 0.11039351671934128, 0.11039341986179352], "accuracy": [0.8914322257041931, 0.9453798532485962, 0.9483261108398438, 0.9497728943824768, 0.950904369354248, 0.9515228867530823, 0.9525161385536194, 0.9533920288085938, 0.9542322754859924, 0.9550281167030334, 0.9552688598632812, 0.9554275274276733, 0.9556072354316711, 0.9557139873504639, 0.9558413624763489, 0.955958366394043, 0.9560679793357849, 0.9561107754707336, 0.956200122833252, 0.9563184976577759, 0.9563748836517334, 0.9564488530158997, 0.9565252661705017, 0.9565719962120056, 0.9566582441329956, 0.9566663503646851, 0.9567185044288635, 0.9567538499832153, 0.9567698836326599, 0.9567517638206482, 0.9567782282829285, 0.956803023815155, 0.9568182229995728, 0.9568207263946533, 0.9568212628364563, 0.9568215012550354, 0.9568278789520264, 0.9568251371383667, 0.9568288922309875, 0.9568254947662354, 0.9568283557891846, 0.9568269848823547, 0.9568278789520264, 0.9568279981613159, 0.9568278789520264, 0.9568278789520264, 0.956828236579895, 0.9568284749984741, 0.9568284749984741, 0.9568286538124084], "val_loss": [0.14280393719673157, 0.1335180550813675, 0.12925009429454803, 0.12756343185901642, 0.12474916875362396, 0.12242256850004196, 0.12108615040779114, 0.12026558816432953, 0.11818831413984299, 0.11686861515045166, 0.11682727932929993, 0.11684776097536087, 0.11629675328731537, 0.11620413511991501, 0.11604321002960205, 0.11606801301240921, 0.11602454632520676, 0.11580455303192139, 0.11574684828519821, 0.11584320664405823, 0.11558975279331207, 0.11550313979387283, 0.11553224921226501, 0.11548305302858353, 0.11538348346948624, 0.11543542891740799, 0.11538703739643097, 0.11536387354135513, 0.11536206305027008, 0.11535099893808365, 0.11536163836717606, 0.1153532937169075, 0.11535525321960449, 0.11535105109214783, 0.11535666882991791, 0.11535380780696869, 0.11535300314426422, 0.11535331606864929, 0.11535316705703735, 0.11535327881574631, 0.11535318940877914, 0.11535322666168213, 0.11535324156284332, 0.11535323411226273, 0.11535323411226273, 0.11535321176052094, 0.11535321921110153, 0.11535321921110153, 0.11535321921110153, 0.11535321921110153], "val_accuracy": [0.9425640106201172, 0.9468634724617004, 0.9488160014152527, 0.9495974779129028, 0.9508655071258545, 0.9517920017242432, 0.9523389935493469, 0.9528254866600037, 0.9535685181617737, 0.9541929960250854, 0.9542635083198547, 0.954069972038269, 0.9544180035591125, 0.9543575048446655, 0.9545519948005676, 0.9544960260391235, 0.954523503780365, 0.9545965194702148, 0.9546070098876953, 0.9546235203742981, 0.9546604752540588, 0.9547284841537476, 0.9547464847564697, 0.9547535181045532, 0.9547590017318726, 0.9548180103302002, 0.9548115134239197, 0.9548255205154419, 0.9547889828681946, 0.9548180103302002, 0.9548069834709167, 0.9548035264015198, 0.954786479473114, 0.9548220038414001, 0.9548220038414001, 0.9548130035400391, 0.954816997051239, 0.9548090100288391, 0.9548079967498779, 0.9548079967498779, 0.9548100233078003, 0.9548054933547974, 0.9548079967498779, 0.9548079967498779, 0.9548079967498779, 0.9548084735870361, 0.9548084735870361, 0.9548090100288391, 0.9548090100288391, 0.9548090100288391], "lr": [0.009999999776482582, 0.008999999612569809, 0.00800000037997961, 0.007000000216066837, 0.006000000052154064, 0.004999999888241291, 0.004000000189989805, 0.003000000026077032, 0.0020000000949949026, 0.0010000000474974513, 0.0009000000427477062, 0.0008100000559352338, 0.0007290000794455409, 0.0006561000482179224, 0.0005904900608584285, 0.0005314410664141178, 0.00047829694813117385, 0.00043046724749729037, 0.0003874205285683274, 0.0003486784698907286, 0.00027894278173334897, 0.00022315423120744526, 0.0001785233907867223, 0.0001428187097189948, 0.00011425496632000431, 9.14039701456204e-05, 7.312317757168785e-05, 5.849854278494604e-05, 4.6798835683148354e-05, 3.7439069274114445e-05, 2.433539521007333e-05, 1.5818006431800313e-05, 1.0281703907821793e-05, 6.683107585558901e-06, 4.344019998825388e-06, 2.8236129310243996e-06, 1.8353483710598084e-06, 1.192976469610585e-06, 7.754347279842477e-07, 5.040325845584448e-07, 3.2762119417384383e-07, 2.1295377905516943e-07, 1.3841994928043277e-07, 8.997296419011036e-08, 5.848242778938584e-08, 3.8013578063100795e-08, 2.4708825208108465e-08, 1.606073674054187e-08, 1.043947861489869e-08, 6.785660922048464e-09]}