{"loss": [0.7120811343193054, 0.6155534982681274, 0.5665414333343506, 0.5394998788833618, 0.5191804766654968, 0.50026535987854, 0.4804474115371704, 0.46383047103881836, 0.4509899318218231, 0.4428378939628601, 0.4368148446083069, 0.4309132397174835, 0.42560166120529175, 0.421174556016922, 0.4174196422100067, 0.4148496091365814, 0.41128167510032654, 0.4080689549446106, 0.4061793386936188, 0.4045993685722351, 0.4059905707836151, 0.40341630578041077, 0.402446448802948, 0.4016118049621582, 0.40249764919281006, 0.4006223976612091, 0.39989081025123596, 0.39996203780174255, 0.39913517236709595, 0.3986881375312805, 0.39836668968200684, 0.39819639921188354, 0.3980256915092468, 0.3979722261428833, 0.3979388177394867, 0.39791175723075867, 0.39789247512817383, 0.39788100123405457, 0.3978727161884308, 0.39786869287490845, 0.3978630006313324, 0.3978593647480011, 0.39785829186439514, 0.39785757660865784, 0.39785706996917725, 0.39785677194595337, 0.39785659313201904, 0.3978564441204071, 0.39785638451576233, 0.39785629510879517], "accuracy": [0.6715875267982483, 0.7058249711990356, 0.7222999930381775, 0.7214499711990356, 0.7317875027656555, 0.7406250238418579, 0.7448999881744385, 0.752887487411499, 0.763824999332428, 0.772225022315979, 0.7770000100135803, 0.7818999886512756, 0.7857875227928162, 0.788937509059906, 0.7914375066757202, 0.7935125231742859, 0.7950999736785889, 0.7965499758720398, 0.7981749773025513, 0.7991124987602234, 0.7976499795913696, 0.800125002861023, 0.8014249801635742, 0.8009250164031982, 0.8002499938011169, 0.8008750081062317, 0.8012375235557556, 0.801437497138977, 0.8020250201225281, 0.8026999831199646, 0.8029624819755554, 0.8032125234603882, 0.8033375144004822, 0.8034374713897705, 0.8033999800682068, 0.8033875226974487, 0.8033875226974487, 0.8033999800682068, 0.8034250140190125, 0.8034499883651733, 0.8034499883651733, 0.8034374713897705, 0.8034250140190125, 0.8034250140190125, 0.8034250140190125, 0.8034250140190125, 0.8034250140190125, 0.8034250140190125, 0.8034250140190125, 0.8034250140190125], "val_loss": [0.583823025226593, 0.576187014579773, 0.5588852763175964, 0.5376438498497009, 0.5184289216995239, 0.4976445436477661, 0.4795473515987396, 0.46459677815437317, 0.45527592301368713, 0.44856777787208557, 0.4437505006790161, 0.43794599175453186, 0.4346211850643158, 0.43163812160491943, 0.4285535216331482, 0.42734384536743164, 0.4224833548069, 0.420864999294281, 0.41906845569610596, 0.41759824752807617, 0.4179295003414154, 0.4180029332637787, 0.4172918498516083, 0.4171903729438782, 0.415937602519989, 0.41404956579208374, 0.4146226644515991, 0.41406914591789246, 0.413578599691391, 0.4134189486503601, 0.4132325053215027, 0.41319921612739563, 0.41305819153785706, 0.41297677159309387, 0.4129590690135956, 0.4129961431026459, 0.41299447417259216, 0.4129959046840668, 0.41299447417259216, 0.4129939377307892, 0.4129890501499176, 0.41298890113830566, 0.41298848390579224, 0.4129886329174042, 0.4129885733127594, 0.41298842430114746, 0.41298848390579224, 0.4129883646965027, 0.41298842430114746, 0.4129883646965027], "val_accuracy": [0.7160000205039978, 0.7160000205039978, 0.7160000205039978, 0.716949999332428, 0.7325500249862671, 0.7427999973297119, 0.7451000213623047, 0.7560499906539917, 0.7645000219345093, 0.7679499983787537, 0.7731500267982483, 0.7771999835968018, 0.7782999873161316, 0.7827000021934509, 0.7841500043869019, 0.786300003528595, 0.7876499891281128, 0.7874000072479248, 0.7898499965667725, 0.790149986743927, 0.791450023651123, 0.7911999821662903, 0.7915999889373779, 0.7907999753952026, 0.7919999957084656, 0.7925999760627747, 0.7930499911308289, 0.7929499745368958, 0.7934499979019165, 0.7935500144958496, 0.7932999730110168, 0.7936000227928162, 0.7938500046730042, 0.7940499782562256, 0.7940000295639038, 0.7939500212669373, 0.7939000129699707, 0.7938500046730042, 0.7938500046730042, 0.7938500046730042, 0.7938500046730042, 0.7938500046730042, 0.7938500046730042, 0.7938500046730042, 0.7938500046730042, 0.7938500046730042, 0.7938500046730042, 0.7938500046730042, 0.7938500046730042, 0.7938500046730042], "lr": [0.009999999776482582, 0.008999999612569809, 0.00800000037997961, 0.007000000216066837, 0.006000000052154064, 0.004999999888241291, 0.004000000189989805, 0.003000000026077032, 0.0020000000949949026, 0.0010000000474974513, 0.0009000000427477062, 0.0008100000559352338, 0.0007290000794455409, 0.0006561000482179224, 0.0005904900608584285, 0.0005314410664141178, 0.00047829694813117385, 0.00043046724749729037, 0.0003874205285683274, 0.0003486784698907286, 0.00027894278173334897, 0.00022315423120744526, 0.0001785233907867223, 0.0001428187097189948, 0.00011425496632000431, 9.14039701456204e-05, 7.312317757168785e-05, 5.849854278494604e-05, 4.6798835683148354e-05, 3.7439069274114445e-05, 2.433539521007333e-05, 1.5818006431800313e-05, 1.0281703907821793e-05, 6.683107585558901e-06, 4.344019998825388e-06, 2.8236129310243996e-06, 1.8353483710598084e-06, 1.192976469610585e-06, 7.754347279842477e-07, 5.040325845584448e-07, 3.2762119417384383e-07, 2.1295377905516943e-07, 1.3841994928043277e-07, 8.997296419011036e-08, 5.848242778938584e-08, 3.8013578063100795e-08, 2.4708825208108465e-08, 1.606073674054187e-08, 1.043947861489869e-08, 6.785660922048464e-09]}