{"loss": [0.3035156726837158, 0.17563383281230927, 0.15065354108810425, 0.14011865854263306, 0.13478393852710724, 0.1315068155527115, 0.1287917196750641, 0.12649336457252502, 0.12427664548158646, 0.12200643867254257, 0.12171521782875061, 0.12118703126907349, 0.12078864872455597, 0.12051442265510559, 0.12020353972911835, 0.12000352889299393, 0.11976965516805649, 0.11951808631420135, 0.11920641362667084, 0.11906912177801132, 0.1187707856297493, 0.11847967654466629, 0.1182510107755661, 0.11812794208526611, 0.11799182742834091, 0.11784163862466812, 0.11774555593729019, 0.11757171154022217, 0.11751975864171982, 0.11741752177476883, 0.11725545674562454, 0.11714302003383636, 0.11713585257530212, 0.11705154180526733, 0.11694516241550446, 0.11688534915447235, 0.11678590625524521, 0.11677359789609909, 0.11676785349845886, 0.11671355366706848, 0.11669337749481201, 0.11667206883430481, 0.11664256453514099, 0.11662477254867554, 0.11654388159513474, 0.11642329394817352, 0.11633176356554031, 0.11622258275747299, 0.11609193682670593, 0.11598985642194748], "accuracy": [0.8598577380180359, 0.9268286228179932, 0.9390642642974854, 0.9440624713897705, 0.9463671445846558, 0.9477992653846741, 0.9490376114845276, 0.9500390291213989, 0.9510430097579956, 0.9520015120506287, 0.9520787596702576, 0.9522828459739685, 0.9524991512298584, 0.952597975730896, 0.9527237415313721, 0.952820897102356, 0.9528963565826416, 0.9530792236328125, 0.9531126022338867, 0.9531838893890381, 0.9532872438430786, 0.9534149765968323, 0.9535626173019409, 0.9535912275314331, 0.9536616206169128, 0.9537256360054016, 0.9537410140037537, 0.9538087248802185, 0.9538183808326721, 0.9539063572883606, 0.9539331197738647, 0.9539991021156311, 0.9540156126022339, 0.9540733695030212, 0.9540928602218628, 0.9541297554969788, 0.9541648626327515, 0.9541652202606201, 0.9541702270507812, 0.9542192220687866, 0.9541651010513306, 0.9542272686958313, 0.9541926383972168, 0.9542216062545776, 0.9542921185493469, 0.9543160200119019, 0.9544137716293335, 0.9544272422790527, 0.954422652721405, 0.9544875025749207], "val_loss": [0.20616383850574493, 0.16043643653392792, 0.1541879028081894, 0.1402767151594162, 0.13425101339817047, 0.13069480657577515, 0.12849175930023193, 0.12786813080310822, 0.12526819109916687, 0.12378159165382385, 0.12411992996931076, 0.12361520528793335, 0.12323784083127975, 0.1233072578907013, 0.12275853008031845, 0.12267464399337769, 0.122173972427845, 0.12191878259181976, 0.12180294841527939, 0.12136352062225342, 0.12172381579875946, 0.12162458896636963, 0.12143629789352417, 0.12079133838415146, 0.12096963822841644, 0.12063653022050858, 0.12078066915273666, 0.12060726433992386, 0.12094930559396744, 0.12064450234174728, 0.12030727416276932, 0.12041065841913223, 0.12047193944454193, 0.12044057250022888, 0.12028040736913681, 0.1206158697605133, 0.12014520168304443, 0.12015841156244278, 0.11998005956411362, 0.1203661635518074, 0.1199321299791336, 0.12006142735481262, 0.1200491338968277, 0.1202656552195549, 0.12011737376451492, 0.11990318447351456, 0.11985699087381363, 0.11969013512134552, 0.11973942816257477, 0.11957435309886932], "val_accuracy": [0.9124540090560913, 0.9342569708824158, 0.9381585121154785, 0.9442489743232727, 0.946659505367279, 0.9482294917106628, 0.9493399858474731, 0.9494314789772034, 0.950465977191925, 0.9511539936065674, 0.9509649872779846, 0.9511910080909729, 0.9513924717903137, 0.9515205025672913, 0.9517239928245544, 0.9517340064048767, 0.9520249962806702, 0.9519404768943787, 0.9519960284233093, 0.9522204995155334, 0.9522330164909363, 0.9521934986114502, 0.9521390199661255, 0.9524834752082825, 0.952533483505249, 0.9525684714317322, 0.9525474905967712, 0.9526525139808655, 0.9523910284042358, 0.9524919986724854, 0.9525930285453796, 0.952597975730896, 0.952672004699707, 0.95271897315979, 0.9526475071907043, 0.9526649713516235, 0.9527429938316345, 0.9527329802513123, 0.9527955055236816, 0.9527639746665955, 0.9527829885482788, 0.9528465270996094, 0.9527940154075623, 0.9526224732398987, 0.9528095126152039, 0.9527555108070374, 0.9527825117111206, 0.9528424739837646, 0.952909529209137, 0.9529964923858643], "lr": [0.009999999776482582, 0.008999999612569809, 0.00800000037997961, 0.007000000216066837, 0.006000000052154064, 0.004999999888241291, 0.004000000189989805, 0.003000000026077032, 0.0020000000949949026, 0.0010000000474974513, 0.0009000000427477062, 0.0008100000559352338, 0.0007290000794455409, 0.0006561000482179224, 0.0005904900608584285, 0.0005314410664141178, 0.00047829694813117385, 0.00043046724749729037, 0.0003874205285683274, 0.0003486784698907286, 0.00027894278173334897, 0.00022315423120744526, 0.0001785233907867223, 0.0001428187097189948, 0.00011425496632000431, 9.14039701456204e-05, 7.312317757168785e-05, 5.849854278494604e-05, 4.6798835683148354e-05, 3.7439069274114445e-05, 2.433539521007333e-05, 1.5818006431800313e-05, 1.0281703907821793e-05, 6.683107585558901e-06, 4.344019998825388e-06, 2.8236129310243996e-06, 1.8353483710598084e-06, 1.192976469610585e-06, 7.754347279842477e-07, 5.040325845584448e-07, 3.2762119417384383e-07, 2.1295377905516943e-07, 1.3841994928043277e-07, 8.997296419011036e-08, 5.848242778938584e-08, 3.8013578063100795e-08, 2.4708825208108465e-08, 1.606073674054187e-08, 1.043947861489869e-08, 6.785660922048464e-09]}