{"loss": [0.32693344354629517, 0.17030222713947296, 0.1469699591398239, 0.13892841339111328, 0.13417387008666992, 0.13088442385196686, 0.1283375769853592, 0.12606267631053925, 0.12407246232032776, 0.12192895263433456, 0.12162993103265762, 0.12122690677642822, 0.12082236260175705, 0.12042415887117386, 0.12006796151399612, 0.11982077360153198, 0.1196039617061615, 0.11927790194749832, 0.11905235797166824, 0.11882945895195007, 0.11853019893169403, 0.11826407164335251, 0.11813654750585556, 0.11794020235538483, 0.11787713319063187, 0.11769154667854309, 0.11756225675344467, 0.11745966970920563, 0.11741597205400467, 0.11737514287233353, 0.11718230694532394, 0.1170504167675972, 0.11694753915071487, 0.11688802391290665, 0.11682987213134766, 0.11675658822059631, 0.11676988750696182, 0.11668824404478073, 0.11663776636123657, 0.11662736535072327, 0.1166304424405098, 0.11656973510980606, 0.11656469106674194, 0.11647878587245941, 0.11643888056278229, 0.11636797338724136, 0.11622552573680878, 0.11617961525917053, 0.11605414003133774, 0.11598749458789825], "accuracy": [0.8479957580566406, 0.9295853972434998, 0.9407644867897034, 0.9444544911384583, 0.9466577768325806, 0.9480973482131958, 0.9491990208625793, 0.9501653909683228, 0.9510208964347839, 0.9519473910331726, 0.9520432353019714, 0.9522611498832703, 0.9523783922195435, 0.9525333642959595, 0.9527165293693542, 0.9528218507766724, 0.9529273509979248, 0.9530806541442871, 0.9531819820404053, 0.9532801508903503, 0.9534115195274353, 0.9534968733787537, 0.9535629749298096, 0.9536096453666687, 0.9536667466163635, 0.9537339806556702, 0.9538068771362305, 0.9538422226905823, 0.9539051055908203, 0.9538745284080505, 0.953944742679596, 0.9539985060691833, 0.9540501236915588, 0.9540660977363586, 0.9541388750076294, 0.9541458487510681, 0.9541366100311279, 0.9541742205619812, 0.9541860222816467, 0.9542264938354492, 0.9542167782783508, 0.9542267322540283, 0.954176127910614, 0.9542474746704102, 0.954266369342804, 0.9543073773384094, 0.9543778896331787, 0.9544054865837097, 0.9543797373771667, 0.9544821381568909], "val_loss": [0.20190465450286865, 0.15256734192371368, 0.14210186898708344, 0.13763047754764557, 0.13260677456855774, 0.13065361976623535, 0.12844453752040863, 0.12694051861763, 0.1252400428056717, 0.12379772961139679, 0.12395691126585007, 0.12254579365253448, 0.12301795929670334, 0.12263721972703934, 0.12265513837337494, 0.12204491347074509, 0.12209102511405945, 0.12199311703443527, 0.12157675623893738, 0.12163373082876205, 0.1215425655245781, 0.12082217633724213, 0.12104956060647964, 0.12083218991756439, 0.12108934670686722, 0.12115031480789185, 0.1209520772099495, 0.12062272429466248, 0.12073751538991928, 0.12051728367805481, 0.12049335986375809, 0.12040397524833679, 0.12053763121366501, 0.12027397006750107, 0.12040022760629654, 0.12046380341053009, 0.12022128701210022, 0.12023939192295074, 0.12015335261821747, 0.12024848908185959, 0.12010258436203003, 0.12024959921836853, 0.12014175951480865, 0.12013483047485352, 0.11998116225004196, 0.1199587807059288, 0.11991763114929199, 0.11988157033920288, 0.11979209631681442, 0.1196548342704773], "val_accuracy": [0.913022518157959, 0.9382615089416504, 0.9430570006370544, 0.9450095295906067, 0.9472839832305908, 0.9482499957084656, 0.9492514729499817, 0.9498785138130188, 0.9504579901695251, 0.9512659907341003, 0.9511640071868896, 0.9516549706459045, 0.9515125155448914, 0.9516010284423828, 0.9517924785614014, 0.9518939852714539, 0.95192551612854, 0.9518845081329346, 0.9521265029907227, 0.9521070122718811, 0.9520829916000366, 0.9524065256118774, 0.9523919820785522, 0.9525005221366882, 0.9523015022277832, 0.9522759914398193, 0.9523504972457886, 0.9524949789047241, 0.9524155259132385, 0.9526060223579407, 0.9525315165519714, 0.9526004791259766, 0.9524649977684021, 0.9526575207710266, 0.9525924921035767, 0.9525834918022156, 0.9526360034942627, 0.9526500105857849, 0.9526680111885071, 0.9526064991950989, 0.9526914954185486, 0.9526985287666321, 0.952750027179718, 0.9527614712715149, 0.9527639746665955, 0.9527999758720398, 0.9527609944343567, 0.9528200030326843, 0.9528970122337341, 0.952925980091095], "lr": [0.009999999776482582, 0.008999999612569809, 0.00800000037997961, 0.007000000216066837, 0.006000000052154064, 0.004999999888241291, 0.004000000189989805, 0.003000000026077032, 0.0020000000949949026, 0.0010000000474974513, 0.0009000000427477062, 0.0008100000559352338, 0.0007290000794455409, 0.0006561000482179224, 0.0005904900608584285, 0.0005314410664141178, 0.00047829694813117385, 0.00043046724749729037, 0.0003874205285683274, 0.0003486784698907286, 0.00027894278173334897, 0.00022315423120744526, 0.0001785233907867223, 0.0001428187097189948, 0.00011425496632000431, 9.14039701456204e-05, 7.312317757168785e-05, 5.849854278494604e-05, 4.6798835683148354e-05, 3.7439069274114445e-05, 2.433539521007333e-05, 1.5818006431800313e-05, 1.0281703907821793e-05, 6.683107585558901e-06, 4.344019998825388e-06, 2.8236129310243996e-06, 1.8353483710598084e-06, 1.192976469610585e-06, 7.754347279842477e-07, 5.040325845584448e-07, 3.2762119417384383e-07, 2.1295377905516943e-07, 1.3841994928043277e-07, 8.997296419011036e-08, 5.848242778938584e-08, 3.8013578063100795e-08, 2.4708825208108465e-08, 1.606073674054187e-08, 1.043947861489869e-08, 6.785660922048464e-09]}