{"loss": [0.28990548849105835, 0.18334907293319702, 0.16638244688510895, 0.15827274322509766, 0.1544412523508072, 0.1513257920742035, 0.14820465445518494, 0.14566220343112946, 0.14299993216991425, 0.13946928083896637, 0.1395256519317627, 0.1392921507358551, 0.13884158432483673, 0.13866634666919708, 0.13828355073928833, 0.13796447217464447, 0.13769270479679108, 0.13741552829742432, 0.13718192279338837, 0.1368979513645172, 0.13647334277629852, 0.13595730066299438, 0.1358633190393448, 0.1355513036251068, 0.13531023263931274, 0.13517941534519196, 0.13493236899375916, 0.13453809916973114, 0.13443033397197723, 0.13438330590724945, 0.1339876800775528, 0.13368010520935059, 0.13347674906253815, 0.13310912251472473, 0.13286644220352173, 0.13279932737350464, 0.1325855404138565, 0.13260376453399658, 0.1324412077665329, 0.13233843445777893, 0.13224561512470245, 0.13222014904022217, 0.13201472163200378, 0.13171662390232086, 0.13108684122562408, 0.13061785697937012, 0.129958376288414, 0.1291145235300064, 0.1284020096063614, 0.12797385454177856], "accuracy": [0.8661239743232727, 0.9227782487869263, 0.931584894657135, 0.9355748891830444, 0.9374351501464844, 0.9389848709106445, 0.9402911067008972, 0.9417185187339783, 0.9427607655525208, 0.9441657662391663, 0.9441876411437988, 0.944365382194519, 0.9445865154266357, 0.9445753693580627, 0.9448599815368652, 0.944904625415802, 0.945077121257782, 0.9452431201934814, 0.945335865020752, 0.9453896284103394, 0.945549726486206, 0.9458062648773193, 0.9459048509597778, 0.9460191130638123, 0.9462343454360962, 0.946138858795166, 0.9463223814964294, 0.9465181231498718, 0.9464765191078186, 0.946482241153717, 0.9466848969459534, 0.946814239025116, 0.9469112753868103, 0.9470316171646118, 0.9470930099487305, 0.9472079873085022, 0.9473299980163574, 0.9472535252571106, 0.9473238587379456, 0.9473667740821838, 0.9473437666893005, 0.947451114654541, 0.9475197792053223, 0.947656512260437, 0.9478018879890442, 0.9480756521224976, 0.9483124017715454, 0.9487256407737732, 0.9489893913269043, 0.9491342306137085], "val_loss": [0.20211590826511383, 0.17792221903800964, 0.16219152510166168, 0.15707610547542572, 0.1630193144083023, 0.15407724678516388, 0.1508718729019165, 0.14843110740184784, 0.14283350110054016, 0.1399053931236267, 0.14028963446617126, 0.14003178477287292, 0.13995623588562012, 0.14023704826831818, 0.13942153751850128, 0.13835375010967255, 0.1404886692762375, 0.13766101002693176, 0.13720425963401794, 0.1372210830450058, 0.1371801495552063, 0.13654614984989166, 0.13734306395053864, 0.1365426778793335, 0.13629120588302612, 0.1368662714958191, 0.13587285578250885, 0.13517647981643677, 0.13543635606765747, 0.1355823576450348, 0.1355571150779724, 0.13622167706489563, 0.1349356770515442, 0.13507981598377228, 0.13466154038906097, 0.13516086339950562, 0.13495081663131714, 0.13519103825092316, 0.1342349797487259, 0.13400942087173462, 0.1342037469148636, 0.1338789016008377, 0.13364703953266144, 0.13366255164146423, 0.13248859345912933, 0.1321392059326172, 0.13199126720428467, 0.13107338547706604, 0.13005214929580688, 0.13028372824192047], "val_accuracy": [0.9131079912185669, 0.9258905053138733, 0.9341495037078857, 0.9362519979476929, 0.9341834783554077, 0.9378675222396851, 0.9394389986991882, 0.9404420256614685, 0.9425370097160339, 0.9440954923629761, 0.9437479972839355, 0.9438635110855103, 0.9441050291061401, 0.9439550042152405, 0.9441415071487427, 0.9447219967842102, 0.944410502910614, 0.9452444911003113, 0.9452484846115112, 0.9453970193862915, 0.9452354907989502, 0.9455844759941101, 0.9454845190048218, 0.9455735087394714, 0.9457380175590515, 0.9455860257148743, 0.945796012878418, 0.946309506893158, 0.9461749792098999, 0.9459760189056396, 0.9463155269622803, 0.9459635019302368, 0.9462745189666748, 0.946568489074707, 0.9463469982147217, 0.9462724924087524, 0.9462490081787109, 0.9462080001831055, 0.9464995265007019, 0.9468104839324951, 0.946861982345581, 0.9467149972915649, 0.9467465281486511, 0.9466565251350403, 0.947180986404419, 0.9473320245742798, 0.947625994682312, 0.9479954838752747, 0.9482675194740295, 0.9482384920120239], "lr": [0.009999999776482582, 0.008999999612569809, 0.00800000037997961, 0.007000000216066837, 0.006000000052154064, 0.004999999888241291, 0.004000000189989805, 0.003000000026077032, 0.0020000000949949026, 0.0010000000474974513, 0.0009000000427477062, 0.0008100000559352338, 0.0007290000794455409, 0.0006561000482179224, 0.0005904900608584285, 0.0005314410664141178, 0.00047829694813117385, 0.00043046724749729037, 0.0003874205285683274, 0.0003486784698907286, 0.00027894278173334897, 0.00022315423120744526, 0.0001785233907867223, 0.0001428187097189948, 0.00011425496632000431, 9.14039701456204e-05, 7.312317757168785e-05, 5.849854278494604e-05, 4.6798835683148354e-05, 3.7439069274114445e-05, 2.433539521007333e-05, 1.5818006431800313e-05, 1.0281703907821793e-05, 6.683107585558901e-06, 4.344019998825388e-06, 2.8236129310243996e-06, 1.8353483710598084e-06, 1.192976469610585e-06, 7.754347279842477e-07, 5.040325845584448e-07, 3.2762119417384383e-07, 2.1295377905516943e-07, 1.3841994928043277e-07, 8.997296419011036e-08, 5.848242778938584e-08, 3.8013578063100795e-08, 2.4708825208108465e-08, 1.606073674054187e-08, 1.043947861489869e-08, 6.785660922048464e-09]}