{"loss": [0.35449570417404175, 0.25075098872184753, 0.21114800870418549, 0.20082566142082214, 0.22723960876464844, 0.18486852943897247, 0.1743074655532837, 0.1689751148223877, 0.1645822674036026, 0.16152311861515045, 0.1616324484348297, 0.16011981666088104, 0.16276666522026062, 0.15807266533374786, 0.15825210511684418, 0.15826545655727386, 0.158457413315773, 0.1578918844461441, 0.1575956493616104, 0.1570310890674591, 0.1567423790693283, 0.1561945229768753, 0.15568098425865173, 0.15550820529460907, 0.155446395277977, 0.15513058006763458, 0.15513356029987335, 0.1549084186553955, 0.15466606616973877, 0.1548900604248047, 0.15416787564754486, 0.15382593870162964, 0.1536409854888916, 0.15348970890045166, 0.15312746167182922, 0.15335309505462646, 0.15300467610359192, 0.1529916375875473, 0.15268629789352417, 0.15210410952568054, 0.15227730572223663, 0.15213057398796082, 0.15166153013706207, 0.15049536526203156, 0.14877472817897797, 0.1468283087015152, 0.14509499073028564, 0.1438700407743454, 0.1429363340139389, 0.14267461001873016], "accuracy": [0.8309418559074402, 0.888015866279602, 0.9092541337013245, 0.9155513644218445, 0.901228129863739, 0.923337996006012, 0.9284536242485046, 0.9309461116790771, 0.9330435991287231, 0.934331476688385, 0.9345161318778992, 0.9352166056632996, 0.9338317513465881, 0.9360458850860596, 0.9360692501068115, 0.93605637550354, 0.9359453916549683, 0.9362223744392395, 0.9362742304801941, 0.9366593956947327, 0.9366262555122375, 0.936937153339386, 0.9371691346168518, 0.9371796250343323, 0.9372851252555847, 0.9374160170555115, 0.9373999834060669, 0.9373593926429749, 0.9375137686729431, 0.9374973773956299, 0.9378318786621094, 0.9379457235336304, 0.937994122505188, 0.9381209015846252, 0.9382390975952148, 0.938173770904541, 0.9383105039596558, 0.9383584856987, 0.938454270362854, 0.9387608766555786, 0.9386506080627441, 0.9386726021766663, 0.9388782382011414, 0.9392704963684082, 0.9400343894958496, 0.9407237768173218, 0.941464364528656, 0.9419867396354675, 0.9422656297683716, 0.9423726201057434], "val_loss": [0.27663180232048035, 0.23009240627288818, 0.19760167598724365, 0.17946048080921173, 0.19916176795959473, 0.17717742919921875, 0.1665564775466919, 0.16555443406105042, 0.16677649319171906, 0.1610400378704071, 0.16259312629699707, 0.1564885377883911, 0.1565418243408203, 0.15613926947116852, 0.15550269186496735, 0.1573326736688614, 0.16273978352546692, 0.15870364010334015, 0.15899337828159332, 0.15515366196632385, 0.1572830229997635, 0.1550624817609787, 0.15642178058624268, 0.15561117231845856, 0.1588623821735382, 0.15403839945793152, 0.15244141221046448, 0.15394043922424316, 0.15548059344291687, 0.15582537651062012, 0.1552351713180542, 0.15460394322872162, 0.1549074500799179, 0.15131933987140656, 0.15494145452976227, 0.15437676012516022, 0.15292906761169434, 0.15807946026325226, 0.153143972158432, 0.15459221601486206, 0.15908370912075043, 0.15227971971035004, 0.1512553095817566, 0.14931832253932953, 0.14845597743988037, 0.14802823960781097, 0.14518125355243683, 0.143949493765831, 0.14327570796012878, 0.14405173063278198], "val_accuracy": [0.8753215074539185, 0.8981220126152039, 0.9189684987068176, 0.9258344769477844, 0.9146134853363037, 0.9274864792823792, 0.93196702003479, 0.9323855042457581, 0.9321410059928894, 0.9340630173683167, 0.9341455101966858, 0.9371014833450317, 0.9369385242462158, 0.9366195201873779, 0.9374960064888, 0.9363600015640259, 0.9333685040473938, 0.9356604814529419, 0.9373204708099365, 0.9372689723968506, 0.9357159733772278, 0.937250018119812, 0.9367470145225525, 0.9371690154075623, 0.9355610013008118, 0.9379609823226929, 0.9382184743881226, 0.9377455115318298, 0.9377840161323547, 0.936874508857727, 0.937716007232666, 0.937421977519989, 0.9378920197486877, 0.9391030073165894, 0.9377315044403076, 0.9377700090408325, 0.9386864900588989, 0.9365320205688477, 0.938449501991272, 0.9376929998397827, 0.9375064969062805, 0.938696026802063, 0.9388955235481262, 0.9396039843559265, 0.939972996711731, 0.9402735233306885, 0.9414095282554626, 0.942036509513855, 0.9420924782752991, 0.9416840076446533], "lr": [0.009999999776482582, 0.008999999612569809, 0.00800000037997961, 0.007000000216066837, 0.006000000052154064, 0.004999999888241291, 0.004000000189989805, 0.003000000026077032, 0.0020000000949949026, 0.0010000000474974513, 0.0009000000427477062, 0.0008100000559352338, 0.0007290000794455409, 0.0006561000482179224, 0.0005904900608584285, 0.0005314410664141178, 0.00047829694813117385, 0.00043046724749729037, 0.0003874205285683274, 0.0003486784698907286, 0.00027894278173334897, 0.00022315423120744526, 0.0001785233907867223, 0.0001428187097189948, 0.00011425496632000431, 9.14039701456204e-05, 7.312317757168785e-05, 5.849854278494604e-05, 4.6798835683148354e-05, 3.7439069274114445e-05, 2.433539521007333e-05, 1.5818006431800313e-05, 1.0281703907821793e-05, 6.683107585558901e-06, 4.344019998825388e-06, 2.8236129310243996e-06, 1.8353483710598084e-06, 1.192976469610585e-06, 7.754347279842477e-07, 5.040325845584448e-07, 3.2762119417384383e-07, 2.1295377905516943e-07, 1.3841994928043277e-07, 8.997296419011036e-08, 5.848242778938584e-08, 3.8013578063100795e-08, 2.4708825208108465e-08, 1.606073674054187e-08, 1.043947861489869e-08, 6.785660922048464e-09]}