{"loss": [0.3525243401527405, 0.2702999413013458, 0.23428617417812347, 0.21372030675411224, 0.20657864212989807, 0.19814954698085785, 0.18986642360687256, 0.18577097356319427, 0.18180657923221588, 0.17817136645317078, 0.1769770383834839, 0.17650148272514343, 0.17533938586711884, 0.17467626929283142, 0.17416252195835114, 0.1719321310520172, 0.17121951282024384, 0.17142975330352783, 0.1706077754497528, 0.17037427425384521, 0.16982726752758026, 0.1692238450050354, 0.1684636026620865, 0.16802124679088593, 0.16679950058460236, 0.1668291985988617, 0.1661083996295929, 0.16654828190803528, 0.16688120365142822, 0.16630740463733673, 0.16572780907154083, 0.16627229750156403, 0.16579581797122955, 0.16481144726276398, 0.16583722829818726, 0.16416369378566742, 0.1655316948890686, 0.16368670761585236, 0.16511008143424988, 0.16413834691047668, 0.1638883650302887, 0.1622999757528305, 0.16233615577220917, 0.16298970580101013, 0.16100308299064636, 0.1586119830608368, 0.1571599841117859, 0.15480820834636688, 0.15431222319602966, 0.15419238805770874], "accuracy": [0.8340237736701965, 0.8786216378211975, 0.8971974849700928, 0.9076962471008301, 0.9114877581596375, 0.9158926010131836, 0.9196832776069641, 0.9217462539672852, 0.9235447645187378, 0.9254000186920166, 0.9258617758750916, 0.9262112379074097, 0.9266877770423889, 0.9270303845405579, 0.9273830056190491, 0.9285297393798828, 0.929119348526001, 0.9289827346801758, 0.9293001294136047, 0.9293961524963379, 0.9296203851699829, 0.9300767779350281, 0.9306688904762268, 0.9309036135673523, 0.9312564730644226, 0.9313452243804932, 0.9315663576126099, 0.9314484000205994, 0.9315159916877747, 0.9316655993461609, 0.9319552779197693, 0.9319098591804504, 0.9321186542510986, 0.9322689771652222, 0.9321178793907166, 0.9324782490730286, 0.9323261380195618, 0.932744026184082, 0.9325472712516785, 0.9327508807182312, 0.9327382445335388, 0.9333724975585938, 0.9334911108016968, 0.933498740196228, 0.9342108964920044, 0.9351630210876465, 0.9357548952102661, 0.9363197684288025, 0.9365613460540771, 0.9365717768669128], "val_loss": [0.25981611013412476, 0.2525647282600403, 0.21973641216754913, 0.2087436318397522, 0.19901172816753387, 0.19058465957641602, 0.18547827005386353, 0.1847764402627945, 0.18092814087867737, 0.18726147711277008, 0.17856180667877197, 0.17200779914855957, 0.1739499419927597, 0.1742188036441803, 0.1721159964799881, 0.17420153319835663, 0.1713130623102188, 0.17449265718460083, 0.17522937059402466, 0.17136313021183014, 0.17152756452560425, 0.1697479635477066, 0.16684822738170624, 0.17482593655586243, 0.165083110332489, 0.1691364198923111, 0.16897395253181458, 0.1654563695192337, 0.16826210916042328, 0.16850386559963226, 0.1646656095981598, 0.16728830337524414, 0.16656945645809174, 0.1632230430841446, 0.16449350118637085, 0.1857149302959442, 0.16292041540145874, 0.17753268778324127, 0.1658131629228592, 0.16295844316482544, 0.17043252289295197, 0.16120868921279907, 0.16159044206142426, 0.16058506071567535, 0.1620490998029709, 0.15823329985141754, 0.15738512575626373, 0.15603284537792206, 0.15470832586288452, 0.15462921559810638], "val_accuracy": [0.8839234709739685, 0.8887689709663391, 0.9053810238838196, 0.9093185067176819, 0.9147120118141174, 0.918818473815918, 0.9219200015068054, 0.9225724935531616, 0.9237735271453857, 0.916513979434967, 0.9263399839401245, 0.9275550246238708, 0.9280520081520081, 0.9268040060997009, 0.9285554885864258, 0.9282305240631104, 0.9288309812545776, 0.9287844896316528, 0.9282000064849854, 0.9287635087966919, 0.9288550019264221, 0.9291985034942627, 0.9308614730834961, 0.929902970790863, 0.931862473487854, 0.9303380250930786, 0.9305354952812195, 0.9316210150718689, 0.9308534860610962, 0.929980993270874, 0.9318469762802124, 0.9311655163764954, 0.9317144751548767, 0.9325010180473328, 0.9313139915466309, 0.9328435063362122, 0.932574987411499, 0.9318670034408569, 0.9323874711990356, 0.9328050017356873, 0.9307259917259216, 0.9329174757003784, 0.9331864714622498, 0.9336274862289429, 0.9339410066604614, 0.9350330233573914, 0.935280978679657, 0.935747504234314, 0.9361850023269653, 0.9361969828605652], "lr": [0.009999999776482582, 0.008999999612569809, 0.00800000037997961, 0.007000000216066837, 0.006000000052154064, 0.004999999888241291, 0.004000000189989805, 0.003000000026077032, 0.0020000000949949026, 0.0010000000474974513, 0.0009000000427477062, 0.0008100000559352338, 0.0007290000794455409, 0.0006561000482179224, 0.0005904900608584285, 0.0005314410664141178, 0.00047829694813117385, 0.00043046724749729037, 0.0003874205285683274, 0.0003486784698907286, 0.00027894278173334897, 0.00022315423120744526, 0.0001785233907867223, 0.0001428187097189948, 0.00011425496632000431, 9.14039701456204e-05, 7.312317757168785e-05, 5.849854278494604e-05, 4.6798835683148354e-05, 3.7439069274114445e-05, 2.433539521007333e-05, 1.5818006431800313e-05, 1.0281703907821793e-05, 6.683107585558901e-06, 4.344019998825388e-06, 2.8236129310243996e-06, 1.8353483710598084e-06, 1.192976469610585e-06, 7.754347279842477e-07, 5.040325845584448e-07, 3.2762119417384383e-07, 2.1295377905516943e-07, 1.3841994928043277e-07, 8.997296419011036e-08, 5.848242778938584e-08, 3.8013578063100795e-08, 2.4708825208108465e-08, 1.606073674054187e-08, 1.043947861489869e-08, 6.785660922048464e-09]}