{"loss": [0.2702872157096863, 0.14722277224063873, 0.13785779476165771, 0.13311836123466492, 0.1305181086063385, 0.12818419933319092, 0.12579748034477234, 0.123768649995327, 0.12174538522958755, 0.11979779601097107, 0.1193530336022377, 0.11900463700294495, 0.11868296563625336, 0.11838669329881668, 0.11806918680667877, 0.11787749081850052, 0.11766171455383301, 0.11744924634695053, 0.11721492558717728, 0.11706674844026566, 0.1168629452586174, 0.11663178354501724, 0.11645714193582535, 0.11626836657524109, 0.11616583913564682, 0.11596301198005676, 0.11588487774133682, 0.11576934158802032, 0.11570712924003601, 0.11565626412630081, 0.11548496782779694, 0.11535552889108658, 0.11527606844902039, 0.1151626855134964, 0.11516045778989792, 0.1150856763124466, 0.11502430588006973, 0.1150146871805191, 0.11494811624288559, 0.11489380896091461, 0.11491016298532486, 0.11485395580530167, 0.11483465135097504, 0.11477433145046234, 0.11473400145769119, 0.1146794781088829, 0.1146186962723732, 0.11449947953224182, 0.11439496278762817, 0.11427461355924606], "accuracy": [0.8769239783287048, 0.9407352209091187, 0.9449846148490906, 0.9471448659896851, 0.9482879042625427, 0.9493632316589355, 0.9503437280654907, 0.9512422680854797, 0.9520865082740784, 0.9529118537902832, 0.9531009793281555, 0.9532407522201538, 0.9534313678741455, 0.9535620212554932, 0.9536177515983582, 0.953702986240387, 0.9538251161575317, 0.9539168477058411, 0.9540144801139832, 0.9541059732437134, 0.954171895980835, 0.9542796015739441, 0.9543449878692627, 0.9544044733047485, 0.9544557332992554, 0.9545521140098572, 0.9546048641204834, 0.954659104347229, 0.9546916484832764, 0.9546934962272644, 0.9547528624534607, 0.9547500014305115, 0.9548110961914062, 0.9548502564430237, 0.9548901319503784, 0.9548658728599548, 0.9549065232276917, 0.9549306035041809, 0.9549472332000732, 0.9549652338027954, 0.9549428820610046, 0.9550125002861023, 0.9549797773361206, 0.9550108909606934, 0.9550317525863647, 0.9550853967666626, 0.9550704956054688, 0.9551261067390442, 0.9551723599433899, 0.9552497267723083], "val_loss": [0.16095125675201416, 0.1412907987833023, 0.13670922815799713, 0.13221681118011475, 0.1301158368587494, 0.12733905017375946, 0.1272837519645691, 0.12449392676353455, 0.12361682951450348, 0.1215476468205452, 0.12126609683036804, 0.12147583812475204, 0.12152107805013657, 0.12100118398666382, 0.12060143053531647, 0.12068364024162292, 0.12068132311105728, 0.12023350596427917, 0.12027488648891449, 0.12017075717449188, 0.12023656815290451, 0.11976412683725357, 0.11967542767524719, 0.11952250450849533, 0.11935119330883026, 0.1194240152835846, 0.11934757977724075, 0.11932795494794846, 0.119065061211586, 0.11922222375869751, 0.11911418288946152, 0.11896879971027374, 0.11902754008769989, 0.11880941689014435, 0.11887232214212418, 0.11888857185840607, 0.11900582909584045, 0.11871557682752609, 0.118935726583004, 0.11879045516252518, 0.11872226744890213, 0.11881379783153534, 0.11895722895860672, 0.11874115467071533, 0.11876737326383591, 0.11861804872751236, 0.11861669272184372, 0.11842415481805801, 0.1183852106332779, 0.11829794943332672], "val_accuracy": [0.9347584843635559, 0.9435300230979919, 0.9457389712333679, 0.9475564956665039, 0.9485179781913757, 0.94964599609375, 0.9497004747390747, 0.950875997543335, 0.9513120055198669, 0.9520289897918701, 0.9522070288658142, 0.9521470069885254, 0.952067494392395, 0.95244300365448, 0.9526364803314209, 0.9524800181388855, 0.952655017375946, 0.9526939988136292, 0.9526345133781433, 0.952750027179718, 0.952827513217926, 0.9528754949569702, 0.9529975056648254, 0.953081488609314, 0.9530829787254333, 0.9530695080757141, 0.9530559778213501, 0.9530655145645142, 0.9531804919242859, 0.9531090259552002, 0.9532905220985413, 0.9533020257949829, 0.9530634880065918, 0.9533200263977051, 0.9532114863395691, 0.953279972076416, 0.9532614946365356, 0.9533305168151855, 0.9532470107078552, 0.9533895254135132, 0.9533914923667908, 0.9533219933509827, 0.9532325267791748, 0.9533554911613464, 0.9533914923667908, 0.9534065127372742, 0.9532644748687744, 0.9534754753112793, 0.9535059928894043, 0.953540027141571], "lr": [0.009999999776482582, 0.008999999612569809, 0.00800000037997961, 0.007000000216066837, 0.006000000052154064, 0.004999999888241291, 0.004000000189989805, 0.003000000026077032, 0.0020000000949949026, 0.0010000000474974513, 0.0009000000427477062, 0.0008100000559352338, 0.0007290000794455409, 0.0006561000482179224, 0.0005904900608584285, 0.0005314410664141178, 0.00047829694813117385, 0.00043046724749729037, 0.0003874205285683274, 0.0003486784698907286, 0.00027894278173334897, 0.00022315423120744526, 0.0001785233907867223, 0.0001428187097189948, 0.00011425496632000431, 9.14039701456204e-05, 7.312317757168785e-05, 5.849854278494604e-05, 4.6798835683148354e-05, 3.7439069274114445e-05, 2.433539521007333e-05, 1.5818006431800313e-05, 1.0281703907821793e-05, 6.683107585558901e-06, 4.344019998825388e-06, 2.8236129310243996e-06, 1.8353483710598084e-06, 1.192976469610585e-06, 7.754347279842477e-07, 5.040325845584448e-07, 3.2762119417384383e-07, 2.1295377905516943e-07, 1.3841994928043277e-07, 8.997296419011036e-08, 5.848242778938584e-08, 3.8013578063100795e-08, 2.4708825208108465e-08, 1.606073674054187e-08, 1.043947861489869e-08, 6.785660922048464e-09]}