{"loss": [0.2539752721786499, 0.1402774155139923, 0.1325840950012207, 0.12831684947013855, 0.12552210688591003, 0.12325523793697357, 0.12125587463378906, 0.11889098584651947, 0.11692437529563904, 0.114765465259552, 0.11429032683372498, 0.11388946324586868, 0.1134750247001648, 0.11314499378204346, 0.11287011951208115, 0.11257375776767731, 0.11233814805746078, 0.11213329434394836, 0.11192671209573746, 0.11174290627241135, 0.11153584718704224, 0.1113477423787117, 0.11120939254760742, 0.11105464398860931, 0.11093977093696594, 0.11084117740392685, 0.1107596829533577, 0.11071114242076874, 0.11064102500677109, 0.11059972643852234, 0.11052925139665604, 0.11047711968421936, 0.11041361838579178, 0.11038193106651306, 0.11034678667783737, 0.11031493544578552, 0.11031460016965866, 0.11029194295406342, 0.11028355360031128, 0.11028347164392471, 0.11027755588293076, 0.11026725172996521, 0.1102667823433876, 0.11025849729776382, 0.1102401539683342, 0.11021986603736877, 0.11021485924720764, 0.1102055162191391, 0.1102033481001854, 0.11019119620323181], "accuracy": [0.8848938941955566, 0.9438565969467163, 0.9473475217819214, 0.9492142796516418, 0.9505002498626709, 0.9514486193656921, 0.9523530006408691, 0.953321635723114, 0.954161524772644, 0.9551048874855042, 0.9552580118179321, 0.9554162621498108, 0.9556158781051636, 0.9557744860649109, 0.9559134840965271, 0.9560229778289795, 0.9560908675193787, 0.9561768770217896, 0.9562882781028748, 0.9563703536987305, 0.9564257264137268, 0.9565087556838989, 0.9565912485122681, 0.956669270992279, 0.9566987752914429, 0.9567191004753113, 0.9567581415176392, 0.9567580223083496, 0.956817626953125, 0.9568422436714172, 0.9568825960159302, 0.9568976163864136, 0.9569412469863892, 0.9569104909896851, 0.9569646120071411, 0.956960141658783, 0.956946849822998, 0.9569805264472961, 0.956973135471344, 0.9569709897041321, 0.9569802284240723, 0.9569676518440247, 0.9569852352142334, 0.9569767713546753, 0.9569793939590454, 0.9569960236549377, 0.9570131301879883, 0.9569872617721558, 0.957004725933075, 0.956998884677887], "val_loss": [0.147243931889534, 0.13565011322498322, 0.13156506419181824, 0.12667149305343628, 0.12583698332309723, 0.12463279068470001, 0.12202943116426468, 0.11988766491413116, 0.1183473989367485, 0.11693597584962845, 0.1167672798037529, 0.11654316633939743, 0.11634589731693268, 0.11625519394874573, 0.11599363386631012, 0.11593450605869293, 0.1157737448811531, 0.11606159806251526, 0.11568405479192734, 0.11562425643205643, 0.11563731729984283, 0.11546393483877182, 0.11543239653110504, 0.11541128158569336, 0.11533788591623306, 0.1151946634054184, 0.11530385166406631, 0.11523579806089401, 0.11513853073120117, 0.11524631083011627, 0.1151876226067543, 0.1151379868388176, 0.11518656462430954, 0.1150629073381424, 0.11517620831727982, 0.1151246428489685, 0.11512867361307144, 0.11514194309711456, 0.11510572582483292, 0.11513206362724304, 0.11508724093437195, 0.11507337540388107, 0.11509568244218826, 0.11505438387393951, 0.11504507064819336, 0.11502252519130707, 0.11506067961454391, 0.11505339294672012, 0.11505957692861557, 0.11503572762012482], "val_accuracy": [0.9407835006713867, 0.9457359910011292, 0.9480435252189636, 0.9500600099563599, 0.9505540132522583, 0.9509214758872986, 0.9521765112876892, 0.9529424905776978, 0.9535145163536072, 0.9540975093841553, 0.9542880058288574, 0.9543740153312683, 0.954441487789154, 0.9545454978942871, 0.9545909762382507, 0.9546480178833008, 0.9546465277671814, 0.9545590281486511, 0.9547489881515503, 0.9547489881515503, 0.9548054933547974, 0.9548234939575195, 0.9548760056495667, 0.954860508441925, 0.9548925161361694, 0.9549450278282166, 0.9549180269241333, 0.9550085067749023, 0.9549875259399414, 0.9549574851989746, 0.9550104737281799, 0.9549739956855774, 0.9550020098686218, 0.9550464749336243, 0.9549044966697693, 0.9550824761390686, 0.9550315141677856, 0.9550150036811829, 0.9550150036811829, 0.9549974799156189, 0.9550319910049438, 0.9549970030784607, 0.9550085067749023, 0.9550319910049438, 0.9550395011901855, 0.9550554752349854, 0.9550055265426636, 0.9550480246543884, 0.9550139904022217, 0.9550424814224243], "lr": [0.009999999776482582, 0.008999999612569809, 0.00800000037997961, 0.007000000216066837, 0.006000000052154064, 0.004999999888241291, 0.004000000189989805, 0.003000000026077032, 0.0020000000949949026, 0.0010000000474974513, 0.0009000000427477062, 0.0008100000559352338, 0.0007290000794455409, 0.0006561000482179224, 0.0005904900608584285, 0.0005314410664141178, 0.00047829694813117385, 0.00043046724749729037, 0.0003874205285683274, 0.0003486784698907286, 0.00027894278173334897, 0.00022315423120744526, 0.0001785233907867223, 0.0001428187097189948, 0.00011425496632000431, 9.14039701456204e-05, 7.312317757168785e-05, 5.849854278494604e-05, 4.6798835683148354e-05, 3.7439069274114445e-05, 2.433539521007333e-05, 1.5818006431800313e-05, 1.0281703907821793e-05, 6.683107585558901e-06, 4.344019998825388e-06, 2.8236129310243996e-06, 1.8353483710598084e-06, 1.192976469610585e-06, 7.754347279842477e-07, 5.040325845584448e-07, 3.2762119417384383e-07, 2.1295377905516943e-07, 1.3841994928043277e-07, 8.997296419011036e-08, 5.848242778938584e-08, 3.8013578063100795e-08, 2.4708825208108465e-08, 1.606073674054187e-08, 1.043947861489869e-08, 6.785660922048464e-09]}