{"loss": [0.4238626956939697, 0.3542342483997345, 0.34632620215415955, 0.3264350891113281, 0.31525060534477234, 0.3187967538833618, 0.3144180476665497, 0.3065195381641388, 0.2983035445213318, 0.28489038348197937, 0.2845921218395233, 0.28669676184654236, 0.2834995687007904, 0.27900710701942444, 0.2807248830795288, 0.27971652150154114, 0.2800937592983246, 0.2762492299079895, 0.27770349383354187, 0.28289708495140076, 0.27819663286209106, 0.2783506512641907, 0.2779732942581177, 0.2760002911090851, 0.2732678949832916, 0.26934394240379333, 0.26846274733543396, 0.27100124955177307, 0.269405335187912, 0.2670023441314697, 0.2681717276573181, 0.2686915099620819, 0.2676602900028229, 0.2657109797000885, 0.26537811756134033, 0.2657340168952942, 0.26585471630096436, 0.2661958336830139, 0.2647736072540283, 0.2651761770248413, 0.2658239006996155, 0.2651836574077606, 0.26460182666778564, 0.26196303963661194, 0.2598823010921478, 0.25661128759384155, 0.25466302037239075, 0.25411948561668396, 0.2548532485961914, 0.2545144557952881], "accuracy": [0.7924146056175232, 0.8326993584632874, 0.838205099105835, 0.8460888862609863, 0.8509456515312195, 0.8508801460266113, 0.8535528779029846, 0.8586292266845703, 0.8641228675842285, 0.8702459931373596, 0.8702638745307922, 0.8701091408729553, 0.8719863891601562, 0.8723177313804626, 0.8719211220741272, 0.8713579773902893, 0.87204509973526, 0.873025119304657, 0.8723726272583008, 0.8711617588996887, 0.8734003901481628, 0.8738155961036682, 0.8750076293945312, 0.8761755228042603, 0.8763896226882935, 0.8776936531066895, 0.8782117366790771, 0.8776447772979736, 0.877228856086731, 0.8782946467399597, 0.8774412274360657, 0.8773335218429565, 0.8781416416168213, 0.8789684772491455, 0.8793351054191589, 0.8790556192398071, 0.8792315125465393, 0.8790756464004517, 0.879672110080719, 0.8799055218696594, 0.8792807459831238, 0.879443347454071, 0.8798111081123352, 0.8811684846878052, 0.8822223544120789, 0.8835858702659607, 0.8843770027160645, 0.8850577473640442, 0.8845465183258057, 0.8846191167831421], "val_loss": [0.34653592109680176, 0.35372471809387207, 0.337297648191452, 0.30666932463645935, 0.3084983229637146, 0.333305686712265, 0.2914857268333435, 0.3075502812862396, 0.30613845586776733, 0.2864781618118286, 0.27394822239875793, 0.2708095908164978, 0.2803201377391815, 0.27438706159591675, 0.2919420003890991, 0.29389387369155884, 0.27018457651138306, 0.27394357323646545, 0.28353452682495117, 0.28687024116516113, 0.275023877620697, 0.28584417700767517, 0.28627675771713257, 0.271097332239151, 0.26424160599708557, 0.26419153809547424, 0.2682328224182129, 0.2674592137336731, 0.26412633061408997, 0.26450496912002563, 0.2826111316680908, 0.25851595401763916, 0.25591933727264404, 0.2699917256832123, 0.25838005542755127, 0.2653558552265167, 0.26391270756721497, 0.26113805174827576, 0.2555635869503021, 0.2648408114910126, 0.26216575503349304, 0.26308828592300415, 0.2628914713859558, 0.26136112213134766, 0.2566244304180145, 0.2549411356449127, 0.2546227276325226, 0.2589977979660034, 0.25278058648109436, 0.25542616844177246], "val_accuracy": [0.8366554975509644, 0.827875018119812, 0.8404979705810547, 0.8576974868774414, 0.8540675044059753, 0.8345314860343933, 0.8648470044136047, 0.865339994430542, 0.8604655265808105, 0.8696820139884949, 0.8759400248527527, 0.8794280290603638, 0.8647814989089966, 0.8756499886512756, 0.8635709881782532, 0.8621504902839661, 0.8746569752693176, 0.8685269951820374, 0.8758460283279419, 0.8706830143928528, 0.8774104714393616, 0.874305009841919, 0.8754919767379761, 0.8753165006637573, 0.8787400126457214, 0.8809009790420532, 0.8794205188751221, 0.877098023891449, 0.8803575038909912, 0.8765640258789062, 0.8605949878692627, 0.8820335268974304, 0.8833554983139038, 0.8829764723777771, 0.8824765086174011, 0.8768029808998108, 0.8814910054206848, 0.8810765147209167, 0.8867440223693848, 0.8850780129432678, 0.8808050155639648, 0.8794329762458801, 0.8786695003509521, 0.8824265003204346, 0.8845425248146057, 0.8848299980163574, 0.8853945136070251, 0.8837509751319885, 0.8841534852981567, 0.8843680024147034], "lr": [0.009999999776482582, 0.008999999612569809, 0.00800000037997961, 0.007000000216066837, 0.006000000052154064, 0.004999999888241291, 0.004000000189989805, 0.003000000026077032, 0.0020000000949949026, 0.0010000000474974513, 0.0009000000427477062, 0.0008100000559352338, 0.0007290000794455409, 0.0006561000482179224, 0.0005904900608584285, 0.0005314410664141178, 0.00047829694813117385, 0.00043046724749729037, 0.0003874205285683274, 0.0003486784698907286, 0.00027894278173334897, 0.00022315423120744526, 0.0001785233907867223, 0.0001428187097189948, 0.00011425496632000431, 9.14039701456204e-05, 7.312317757168785e-05, 5.849854278494604e-05, 4.6798835683148354e-05, 3.7439069274114445e-05, 2.433539521007333e-05, 1.5818006431800313e-05, 1.0281703907821793e-05, 6.683107585558901e-06, 4.344019998825388e-06, 2.8236129310243996e-06, 1.8353483710598084e-06, 1.192976469610585e-06, 7.754347279842477e-07, 5.040325845584448e-07, 3.2762119417384383e-07, 2.1295377905516943e-07, 1.3841994928043277e-07, 8.997296419011036e-08, 5.848242778938584e-08, 3.8013578063100795e-08, 2.4708825208108465e-08, 1.606073674054187e-08, 1.043947861489869e-08, 6.785660922048464e-09]}