{"loss": [0.2814313471317291, 0.14909538626670837, 0.13501349091529846, 0.1299760937690735, 0.12720930576324463, 0.12434668093919754, 0.12219800800085068, 0.12018348276615143, 0.1181098073720932, 0.11602858453989029, 0.11584628373384476, 0.11529739201068878, 0.11472765356302261, 0.1143912672996521, 0.11410967260599136, 0.11382848769426346, 0.11357199400663376, 0.11340354382991791, 0.11319566518068314, 0.1129995733499527, 0.11278395354747772, 0.11257073283195496, 0.11242038011550903, 0.11229173094034195, 0.11216097325086594, 0.11207133531570435, 0.1120063066482544, 0.1119512990117073, 0.11186753213405609, 0.11183300614356995, 0.11175723373889923, 0.11170588433742523, 0.11166612803936005, 0.11163246631622314, 0.11161172389984131, 0.11158968508243561, 0.11157436668872833, 0.11154333502054214, 0.11155340075492859, 0.1115349754691124, 0.11154235899448395, 0.11153477430343628, 0.11151808500289917, 0.1115105152130127, 0.11148651689291, 0.11147316545248032, 0.11146745830774307, 0.11145994812250137, 0.11145005375146866, 0.11144527047872543], "accuracy": [0.8698477745056152, 0.9396347403526306, 0.946250855922699, 0.9485629796981812, 0.949799120426178, 0.9510228633880615, 0.9519684910774231, 0.9528336524963379, 0.9537085294723511, 0.9545312523841858, 0.9546158909797668, 0.9548537731170654, 0.9550648927688599, 0.9552249908447266, 0.9553365111351013, 0.9554346203804016, 0.9555850028991699, 0.9556739926338196, 0.9557265043258667, 0.9557836055755615, 0.9558687210083008, 0.9560001492500305, 0.956034243106842, 0.9561058878898621, 0.9561070203781128, 0.9561880230903625, 0.9562212228775024, 0.9562498927116394, 0.9562943577766418, 0.9562642574310303, 0.9563148617744446, 0.9563623666763306, 0.9563711285591125, 0.9563426375389099, 0.9563918709754944, 0.9563771486282349, 0.9563848972320557, 0.9564036130905151, 0.9563833475112915, 0.9564144015312195, 0.9564096331596375, 0.9563760161399841, 0.9564054012298584, 0.9564151167869568, 0.9564208984375, 0.9564321041107178, 0.956422746181488, 0.9564258456230164, 0.9564258456230164, 0.9564319849014282], "val_loss": [0.1628859043121338, 0.14063501358032227, 0.13226714730262756, 0.13765598833560944, 0.12668699026107788, 0.12526100873947144, 0.12283825129270554, 0.12166728079319, 0.11969108134508133, 0.11821379512548447, 0.11876971274614334, 0.11770128458738327, 0.11771868169307709, 0.11768372356891632, 0.11745849251747131, 0.1171494796872139, 0.1171908751130104, 0.11712829768657684, 0.1171124055981636, 0.11694999039173126, 0.11675772070884705, 0.11675194650888443, 0.1166895255446434, 0.11651328206062317, 0.11669600754976273, 0.11652770638465881, 0.11651656031608582, 0.11655167490243912, 0.11648727208375931, 0.11649631708860397, 0.11648358404636383, 0.11635522544384003, 0.1162928119301796, 0.11635389924049377, 0.11635845899581909, 0.11632430553436279, 0.1163506731390953, 0.11631397157907486, 0.11632468551397324, 0.11636354774236679, 0.11634071916341782, 0.11635373532772064, 0.11630725115537643, 0.11629291623830795, 0.1163112223148346, 0.11629635840654373, 0.11628161370754242, 0.11626359075307846, 0.116270512342453, 0.11627252399921417], "val_accuracy": [0.9327859878540039, 0.9436330199241638, 0.9478194713592529, 0.945052981376648, 0.9499645233154297, 0.9508404731750488, 0.9516609907150269, 0.9522895216941833, 0.9530835151672363, 0.9536715149879456, 0.9534004926681519, 0.9538559913635254, 0.9538565278053284, 0.9538429975509644, 0.9539535045623779, 0.9539909958839417, 0.9540979862213135, 0.9541915059089661, 0.9541230201721191, 0.9542570114135742, 0.9543110132217407, 0.954307496547699, 0.9542829990386963, 0.9543579816818237, 0.9543110132217407, 0.9543439745903015, 0.9543895125389099, 0.9542844891548157, 0.9543464779853821, 0.9543480277061462, 0.9543740153312683, 0.9544255137443542, 0.9544389843940735, 0.9544205069541931, 0.9544335007667542, 0.9543974995613098, 0.9544695019721985, 0.9544464945793152, 0.9544140100479126, 0.9544060230255127, 0.9544410109519958, 0.9544134736061096, 0.9544094800949097, 0.9543845057487488, 0.9544230103492737, 0.9544090032577515, 0.9544389843940735, 0.9544234871864319, 0.9544519782066345, 0.954441487789154], "lr": [0.009999999776482582, 0.008999999612569809, 0.00800000037997961, 0.007000000216066837, 0.006000000052154064, 0.004999999888241291, 0.004000000189989805, 0.003000000026077032, 0.0020000000949949026, 0.0010000000474974513, 0.0009000000427477062, 0.0008100000559352338, 0.0007290000794455409, 0.0006561000482179224, 0.0005904900608584285, 0.0005314410664141178, 0.00047829694813117385, 0.00043046724749729037, 0.0003874205285683274, 0.0003486784698907286, 0.00027894278173334897, 0.00022315423120744526, 0.0001785233907867223, 0.0001428187097189948, 0.00011425496632000431, 9.14039701456204e-05, 7.312317757168785e-05, 5.849854278494604e-05, 4.6798835683148354e-05, 3.7439069274114445e-05, 2.433539521007333e-05, 1.5818006431800313e-05, 1.0281703907821793e-05, 6.683107585558901e-06, 4.344019998825388e-06, 2.8236129310243996e-06, 1.8353483710598084e-06, 1.192976469610585e-06, 7.754347279842477e-07, 5.040325845584448e-07, 3.2762119417384383e-07, 2.1295377905516943e-07, 1.3841994928043277e-07, 8.997296419011036e-08, 5.848242778938584e-08, 3.8013578063100795e-08, 2.4708825208108465e-08, 1.606073674054187e-08, 1.043947861489869e-08, 6.785660922048464e-09]}