{"loss": [0.3353787362575531, 0.19850777089595795, 0.16762785613536835, 0.16190926730632782, 0.1522570103406906, 0.14763593673706055, 0.24688991904258728, 0.20756478607654572, 0.19000208377838135, 0.1773284673690796, 0.17302104830741882, 0.16890987753868103, 0.16485439240932465, 0.16134540736675262, 0.15854501724243164, 0.15622027218341827, 0.1542229950428009, 0.15274131298065186, 0.15200670063495636, 0.15011361241340637, 0.1492028534412384, 0.1485251784324646, 0.14805929362773895, 0.1473361849784851, 0.14694379270076752, 0.14673906564712524, 0.14666315913200378, 0.14637458324432373, 0.14636148512363434, 0.1462441235780716, 0.14556053280830383, 0.1454918384552002, 0.14547199010849, 0.14519508183002472, 0.14508560299873352, 0.14492231607437134, 0.14490097761154175, 0.14497195184230804, 0.14474689960479736, 0.14472264051437378, 0.14457283914089203, 0.14447234570980072, 0.1441936045885086, 0.14396026730537415, 0.1433081179857254, 0.14276498556137085, 0.14196059107780457, 0.14127306640148163, 0.140475794672966, 0.14006927609443665], "accuracy": [0.8430471420288086, 0.9151337742805481, 0.9307845234870911, 0.9339630007743835, 0.938511848449707, 0.9406562447547913, 0.8902574777603149, 0.9112083911895752, 0.9197695255279541, 0.9257889986038208, 0.9278556108474731, 0.929813027381897, 0.9316825270652771, 0.9335508942604065, 0.9349658489227295, 0.9360657334327698, 0.9369602203369141, 0.9375206232070923, 0.937929630279541, 0.938775360584259, 0.9391741156578064, 0.9394755959510803, 0.9397502541542053, 0.9400461316108704, 0.9401924014091492, 0.9402637481689453, 0.9403323531150818, 0.9404692649841309, 0.9405108690261841, 0.9406046271324158, 0.9408236145973206, 0.9408501386642456, 0.9408348798751831, 0.9409393668174744, 0.9410085082054138, 0.9410601258277893, 0.9411032795906067, 0.9410644769668579, 0.9411428570747375, 0.9412655234336853, 0.9411873817443848, 0.9412984848022461, 0.9413380026817322, 0.9414061307907104, 0.9417323470115662, 0.9419056177139282, 0.9423161149024963, 0.942556619644165, 0.9429062604904175, 0.9430330991744995], "val_loss": [0.22413206100463867, 0.1771126091480255, 0.16423726081848145, 0.15323053300380707, 0.15026620030403137, 0.14699749648571014, 0.22455693781375885, 0.20473232865333557, 0.18018148839473724, 0.1748017817735672, 0.17219436168670654, 0.16687726974487305, 0.16294768452644348, 0.1595531404018402, 0.15665549039840698, 0.15609437227249146, 0.15651415288448334, 0.15132711827754974, 0.1530211865901947, 0.15000835061073303, 0.1492348462343216, 0.15041951835155487, 0.14738652110099792, 0.14895370602607727, 0.14837147295475006, 0.1483110785484314, 0.14713285863399506, 0.14772988855838776, 0.1452702283859253, 0.1460169404745102, 0.14601655304431915, 0.14628417789936066, 0.14771366119384766, 0.14708252251148224, 0.14586925506591797, 0.14639657735824585, 0.14701078832149506, 0.146636962890625, 0.1449817270040512, 0.14544744789600372, 0.145686537027359, 0.14612843096256256, 0.14523231983184814, 0.14566148817539215, 0.14318379759788513, 0.14377424120903015, 0.14285561442375183, 0.14191041886806488, 0.14143827557563782, 0.14130400121212006], "val_accuracy": [0.9033740162849426, 0.9257984757423401, 0.9334744811058044, 0.9380109906196594, 0.9391769766807556, 0.9409744739532471, 0.9024779796600342, 0.9132519960403442, 0.9243245124816895, 0.9270979762077332, 0.9279680252075195, 0.931547999382019, 0.932700514793396, 0.9346529841423035, 0.9353464841842651, 0.9354894757270813, 0.9363020062446594, 0.9382309913635254, 0.9377359747886658, 0.9387934803962708, 0.9394189715385437, 0.9388520121574402, 0.9399405121803284, 0.9391909837722778, 0.939485490322113, 0.939705491065979, 0.9404230117797852, 0.9398295283317566, 0.9409610033035278, 0.9406445026397705, 0.940654993057251, 0.9404944777488708, 0.9398790001869202, 0.940357506275177, 0.9406939744949341, 0.9404910206794739, 0.9402825236320496, 0.9401819705963135, 0.941130518913269, 0.941130518913269, 0.940516471862793, 0.9404019713401794, 0.9408655166625977, 0.9407789707183838, 0.9416379928588867, 0.9415820240974426, 0.941860020160675, 0.942333996295929, 0.9426059722900391, 0.9425650238990784], "lr": [0.009999999776482582, 0.008999999612569809, 0.00800000037997961, 0.007000000216066837, 0.006000000052154064, 0.004999999888241291, 0.004000000189989805, 0.003000000026077032, 0.0020000000949949026, 0.0010000000474974513, 0.0009000000427477062, 0.0008100000559352338, 0.0007290000794455409, 0.0006561000482179224, 0.0005904900608584285, 0.0005314410664141178, 0.00047829694813117385, 0.00043046724749729037, 0.0003874205285683274, 0.0003486784698907286, 0.00027894278173334897, 0.00022315423120744526, 0.0001785233907867223, 0.0001428187097189948, 0.00011425496632000431, 9.14039701456204e-05, 7.312317757168785e-05, 5.849854278494604e-05, 4.6798835683148354e-05, 3.7439069274114445e-05, 2.433539521007333e-05, 1.5818006431800313e-05, 1.0281703907821793e-05, 6.683107585558901e-06, 4.344019998825388e-06, 2.8236129310243996e-06, 1.8353483710598084e-06, 1.192976469610585e-06, 7.754347279842477e-07, 5.040325845584448e-07, 3.2762119417384383e-07, 2.1295377905516943e-07, 1.3841994928043277e-07, 8.997296419011036e-08, 5.848242778938584e-08, 3.8013578063100795e-08, 2.4708825208108465e-08, 1.606073674054187e-08, 1.043947861489869e-08, 6.785660922048464e-09]}