{"loss": [0.42845815420150757, 0.35627755522727966, 0.3677443861961365, 0.36850741505622864, 0.39244189858436584, 0.38202980160713196, 0.36279094219207764, 0.3508271872997284, 0.3506983816623688, 0.33124497532844543, 0.3235411047935486, 0.31461137533187866, 0.3081029951572418, 0.3063896596431732, 0.3075500428676605, 0.30815771222114563, 0.3007245361804962, 0.3002500832080841, 0.29829585552215576, 0.3022932708263397, 0.3021273612976074, 0.2997845411300659, 0.29659217596054077, 0.29552772641181946, 0.292855829000473, 0.29506370425224304, 0.29610922932624817, 0.29692542552948, 0.29565244913101196, 0.2959805130958557, 0.2944954037666321, 0.2932513356208801, 0.29577890038490295, 0.2948552668094635, 0.29420873522758484, 0.29296767711639404, 0.29312118887901306, 0.29426172375679016, 0.2933277189731598, 0.2941456139087677, 0.291934996843338, 0.29192107915878296, 0.2910478413105011, 0.2878856360912323, 0.2816005349159241, 0.2777620553970337, 0.27497977018356323, 0.2762451767921448, 0.27300599217414856, 0.27293631434440613], "accuracy": [0.7882673740386963, 0.8257539868354797, 0.8203461170196533, 0.8192744851112366, 0.8244569897651672, 0.8294083476066589, 0.846272885799408, 0.8508133888244629, 0.8485214710235596, 0.8562380075454712, 0.8570525050163269, 0.8578717708587646, 0.8592255115509033, 0.8607879877090454, 0.8613809943199158, 0.8592209815979004, 0.8644178509712219, 0.8635761141777039, 0.8640392422676086, 0.86294025182724, 0.86309814453125, 0.8640047311782837, 0.8651276230812073, 0.8656579852104187, 0.8670381307601929, 0.865303635597229, 0.8655088543891907, 0.865536630153656, 0.8668692708015442, 0.8665712475776672, 0.8671061396598816, 0.8670792579650879, 0.8650823831558228, 0.8653821349143982, 0.8661206364631653, 0.8673890233039856, 0.8672381043434143, 0.8669986128807068, 0.8674265146255493, 0.8667200207710266, 0.8681851029396057, 0.8683537244796753, 0.868445098400116, 0.8693714737892151, 0.8714582324028015, 0.8724104762077332, 0.8730928897857666, 0.8691896200180054, 0.8731513619422913, 0.8732689023017883], "val_loss": [0.4526548683643341, 0.3900780975818634, 0.33237627148628235, 0.38375934958457947, 0.39228102564811707, 0.35992589592933655, 0.35393068194389343, 0.343472957611084, 0.330678790807724, 0.3117188513278961, 0.31161344051361084, 0.304012268781662, 0.302190899848938, 0.3090597987174988, 0.309134304523468, 0.293525367975235, 0.30830663442611694, 0.297346830368042, 0.2929370403289795, 0.2943814694881439, 0.292407751083374, 0.33411863446235657, 0.2852519154548645, 0.2952335476875305, 0.2900094985961914, 0.28209587931632996, 0.29082611203193665, 0.2898942828178406, 0.2922290861606598, 0.29224371910095215, 0.28922736644744873, 0.30697134137153625, 0.287191241979599, 0.30814629793167114, 0.2938688397407532, 0.2846014201641083, 0.38361597061157227, 0.2863144874572754, 0.28938016295433044, 0.28739503026008606, 0.2843964397907257, 0.2840203642845154, 0.28692322969436646, 0.28170233964920044, 0.28437596559524536, 0.3545905351638794, 0.27985021471977234, 0.28244081139564514, 0.27372467517852783, 0.27369728684425354], "val_accuracy": [0.7195810079574585, 0.8138729929924011, 0.8414379954338074, 0.8241320252418518, 0.8273879885673523, 0.8423154950141907, 0.8417314887046814, 0.851873517036438, 0.8541725277900696, 0.8573445081710815, 0.8574165105819702, 0.8598135113716125, 0.86131352186203, 0.8632820248603821, 0.8577864766120911, 0.8642749786376953, 0.8633995056152344, 0.8662049770355225, 0.8621960282325745, 0.8638409972190857, 0.8669574856758118, 0.8659884929656982, 0.8660650253295898, 0.8670899868011475, 0.8668435215950012, 0.8710684776306152, 0.8631799817085266, 0.8626775145530701, 0.8691480159759521, 0.8693400025367737, 0.8681989908218384, 0.8656045198440552, 0.8671370148658752, 0.8710899949073792, 0.8634085059165955, 0.8721054792404175, 0.8654590249061584, 0.8698769807815552, 0.8677725195884705, 0.8720865249633789, 0.8704050183296204, 0.8692715167999268, 0.8720939755439758, 0.8713669776916504, 0.8720430135726929, 0.8586599826812744, 0.8666185140609741, 0.8613445162773132, 0.8732619881629944, 0.8716514706611633], "lr": [0.009999999776482582, 0.008999999612569809, 0.00800000037997961, 0.007000000216066837, 0.006000000052154064, 0.004999999888241291, 0.004000000189989805, 0.003000000026077032, 0.0020000000949949026, 0.0010000000474974513, 0.0009000000427477062, 0.0008100000559352338, 0.0007290000794455409, 0.0006561000482179224, 0.0005904900608584285, 0.0005314410664141178, 0.00047829694813117385, 0.00043046724749729037, 0.0003874205285683274, 0.0003486784698907286, 0.00027894278173334897, 0.00022315423120744526, 0.0001785233907867223, 0.0001428187097189948, 0.00011425496632000431, 9.14039701456204e-05, 7.312317757168785e-05, 5.849854278494604e-05, 4.6798835683148354e-05, 3.7439069274114445e-05, 2.433539521007333e-05, 1.5818006431800313e-05, 1.0281703907821793e-05, 6.683107585558901e-06, 4.344019998825388e-06, 2.8236129310243996e-06, 1.8353483710598084e-06, 1.192976469610585e-06, 7.754347279842477e-07, 5.040325845584448e-07, 3.2762119417384383e-07, 2.1295377905516943e-07, 1.3841994928043277e-07, 8.997296419011036e-08, 5.848242778938584e-08, 3.8013578063100795e-08, 2.4708825208108465e-08, 1.606073674054187e-08, 1.043947861489869e-08, 6.785660922048464e-09]}