{"loss": [0.27105581760406494, 0.15373359620571136, 0.13904769718647003, 0.13362953066825867, 0.13014478981494904, 0.12830707430839539, 0.12531596422195435, 0.1228845939040184, 0.12071220576763153, 0.11859611421823502, 0.11784778535366058, 0.11733561009168625, 0.11693482846021652, 0.11659830808639526, 0.11623535305261612, 0.11597099900245667, 0.11572062969207764, 0.11543508619070053, 0.11523684114217758, 0.11503900587558746, 0.11482361704111099, 0.11457391083240509, 0.11438096314668655, 0.11422494053840637, 0.11414261907339096, 0.11404159665107727, 0.11395220458507538, 0.11389040946960449, 0.11380482465028763, 0.1137603372335434, 0.11366350203752518, 0.11360233277082443, 0.11354521661996841, 0.11351379752159119, 0.11348052322864532, 0.11347441375255585, 0.11343945562839508, 0.11343704164028168, 0.11342644691467285, 0.11341522634029388, 0.11341598629951477, 0.11340562999248505, 0.11339719593524933, 0.1133604496717453, 0.11331892013549805, 0.11331053823232651, 0.1132737398147583, 0.11326488107442856, 0.11326335370540619, 0.11324559152126312], "accuracy": [0.8765266537666321, 0.9376013875007629, 0.9443109035491943, 0.9468085169792175, 0.9483733773231506, 0.9492434859275818, 0.9505295157432556, 0.9516081213951111, 0.952561616897583, 0.9534441232681274, 0.9537597298622131, 0.9539947509765625, 0.9541379809379578, 0.9542617797851562, 0.9544363617897034, 0.9545494914054871, 0.954646110534668, 0.9547405242919922, 0.954888641834259, 0.9549503922462463, 0.9550622701644897, 0.9551331400871277, 0.9552141427993774, 0.9552901387214661, 0.9552870988845825, 0.9553447365760803, 0.9553723931312561, 0.9554102420806885, 0.9554648995399475, 0.9554356336593628, 0.9554921388626099, 0.9555102586746216, 0.9555582404136658, 0.9555683732032776, 0.9556082487106323, 0.9555675983428955, 0.9555862545967102, 0.9555982351303101, 0.9556028842926025, 0.9556156396865845, 0.9555990099906921, 0.9556198716163635, 0.955624520778656, 0.9555885195732117, 0.9556456208229065, 0.9556443691253662, 0.9556562304496765, 0.9556325078010559, 0.9556664824485779, 0.9556793570518494], "val_loss": [0.17187964916229248, 0.14362546801567078, 0.13620434701442719, 0.1338840126991272, 0.13122166693210602, 0.1282433420419693, 0.12546654045581818, 0.12413948774337769, 0.122269406914711, 0.12047731131315231, 0.12025623023509979, 0.11991012841463089, 0.11970556527376175, 0.11994998902082443, 0.11966706812381744, 0.11940796673297882, 0.11952860653400421, 0.11927040666341782, 0.11890255659818649, 0.11903517693281174, 0.11876492202281952, 0.11862421780824661, 0.11880812048912048, 0.1184675395488739, 0.11862640082836151, 0.11843742430210114, 0.118384949862957, 0.11841041594743729, 0.11827719211578369, 0.11843950301408768, 0.11834577471017838, 0.11847754567861557, 0.11826121062040329, 0.11817731708288193, 0.11825787276029587, 0.11823572963476181, 0.11826896667480469, 0.11822729557752609, 0.11815056204795837, 0.11824388056993484, 0.11825410276651382, 0.118210069835186, 0.1181359738111496, 0.11815132945775986, 0.11817159503698349, 0.11815089732408524, 0.11812532693147659, 0.11814995110034943, 0.11810678243637085, 0.11809609085321426], "val_accuracy": [0.9289209842681885, 0.9423015117645264, 0.9458174705505371, 0.9469730257987976, 0.9482660293579102, 0.9491040110588074, 0.9506365060806274, 0.9509814977645874, 0.9517629742622375, 0.9524359703063965, 0.9525434970855713, 0.9526900053024292, 0.9527285099029541, 0.952645480632782, 0.9527714848518372, 0.9529610276222229, 0.9527850151062012, 0.953064501285553, 0.9531455039978027, 0.9531499743461609, 0.9531804919242859, 0.9532104730606079, 0.9532464742660522, 0.9532614946365356, 0.9532665014266968, 0.9533399939537048, 0.953374981880188, 0.9533634781837463, 0.9533529877662659, 0.9533225297927856, 0.9534115195274353, 0.9533029794692993, 0.9533464908599854, 0.9534620046615601, 0.9535009860992432, 0.9534130096435547, 0.9534040093421936, 0.9533939957618713, 0.953439474105835, 0.9533969759941101, 0.9533625245094299, 0.9534065127372742, 0.9534285068511963, 0.9534375071525574, 0.9534295201301575, 0.9534389972686768, 0.9534584879875183, 0.9534894824028015, 0.9534695148468018, 0.9534854888916016], "lr": [0.009999999776482582, 0.008999999612569809, 0.00800000037997961, 0.007000000216066837, 0.006000000052154064, 0.004999999888241291, 0.004000000189989805, 0.003000000026077032, 0.0020000000949949026, 0.0010000000474974513, 0.0009000000427477062, 0.0008100000559352338, 0.0007290000794455409, 0.0006561000482179224, 0.0005904900608584285, 0.0005314410664141178, 0.00047829694813117385, 0.00043046724749729037, 0.0003874205285683274, 0.0003486784698907286, 0.00027894278173334897, 0.00022315423120744526, 0.0001785233907867223, 0.0001428187097189948, 0.00011425496632000431, 9.14039701456204e-05, 7.312317757168785e-05, 5.849854278494604e-05, 4.6798835683148354e-05, 3.7439069274114445e-05, 2.433539521007333e-05, 1.5818006431800313e-05, 1.0281703907821793e-05, 6.683107585558901e-06, 4.344019998825388e-06, 2.8236129310243996e-06, 1.8353483710598084e-06, 1.192976469610585e-06, 7.754347279842477e-07, 5.040325845584448e-07, 3.2762119417384383e-07, 2.1295377905516943e-07, 1.3841994928043277e-07, 8.997296419011036e-08, 5.848242778938584e-08, 3.8013578063100795e-08, 2.4708825208108465e-08, 1.606073674054187e-08, 1.043947861489869e-08, 6.785660922048464e-09]}