{"loss": [0.29009100794792175, 0.1456579566001892, 0.1354742795228958, 0.1312367171049118, 0.1280098706483841, 0.12547831237316132, 0.12346822023391724, 0.1216508001089096, 0.11986427009105682, 0.11796433478593826, 0.1176140308380127, 0.11727907508611679, 0.11694689095020294, 0.11664732545614243, 0.11636178940534592, 0.1161913126707077, 0.11603433638811111, 0.11578643321990967, 0.115668885409832, 0.11549742519855499, 0.11517318338155746, 0.11504236608743668, 0.11478310078382492, 0.11459409445524216, 0.11457095295190811, 0.1143527626991272, 0.11430521309375763, 0.11422543227672577, 0.11409731209278107, 0.11409717053174973, 0.11387442797422409, 0.11383005231618881, 0.11369495838880539, 0.11362967640161514, 0.11355617642402649, 0.11356698721647263, 0.11350326240062714, 0.1134299710392952, 0.11340019106864929, 0.11339753121137619, 0.11333346366882324, 0.11333463340997696, 0.11333712190389633, 0.1132945716381073, 0.1132362112402916, 0.11314757913351059, 0.11307681351900101, 0.11298622190952301, 0.11289579421281815, 0.11278804391622543], "accuracy": [0.8670026063919067, 0.9413011074066162, 0.9459841251373291, 0.9479161500930786, 0.9493783712387085, 0.9504696130752563, 0.9513473510742188, 0.9521627426147461, 0.9529386162757874, 0.953711748123169, 0.9538962244987488, 0.9540157318115234, 0.9541996121406555, 0.9542516469955444, 0.9544231295585632, 0.954443097114563, 0.9545508623123169, 0.9546504020690918, 0.9546933770179749, 0.9547591209411621, 0.9549386501312256, 0.9549875259399414, 0.95508873462677, 0.9551237225532532, 0.9551389813423157, 0.9553099870681763, 0.9552785158157349, 0.9553277492523193, 0.9553893804550171, 0.9553539752960205, 0.9554327726364136, 0.9554668664932251, 0.9555478692054749, 0.9555543661117554, 0.9556068778038025, 0.9555816054344177, 0.955598771572113, 0.9556377530097961, 0.9556490182876587, 0.9556325078010559, 0.9556321501731873, 0.9556773900985718, 0.9556685090065002, 0.9557144045829773, 0.9556971192359924, 0.9557293653488159, 0.9558228850364685, 0.9557878971099854, 0.9558723568916321, 0.9558971524238586], "val_loss": [0.15839806199073792, 0.14011302590370178, 0.13235387206077576, 0.13110002875328064, 0.1278490275144577, 0.12522710859775543, 0.1243010088801384, 0.12322121113538742, 0.12088329344987869, 0.12025526911020279, 0.1198626160621643, 0.11912621557712555, 0.11900077015161514, 0.11945106834173203, 0.11894769221544266, 0.11916428059339523, 0.11844337731599808, 0.118782639503479, 0.11843423545360565, 0.1186453104019165, 0.1184643879532814, 0.11806140840053558, 0.11807522922754288, 0.11775808036327362, 0.11759018152952194, 0.1175316870212555, 0.1177646666765213, 0.11761470884084702, 0.11730474978685379, 0.11765462160110474, 0.11727000772953033, 0.1173505187034607, 0.11731761693954468, 0.11720714718103409, 0.11731543391942978, 0.11718825995922089, 0.11714237928390503, 0.11700700968503952, 0.11711177229881287, 0.11706209182739258, 0.11708922684192657, 0.11682454496622086, 0.11687628924846649, 0.11697553098201752, 0.116884745657444, 0.11691844463348389, 0.11679811030626297, 0.11677347123622894, 0.11667075008153915, 0.11657736450433731], "val_accuracy": [0.9358274936676025, 0.9438620209693909, 0.9476094841957092, 0.9480705261230469, 0.9495044946670532, 0.9505159854888916, 0.9511215090751648, 0.9513909816741943, 0.9524490237236023, 0.952732503414154, 0.9529085159301758, 0.953203022480011, 0.9532319903373718, 0.9530150294303894, 0.9532340168952942, 0.953141987323761, 0.9534559845924377, 0.953500509262085, 0.9534839987754822, 0.9534854888916016, 0.9535380005836487, 0.9535760283470154, 0.9537270069122314, 0.9537439942359924, 0.953820526599884, 0.953898012638092, 0.953837513923645, 0.9538995027542114, 0.9538999795913696, 0.9537965059280396, 0.9539600014686584, 0.9540070295333862, 0.9540320038795471, 0.9540759921073914, 0.9539824724197388, 0.9540110230445862, 0.954043984413147, 0.9540629982948303, 0.9540370106697083, 0.954105019569397, 0.9541754722595215, 0.9541115164756775, 0.9541710019111633, 0.954057514667511, 0.954100489616394, 0.9541674852371216, 0.9541645050048828, 0.9542179703712463, 0.9542400240898132, 0.9542924761772156], "lr": [0.009999999776482582, 0.008999999612569809, 0.00800000037997961, 0.007000000216066837, 0.006000000052154064, 0.004999999888241291, 0.004000000189989805, 0.003000000026077032, 0.0020000000949949026, 0.0010000000474974513, 0.0009000000427477062, 0.0008100000559352338, 0.0007290000794455409, 0.0006561000482179224, 0.0005904900608584285, 0.0005314410664141178, 0.00047829694813117385, 0.00043046724749729037, 0.0003874205285683274, 0.0003486784698907286, 0.00027894278173334897, 0.00022315423120744526, 0.0001785233907867223, 0.0001428187097189948, 0.00011425496632000431, 9.14039701456204e-05, 7.312317757168785e-05, 5.849854278494604e-05, 4.6798835683148354e-05, 3.7439069274114445e-05, 2.433539521007333e-05, 1.5818006431800313e-05, 1.0281703907821793e-05, 6.683107585558901e-06, 4.344019998825388e-06, 2.8236129310243996e-06, 1.8353483710598084e-06, 1.192976469610585e-06, 7.754347279842477e-07, 5.040325845584448e-07, 3.2762119417384383e-07, 2.1295377905516943e-07, 1.3841994928043277e-07, 8.997296419011036e-08, 5.848242778938584e-08, 3.8013578063100795e-08, 2.4708825208108465e-08, 1.606073674054187e-08, 1.043947861489869e-08, 6.785660922048464e-09]}