{"loss": [0.26620233058929443, 0.14074020087718964, 0.13370992243289948, 0.1295539289712906, 0.1260192096233368, 0.12382160872220993, 0.12168484181165695, 0.1194385290145874, 0.11738913506269455, 0.11536352336406708, 0.114752858877182, 0.11433542519807816, 0.11393588781356812, 0.11361793428659439, 0.11332842707633972, 0.11305877566337585, 0.11280267685651779, 0.11262381821870804, 0.11241336911916733, 0.11224470287561417, 0.11201699078083038, 0.11183477193117142, 0.111658476293087, 0.1115475744009018, 0.11142246425151825, 0.11132632195949554, 0.11126609146595001, 0.11117250472307205, 0.11112279444932938, 0.11110541969537735, 0.1110241711139679, 0.11095932871103287, 0.11092350631952286, 0.11089510470628738, 0.11087826639413834, 0.11086142808198929, 0.11083801835775375, 0.11082916706800461, 0.11082249879837036, 0.11081332713365555, 0.11080668121576309, 0.11079137027263641, 0.11078491061925888, 0.11075947433710098, 0.11074621230363846, 0.11073368787765503, 0.11072497069835663, 0.11072208732366562, 0.11070903390645981, 0.11070587486028671], "accuracy": [0.8780927658081055, 0.9435902237892151, 0.9468323588371277, 0.9485807418823242, 0.9501156210899353, 0.9511064887046814, 0.9519968628883362, 0.9530616402626038, 0.9539055228233337, 0.9547774791717529, 0.9550351500511169, 0.9551844000816345, 0.9553743600845337, 0.955535352230072, 0.9556058645248413, 0.9557223916053772, 0.9558805227279663, 0.9559127688407898, 0.9560158848762512, 0.9560972452163696, 0.9561777710914612, 0.9562867283821106, 0.9563533663749695, 0.9563738703727722, 0.9564318656921387, 0.9564736485481262, 0.9565110206604004, 0.9565485119819641, 0.9566027522087097, 0.9565701484680176, 0.9566262364387512, 0.9566423892974854, 0.9566622376441956, 0.9566888809204102, 0.956688404083252, 0.9566928744316101, 0.956676721572876, 0.9567133784294128, 0.9567228555679321, 0.9567136168479919, 0.9567297697067261, 0.9567294716835022, 0.9567019939422607, 0.956740140914917, 0.9567570090293884, 0.9567583799362183, 0.9567466378211975, 0.9567552208900452, 0.9567636251449585, 0.9567624926567078], "val_loss": [0.14894337952136993, 0.1381375789642334, 0.1339866816997528, 0.12799538671970367, 0.126449316740036, 0.12349256873130798, 0.12305641919374466, 0.12061496824026108, 0.11932174861431122, 0.11761288344860077, 0.11742649227380753, 0.11742758005857468, 0.1171545535326004, 0.11704833060503006, 0.11665758490562439, 0.11653951555490494, 0.11650574207305908, 0.11633887141942978, 0.11625052988529205, 0.11640561372041702, 0.11631092429161072, 0.11622263491153717, 0.11595410108566284, 0.11604631692171097, 0.11585280299186707, 0.11587025225162506, 0.11592642962932587, 0.11585869640111923, 0.1158733144402504, 0.11579537391662598, 0.11582104116678238, 0.11579759418964386, 0.11574389040470123, 0.115745909512043, 0.11568490415811539, 0.11575792729854584, 0.11573295295238495, 0.11574483662843704, 0.11574800312519073, 0.11574947088956833, 0.1157805323600769, 0.1157134622335434, 0.1157023161649704, 0.11570294201374054, 0.11569458246231079, 0.11569535732269287, 0.11569109559059143, 0.11567948758602142, 0.11569339036941528, 0.11567613482475281], "val_accuracy": [0.9397690296173096, 0.9449250102043152, 0.9467669725418091, 0.9494004845619202, 0.9501879811286926, 0.9512820243835449, 0.9514524936676025, 0.9525799751281738, 0.9531000256538391, 0.9538335204124451, 0.9539309740066528, 0.9538509845733643, 0.9540634751319885, 0.9541000127792358, 0.9542040228843689, 0.9542880058288574, 0.9543049931526184, 0.9543104767799377, 0.9543384909629822, 0.9542890191078186, 0.9544515013694763, 0.954472005367279, 0.9545245170593262, 0.9545590281486511, 0.9545599818229675, 0.9545494914054871, 0.9546135067939758, 0.9545614719390869, 0.9546434879302979, 0.9545230269432068, 0.9546399712562561, 0.9546430110931396, 0.9546545147895813, 0.9546089768409729, 0.95466148853302, 0.9546895027160645, 0.9545900225639343, 0.954566478729248, 0.9546105265617371, 0.9546945095062256, 0.954630970954895, 0.9545915126800537, 0.954627513885498, 0.9546434879302979, 0.9546499848365784, 0.9546729922294617, 0.9546265006065369, 0.9546535015106201, 0.954666018486023, 0.9546844959259033], "lr": [0.009999999776482582, 0.008999999612569809, 0.00800000037997961, 0.007000000216066837, 0.006000000052154064, 0.004999999888241291, 0.004000000189989805, 0.003000000026077032, 0.0020000000949949026, 0.0010000000474974513, 0.0009000000427477062, 0.0008100000559352338, 0.0007290000794455409, 0.0006561000482179224, 0.0005904900608584285, 0.0005314410664141178, 0.00047829694813117385, 0.00043046724749729037, 0.0003874205285683274, 0.0003486784698907286, 0.00027894278173334897, 0.00022315423120744526, 0.0001785233907867223, 0.0001428187097189948, 0.00011425496632000431, 9.14039701456204e-05, 7.312317757168785e-05, 5.849854278494604e-05, 4.6798835683148354e-05, 3.7439069274114445e-05, 2.433539521007333e-05, 1.5818006431800313e-05, 1.0281703907821793e-05, 6.683107585558901e-06, 4.344019998825388e-06, 2.8236129310243996e-06, 1.8353483710598084e-06, 1.192976469610585e-06, 7.754347279842477e-07, 5.040325845584448e-07, 3.2762119417384383e-07, 2.1295377905516943e-07, 1.3841994928043277e-07, 8.997296419011036e-08, 5.848242778938584e-08, 3.8013578063100795e-08, 2.4708825208108465e-08, 1.606073674054187e-08, 1.043947861489869e-08, 6.785660922048464e-09]}