{"loss": [0.28523534536361694, 0.14513784646987915, 0.13875994086265564, 0.1309855431318283, 0.12809450924396515, 0.12515464425086975, 0.12278549373149872, 0.12069958448410034, 0.11865140497684479, 0.11648868769407272, 0.1159696877002716, 0.11551686376333237, 0.11512668430805206, 0.11478359997272491, 0.11449386924505234, 0.1142163872718811, 0.11393104493618011, 0.11375594884157181, 0.11354823410511017, 0.11332454532384872, 0.1131000816822052, 0.11291183531284332, 0.11273135989904404, 0.11257438361644745, 0.11248808354139328, 0.11236324906349182, 0.11229852586984634, 0.1122090220451355, 0.11216464638710022, 0.11212066560983658, 0.11205099523067474, 0.11197677254676819, 0.11194247752428055, 0.11190979182720184, 0.11188279837369919, 0.11186016350984573, 0.11185195297002792, 0.11183628439903259, 0.11184147000312805, 0.11181596666574478, 0.11183102428913116, 0.11180561780929565, 0.11179901659488678, 0.11177099496126175, 0.11174020916223526, 0.1117335706949234, 0.11172682046890259, 0.11171643435955048, 0.11170591413974762, 0.11169633269309998], "accuracy": [0.8689102530479431, 0.9415531158447266, 0.9444826245307922, 0.9478845000267029, 0.9492030143737793, 0.9504708647727966, 0.9515538811683655, 0.9524490237236023, 0.9532857537269592, 0.9542059898376465, 0.9544175267219543, 0.9546200037002563, 0.9547673463821411, 0.954925000667572, 0.9550449848175049, 0.9551702737808228, 0.9552987217903137, 0.955373227596283, 0.9554633498191833, 0.9555491209030151, 0.9556758999824524, 0.9557473659515381, 0.9558102488517761, 0.9558899998664856, 0.9559158682823181, 0.9560068845748901, 0.9559859037399292, 0.9560524821281433, 0.9560607671737671, 0.9560707211494446, 0.9561069011688232, 0.9561153650283813, 0.9561458826065063, 0.9561447501182556, 0.9561989903450012, 0.9561553597450256, 0.9561626315116882, 0.9561954736709595, 0.9561799764633179, 0.9562109708786011, 0.9562027454376221, 0.9562137722969055, 0.9562270045280457, 0.9562176465988159, 0.9562322497367859, 0.9562288522720337, 0.9562309980392456, 0.956243634223938, 0.9562338590621948, 0.956243097782135], "val_loss": [0.15878115594387054, 0.13708604872226715, 0.13465090095996857, 0.13173779845237732, 0.12804676592350006, 0.12511827051639557, 0.12461694329977036, 0.12162336707115173, 0.12087342143058777, 0.11864829063415527, 0.11848847568035126, 0.11833101511001587, 0.11790881305932999, 0.11801896244287491, 0.11791630834341049, 0.11756858229637146, 0.1176716759800911, 0.11729886382818222, 0.1173834428191185, 0.11738168448209763, 0.11758854240179062, 0.11710091680288315, 0.1169593408703804, 0.11683699488639832, 0.1168437972664833, 0.116836316883564, 0.11677630990743637, 0.11697204411029816, 0.1166992262005806, 0.11691048741340637, 0.11674177646636963, 0.11674289405345917, 0.11672365665435791, 0.11667575687170029, 0.11687557399272919, 0.11666302382946014, 0.11667116731405258, 0.1167365163564682, 0.11667924374341965, 0.11662440747022629, 0.11675766855478287, 0.11661162972450256, 0.11668761074542999, 0.11663168668746948, 0.11664709448814392, 0.11663097143173218, 0.11660624295473099, 0.11662153899669647, 0.11660035699605942, 0.11659747362136841], "val_accuracy": [0.93487548828125, 0.945231020450592, 0.9465889930725098, 0.947704017162323, 0.9494054913520813, 0.9507154822349548, 0.9509444832801819, 0.9521390199661255, 0.9526504874229431, 0.9533640146255493, 0.9534850120544434, 0.9535444974899292, 0.9536449909210205, 0.9537429809570312, 0.9536120295524597, 0.9538329839706421, 0.9537274837493896, 0.9539175033569336, 0.9539154767990112, 0.9540110230445862, 0.9538534879684448, 0.954057514667511, 0.9540194869041443, 0.9541245102882385, 0.9541000127792358, 0.9541094899177551, 0.95415198802948, 0.9541645050048828, 0.9541574716567993, 0.9541760087013245, 0.9541559815406799, 0.9542409777641296, 0.9541864991188049, 0.9542509913444519, 0.9541659951210022, 0.9542015194892883, 0.9542344808578491, 0.9541879892349243, 0.9542304873466492, 0.954229474067688, 0.9541860222816467, 0.9542214870452881, 0.9541410207748413, 0.9541940093040466, 0.9542149901390076, 0.9542155265808105, 0.9542465209960938, 0.9541959762573242, 0.9542700052261353, 0.9542105197906494], "lr": [0.009999999776482582, 0.008999999612569809, 0.00800000037997961, 0.007000000216066837, 0.006000000052154064, 0.004999999888241291, 0.004000000189989805, 0.003000000026077032, 0.0020000000949949026, 0.0010000000474974513, 0.0009000000427477062, 0.0008100000559352338, 0.0007290000794455409, 0.0006561000482179224, 0.0005904900608584285, 0.0005314410664141178, 0.00047829694813117385, 0.00043046724749729037, 0.0003874205285683274, 0.0003486784698907286, 0.00027894278173334897, 0.00022315423120744526, 0.0001785233907867223, 0.0001428187097189948, 0.00011425496632000431, 9.14039701456204e-05, 7.312317757168785e-05, 5.849854278494604e-05, 4.6798835683148354e-05, 3.7439069274114445e-05, 2.433539521007333e-05, 1.5818006431800313e-05, 1.0281703907821793e-05, 6.683107585558901e-06, 4.344019998825388e-06, 2.8236129310243996e-06, 1.8353483710598084e-06, 1.192976469610585e-06, 7.754347279842477e-07, 5.040325845584448e-07, 3.2762119417384383e-07, 2.1295377905516943e-07, 1.3841994928043277e-07, 8.997296419011036e-08, 5.848242778938584e-08, 3.8013578063100795e-08, 2.4708825208108465e-08, 1.606073674054187e-08, 1.043947861489869e-08, 6.785660922048464e-09]}