{"loss": [0.2704786956310272, 0.14709042012691498, 0.13660787045955658, 0.1321732997894287, 0.12943030893802643, 0.1269976943731308, 0.12495265901088715, 0.12273576855659485, 0.12094958126544952, 0.11882469058036804, 0.11843612790107727, 0.11813592165708542, 0.11780077964067459, 0.1174788773059845, 0.11726578325033188, 0.1169796735048294, 0.11679092794656754, 0.116603784263134, 0.11641369014978409, 0.11621183156967163, 0.11597827821969986, 0.11578818410634995, 0.11559875309467316, 0.11537569761276245, 0.1152682825922966, 0.11513948440551758, 0.11505487561225891, 0.1149459034204483, 0.11488811671733856, 0.11476725339889526, 0.11463163793087006, 0.11454286426305771, 0.11441660672426224, 0.11438266932964325, 0.11425890773534775, 0.11421026289463043, 0.11417043954133987, 0.11411456763744354, 0.11409521847963333, 0.11406776309013367, 0.11407136917114258, 0.1140565499663353, 0.1139296293258667, 0.11390828341245651, 0.11385557055473328, 0.11378450691699982, 0.113710418343544, 0.1136493980884552, 0.1135406568646431, 0.11345548927783966], "accuracy": [0.8749207258224487, 0.9406269788742065, 0.9454371333122253, 0.94742351770401, 0.9487388730049133, 0.9497269988059998, 0.9507104754447937, 0.9516286253929138, 0.9523317217826843, 0.9532376527786255, 0.953458845615387, 0.9535757303237915, 0.9536769986152649, 0.9538188576698303, 0.9539112448692322, 0.9540522694587708, 0.9540824890136719, 0.9542117714881897, 0.9542629718780518, 0.9543397426605225, 0.9544596076011658, 0.9545699954032898, 0.9546412229537964, 0.9547216296195984, 0.954784095287323, 0.9548047780990601, 0.9548389911651611, 0.9548648595809937, 0.9549656510353088, 0.9549778699874878, 0.9550424814224243, 0.9550843834877014, 0.9551642537117004, 0.9551483988761902, 0.9552093744277954, 0.9551886320114136, 0.9552237391471863, 0.9552081227302551, 0.9552441239356995, 0.9552172422409058, 0.955269992351532, 0.9552963972091675, 0.9552996158599854, 0.9553593993186951, 0.9553773999214172, 0.9553607702255249, 0.9553993940353394, 0.9554430246353149, 0.9554972648620605, 0.9555058479309082], "val_loss": [0.16013558208942413, 0.14116835594177246, 0.1355523020029068, 0.13468696177005768, 0.1292639970779419, 0.1266331672668457, 0.12540151178836823, 0.12359581887722015, 0.12270616739988327, 0.12055526673793793, 0.12026818096637726, 0.12030552327632904, 0.12022504210472107, 0.11979221552610397, 0.11973434686660767, 0.11963964998722076, 0.11973369121551514, 0.11941919475793839, 0.11916766315698624, 0.11933889985084534, 0.1191176250576973, 0.11870996654033661, 0.11860483884811401, 0.11863158643245697, 0.11889853328466415, 0.11835988610982895, 0.11842764914035797, 0.11846622079610825, 0.11844304949045181, 0.11814412474632263, 0.11816441267728806, 0.11813018471002579, 0.11793020367622375, 0.11779322475194931, 0.11801475286483765, 0.117974191904068, 0.11783402413129807, 0.11786125600337982, 0.11775733530521393, 0.11785437166690826, 0.11773602664470673, 0.11766336858272552, 0.11780437082052231, 0.11767246574163437, 0.11770372092723846, 0.11747478693723679, 0.11752495169639587, 0.11750894039869308, 0.11748531460762024, 0.11746500432491302], "val_accuracy": [0.9345294833183289, 0.9433845281600952, 0.9459235072135925, 0.9465720057487488, 0.9488444924354553, 0.9499204754829407, 0.9505820274353027, 0.9512354731559753, 0.9515464901924133, 0.9525669813156128, 0.952658474445343, 0.9526864886283875, 0.9527444839477539, 0.9530659914016724, 0.9529330134391785, 0.9529139995574951, 0.9530159831047058, 0.9531134963035583, 0.9532145261764526, 0.9531155228614807, 0.9533364772796631, 0.9533674716949463, 0.9534569978713989, 0.9533035159111023, 0.9533560276031494, 0.9535545110702515, 0.9535545110702515, 0.9535694718360901, 0.9535499811172485, 0.9535794854164124, 0.9535884857177734, 0.9535549879074097, 0.9536769986152649, 0.9537479877471924, 0.9537330269813538, 0.9537420272827148, 0.9537439942359924, 0.9537274837493896, 0.9538559913635254, 0.9537910223007202, 0.9537885189056396, 0.9539334774017334, 0.9538254737854004, 0.9539334774017334, 0.9538455009460449, 0.9539045095443726, 0.9539340138435364, 0.9539470076560974, 0.9539610147476196, 0.9539639949798584], "lr": [0.009999999776482582, 0.008999999612569809, 0.00800000037997961, 0.007000000216066837, 0.006000000052154064, 0.004999999888241291, 0.004000000189989805, 0.003000000026077032, 0.0020000000949949026, 0.0010000000474974513, 0.0009000000427477062, 0.0008100000559352338, 0.0007290000794455409, 0.0006561000482179224, 0.0005904900608584285, 0.0005314410664141178, 0.00047829694813117385, 0.00043046724749729037, 0.0003874205285683274, 0.0003486784698907286, 0.00027894278173334897, 0.00022315423120744526, 0.0001785233907867223, 0.0001428187097189948, 0.00011425496632000431, 9.14039701456204e-05, 7.312317757168785e-05, 5.849854278494604e-05, 4.6798835683148354e-05, 3.7439069274114445e-05, 2.433539521007333e-05, 1.5818006431800313e-05, 1.0281703907821793e-05, 6.683107585558901e-06, 4.344019998825388e-06, 2.8236129310243996e-06, 1.8353483710598084e-06, 1.192976469610585e-06, 7.754347279842477e-07, 5.040325845584448e-07, 3.2762119417384383e-07, 2.1295377905516943e-07, 1.3841994928043277e-07, 8.997296419011036e-08, 5.848242778938584e-08, 3.8013578063100795e-08, 2.4708825208108465e-08, 1.606073674054187e-08, 1.043947861489869e-08, 6.785660922048464e-09]}