{"loss": [0.24395538866519928, 0.1442001760005951, 0.13661719858646393, 0.13253052532672882, 0.12960664927959442, 0.12724339962005615, 0.12444546073675156, 0.12231124937534332, 0.1199430450797081, 0.11774463206529617, 0.11710921674966812, 0.11658116430044174, 0.11616605520248413, 0.11580941826105118, 0.11547825485467911, 0.1152377724647522, 0.11495312303304672, 0.11476113647222519, 0.11450832337141037, 0.11432436108589172, 0.11408015340566635, 0.11387140303850174, 0.11370762437582016, 0.11355462670326233, 0.11344467103481293, 0.11334840208292007, 0.11329428851604462, 0.11321096867322922, 0.11316386610269547, 0.11312410235404968, 0.11307639628648758, 0.11304446309804916, 0.11302024126052856, 0.11300421506166458, 0.11299372464418411, 0.11298663169145584, 0.11298208683729172, 0.11297885328531265, 0.11297664791345596, 0.11297528445720673, 0.11297436058521271, 0.11297377943992615, 0.11297337710857391, 0.11297308653593063, 0.11297307908535004, 0.11297290027141571, 0.11297284066677094, 0.11297284811735153, 0.11297274380922318, 0.11297263950109482], "accuracy": [0.8902649879455566, 0.941923975944519, 0.9454126358032227, 0.9473071098327637, 0.9485728740692139, 0.9496510028839111, 0.9508601427078247, 0.9517768621444702, 0.9527616500854492, 0.9537428617477417, 0.9540231227874756, 0.9542157649993896, 0.9543683528900146, 0.9545653462409973, 0.95466148853302, 0.9548153877258301, 0.9548848867416382, 0.9549721479415894, 0.9551334977149963, 0.9551656246185303, 0.9552775025367737, 0.9553816318511963, 0.9554373621940613, 0.9555186033248901, 0.9555351138114929, 0.9555901288986206, 0.9555943608283997, 0.9556609988212585, 0.9556583762168884, 0.9556768536567688, 0.9557123780250549, 0.9557288885116577, 0.9557417631149292, 0.9557437300682068, 0.9557496309280396, 0.9557493925094604, 0.955748975276947, 0.9557501077651978, 0.9557514786720276, 0.9557506442070007, 0.9557512402534485, 0.955751359462738, 0.9557515978813171, 0.9557515978813171, 0.9557521343231201, 0.9557524919509888, 0.9557522535324097, 0.9557522535324097, 0.9557527303695679, 0.9557523727416992], "val_loss": [0.1542540192604065, 0.13878650963306427, 0.1443285197019577, 0.13153204321861267, 0.13510403037071228, 0.128184512257576, 0.12530414760112762, 0.12410203367471695, 0.12178004533052444, 0.12052253633737564, 0.12011341750621796, 0.11964096128940582, 0.11949712038040161, 0.11950654536485672, 0.11917257308959961, 0.11904849857091904, 0.11884533613920212, 0.1188376173377037, 0.11869077384471893, 0.1186370700597763, 0.11850278824567795, 0.11837944388389587, 0.11842470616102219, 0.11836599558591843, 0.1183374673128128, 0.1182997077703476, 0.11832058429718018, 0.11832055449485779, 0.11828994750976562, 0.11828742176294327, 0.11827821284532547, 0.11825298517942429, 0.11827099323272705, 0.1182604506611824, 0.11826383322477341, 0.11825956404209137, 0.11825854331254959, 0.11825897544622421, 0.11825909465551376, 0.11825918406248093, 0.11825918406248093, 0.11825909465551376, 0.11825915426015854, 0.11825908720493317, 0.11825912445783615, 0.11825908720493317, 0.11825907230377197, 0.11825907230377197, 0.11825906485319138, 0.11825906485319138], "val_accuracy": [0.9373909831047058, 0.9444345235824585, 0.941772997379303, 0.9476649761199951, 0.9464154839515686, 0.9492290019989014, 0.9504315257072449, 0.9509170055389404, 0.9520450234413147, 0.9523695111274719, 0.9526000022888184, 0.9528034925460815, 0.9528729915618896, 0.9528805017471313, 0.9530565142631531, 0.9530529975891113, 0.9531890153884888, 0.9531819820404053, 0.953263521194458, 0.9532430171966553, 0.9533594846725464, 0.9533770084381104, 0.9533694982528687, 0.9534440040588379, 0.9534075260162354, 0.9534260034561157, 0.9534134864807129, 0.9534350037574768, 0.9534509778022766, 0.9534469842910767, 0.9534605145454407, 0.9534475207328796, 0.9534624814987183, 0.9534655213356018, 0.9534695148468018, 0.9534710049629211, 0.95346599817276, 0.95346599817276, 0.9534639716148376, 0.9534670114517212, 0.9534649848937988, 0.95346599817276, 0.9534674882888794, 0.9534685015678406, 0.9534680247306824, 0.9534674882888794, 0.9534664750099182, 0.95346599817276, 0.95346599817276, 0.95346599817276], "lr": [0.009999999776482582, 0.008999999612569809, 0.00800000037997961, 0.007000000216066837, 0.006000000052154064, 0.004999999888241291, 0.004000000189989805, 0.003000000026077032, 0.0020000000949949026, 0.0010000000474974513, 0.0009000000427477062, 0.0008100000559352338, 0.0007290000794455409, 0.0006561000482179224, 0.0005904900608584285, 0.0005314410664141178, 0.00047829694813117385, 0.00043046724749729037, 0.0003874205285683274, 0.0003486784698907286, 0.00027894278173334897, 0.00022315423120744526, 0.0001785233907867223, 0.0001428187097189948, 0.00011425496632000431, 9.14039701456204e-05, 7.312317757168785e-05, 5.849854278494604e-05, 4.6798835683148354e-05, 3.7439069274114445e-05, 2.433539521007333e-05, 1.5818006431800313e-05, 1.0281703907821793e-05, 6.683107585558901e-06, 4.344019998825388e-06, 2.8236129310243996e-06, 1.8353483710598084e-06, 1.192976469610585e-06, 7.754347279842477e-07, 5.040325845584448e-07, 3.2762119417384383e-07, 2.1295377905516943e-07, 1.3841994928043277e-07, 8.997296419011036e-08, 5.848242778938584e-08, 3.8013578063100795e-08, 2.4708825208108465e-08, 1.606073674054187e-08, 1.043947861489869e-08, 6.785660922048464e-09]}