{"loss": [0.2388242781162262, 0.14120176434516907, 0.13481570780277252, 0.13636760413646698, 0.12932619452476501, 0.1259314864873886, 0.12347561120986938, 0.1216331422328949, 0.11951116472482681, 0.11728394776582718, 0.11653231829404831, 0.11603979021310806, 0.11562938243150711, 0.11518516391515732, 0.11484430730342865, 0.11455123126506805, 0.11429042369127274, 0.11407680809497833, 0.1138298362493515, 0.11364927142858505, 0.11339451372623444, 0.11318809539079666, 0.11300680786371231, 0.11285927891731262, 0.11275727301836014, 0.11265621334314346, 0.11258350312709808, 0.11251547932624817, 0.11246804147958755, 0.11242687702178955, 0.11237458139657974, 0.11234182119369507, 0.11231804639101028, 0.11230320483446121, 0.11229284852743149, 0.11228607594966888, 0.11228126287460327, 0.11227833479642868, 0.11227615177631378, 0.1122749000787735, 0.11227398365736008, 0.11227335035800934, 0.11227308958768845, 0.1122727170586586, 0.11227251589298248, 0.11227256059646606, 0.11227244883775711, 0.11227234452962875, 0.11227232962846756, 0.11227238923311234], "accuracy": [0.8933397531509399, 0.9434190988540649, 0.9463556408882141, 0.9456326365470886, 0.9487509727478027, 0.9502325057983398, 0.951237142086029, 0.9520829916000366, 0.952937126159668, 0.9539103507995605, 0.9542783498764038, 0.9544797539710999, 0.9546409845352173, 0.9548429846763611, 0.9549872279167175, 0.9551071524620056, 0.9552322626113892, 0.9552873969078064, 0.9554518461227417, 0.9555070996284485, 0.955613374710083, 0.955695629119873, 0.9557541012763977, 0.9557918906211853, 0.9558755159378052, 0.9559112787246704, 0.955937385559082, 0.9559513926506042, 0.9560049772262573, 0.9560133814811707, 0.9560298919677734, 0.9560418725013733, 0.9560434818267822, 0.9560543894767761, 0.9560658931732178, 0.9560754895210266, 0.9560739994049072, 0.956068754196167, 0.9560695290565491, 0.9560722708702087, 0.9560763835906982, 0.956074595451355, 0.9560766220092773, 0.9560754895210266, 0.9560760259628296, 0.9560760259628296, 0.9560750126838684, 0.9560753703117371, 0.9560754895210266, 0.9560752511024475], "val_loss": [0.1506548374891281, 0.136482834815979, 0.1332179754972458, 0.13373059034347534, 0.1282244175672531, 0.12583309412002563, 0.12396494299173355, 0.12339920550584793, 0.12040592730045319, 0.11934024095535278, 0.11893458664417267, 0.11851964145898819, 0.11834325641393661, 0.11806075274944305, 0.11794345080852509, 0.11770550906658173, 0.1177157610654831, 0.11758008599281311, 0.11741051822900772, 0.117377869784832, 0.11717987060546875, 0.11711568385362625, 0.11698266118764877, 0.11700098216533661, 0.11695434898138046, 0.11695952713489532, 0.11696799099445343, 0.11693432182073593, 0.11692144721746445, 0.11692056804895401, 0.1168995052576065, 0.11689548194408417, 0.11688768863677979, 0.11689411103725433, 0.11689125746488571, 0.11688753962516785, 0.1168913021683693, 0.1168898344039917, 0.11688977479934692, 0.11689001321792603, 0.11688992381095886, 0.11688998341560364, 0.11688997596502304, 0.11688994616270065, 0.11688994616270065, 0.11688996106386185, 0.11688992381095886, 0.11688992381095886, 0.11688992381095886, 0.11688992381095886], "val_accuracy": [0.9392064809799194, 0.9454759955406189, 0.9471405148506165, 0.946723997592926, 0.9492015242576599, 0.9501839876174927, 0.9510400295257568, 0.9512789845466614, 0.9525834918022156, 0.9529709815979004, 0.9532210230827332, 0.9533789753913879, 0.9534710049629211, 0.9535055160522461, 0.9535819888114929, 0.9537435173988342, 0.9537864923477173, 0.9537885189056396, 0.9538930058479309, 0.9538339972496033, 0.9539380073547363, 0.9539690017700195, 0.954043984413147, 0.9539780020713806, 0.9540485143661499, 0.9540525078773499, 0.9539855122566223, 0.9541029930114746, 0.9540190100669861, 0.95404452085495, 0.9540665149688721, 0.9540464878082275, 0.9540479779243469, 0.9540464878082275, 0.9540550112724304, 0.9540460109710693, 0.9540644884109497, 0.9540675282478333, 0.954074501991272, 0.9540694952011108, 0.954069972038269, 0.954070508480072, 0.9540690183639526, 0.954069972038269, 0.954070508480072, 0.9540709853172302, 0.9540715217590332, 0.9540715217590332, 0.9540715217590332, 0.9540715217590332], "lr": [0.009999999776482582, 0.008999999612569809, 0.00800000037997961, 0.007000000216066837, 0.006000000052154064, 0.004999999888241291, 0.004000000189989805, 0.003000000026077032, 0.0020000000949949026, 0.0010000000474974513, 0.0009000000427477062, 0.0008100000559352338, 0.0007290000794455409, 0.0006561000482179224, 0.0005904900608584285, 0.0005314410664141178, 0.00047829694813117385, 0.00043046724749729037, 0.0003874205285683274, 0.0003486784698907286, 0.00027894278173334897, 0.00022315423120744526, 0.0001785233907867223, 0.0001428187097189948, 0.00011425496632000431, 9.14039701456204e-05, 7.312317757168785e-05, 5.849854278494604e-05, 4.6798835683148354e-05, 3.7439069274114445e-05, 2.433539521007333e-05, 1.5818006431800313e-05, 1.0281703907821793e-05, 6.683107585558901e-06, 4.344019998825388e-06, 2.8236129310243996e-06, 1.8353483710598084e-06, 1.192976469610585e-06, 7.754347279842477e-07, 5.040325845584448e-07, 3.2762119417384383e-07, 2.1295377905516943e-07, 1.3841994928043277e-07, 8.997296419011036e-08, 5.848242778938584e-08, 3.8013578063100795e-08, 2.4708825208108465e-08, 1.606073674054187e-08, 1.043947861489869e-08, 6.785660922048464e-09]}