{"loss": [0.2356317937374115, 0.1400739550590515, 0.1329791098833084, 0.12884081900119781, 0.1266239583492279, 0.12426936626434326, 0.12213943153619766, 0.12170504033565521, 0.1186102107167244, 0.11650414019823074, 0.1159214973449707, 0.1154903843998909, 0.11507057398557663, 0.11468801647424698, 0.1144096776843071, 0.11413376778364182, 0.11388739943504333, 0.11365247517824173, 0.11343895643949509, 0.11326736956834793, 0.11302854120731354, 0.11283594369888306, 0.11265837401151657, 0.11253897100687027, 0.11241789162158966, 0.11233397573232651, 0.1122545599937439, 0.1121964156627655, 0.11215285211801529, 0.11210966110229492, 0.11206396669149399, 0.11202872544527054, 0.11200834810733795, 0.11199222505092621, 0.11198287457227707, 0.11197593063116074, 0.11197135597467422, 0.11196885257959366, 0.111966572701931, 0.1119653731584549, 0.11196451634168625, 0.11196392774581909, 0.11196357756853104, 0.11196338385343552, 0.11196310073137283, 0.11196308583021164, 0.11196309328079224, 0.11196284741163254, 0.1119629293680191, 0.11196286976337433], "accuracy": [0.8939578533172607, 0.9440462589263916, 0.9471859931945801, 0.9490353465080261, 0.9499378800392151, 0.9510520100593567, 0.9519118666648865, 0.952063262462616, 0.9533871412277222, 0.9542804956436157, 0.9545137286186218, 0.9547135233879089, 0.9549049735069275, 0.9550920128822327, 0.9551796317100525, 0.9553008675575256, 0.9554259777069092, 0.9554926156997681, 0.9555929899215698, 0.9556858539581299, 0.9557483792304993, 0.9558476209640503, 0.9559218883514404, 0.9559895992279053, 0.956034779548645, 0.9560371041297913, 0.9560934901237488, 0.9561121463775635, 0.9561427235603333, 0.9561567306518555, 0.9561735987663269, 0.956178605556488, 0.9561767578125, 0.9562086462974548, 0.9561938643455505, 0.9561980962753296, 0.9562011361122131, 0.9562070965766907, 0.9562076330184937, 0.9562082290649414, 0.9562063813209534, 0.9562061429023743, 0.9562056064605713, 0.9562059044837952, 0.9562051296234131, 0.9562063813209534, 0.9562061429023743, 0.9562060236930847, 0.9562061429023743, 0.9562059044837952], "val_loss": [0.1453898549079895, 0.1359556019306183, 0.13210412859916687, 0.12897567451000214, 0.12686379253864288, 0.12534886598587036, 0.12324732542037964, 0.12215551733970642, 0.12053284794092178, 0.11878412216901779, 0.11828318238258362, 0.11804892122745514, 0.1177302673459053, 0.11777736246585846, 0.11760133504867554, 0.11739437282085419, 0.11731059849262238, 0.11734956502914429, 0.11724073439836502, 0.11703438311815262, 0.1169038712978363, 0.11686009168624878, 0.11679340153932571, 0.11678805202245712, 0.11674067378044128, 0.11672726273536682, 0.11672570556402206, 0.1166955754160881, 0.1166699081659317, 0.11665917187929153, 0.11666496843099594, 0.11665988713502884, 0.11665986478328705, 0.11665035784244537, 0.11665165424346924, 0.11665041744709015, 0.11665289103984833, 0.11665170639753342, 0.11665206402540207, 0.11665170639753342, 0.11665176600217819, 0.1166517436504364, 0.1166517436504364, 0.11665178090333939, 0.1166517585515976, 0.1166517361998558, 0.11665177345275879, 0.11665178090333939, 0.11665178090333939, 0.11665178090333939], "val_accuracy": [0.9417790174484253, 0.9458485245704651, 0.9477300047874451, 0.9488639831542969, 0.9498419761657715, 0.950547993183136, 0.9513304829597473, 0.9519134759902954, 0.952530026435852, 0.953267514705658, 0.953496515750885, 0.9535290002822876, 0.9536749720573425, 0.9536849856376648, 0.9536929726600647, 0.9538074731826782, 0.9539200067520142, 0.9538760185241699, 0.9539484977722168, 0.9540135264396667, 0.954010009765625, 0.9540424942970276, 0.9540964961051941, 0.95414799451828, 0.9540839791297913, 0.9541544914245605, 0.954118013381958, 0.9541400074958801, 0.9541659951210022, 0.9541910290718079, 0.9541379809379578, 0.9541565179824829, 0.9541500210762024, 0.9541555047035217, 0.9541599750518799, 0.9541419744491577, 0.9541504979133606, 0.9541494846343994, 0.9541484713554382, 0.9541509747505188, 0.9541469812393188, 0.9541454911231995, 0.95414799451828, 0.9541484713554382, 0.9541475176811218, 0.9541475176811218, 0.9541475176811218, 0.9541475176811218, 0.9541475176811218, 0.9541475176811218], "lr": [0.009999999776482582, 0.008999999612569809, 0.00800000037997961, 0.007000000216066837, 0.006000000052154064, 0.004999999888241291, 0.004000000189989805, 0.003000000026077032, 0.0020000000949949026, 0.0010000000474974513, 0.0009000000427477062, 0.0008100000559352338, 0.0007290000794455409, 0.0006561000482179224, 0.0005904900608584285, 0.0005314410664141178, 0.00047829694813117385, 0.00043046724749729037, 0.0003874205285683274, 0.0003486784698907286, 0.00027894278173334897, 0.00022315423120744526, 0.0001785233907867223, 0.0001428187097189948, 0.00011425496632000431, 9.14039701456204e-05, 7.312317757168785e-05, 5.849854278494604e-05, 4.6798835683148354e-05, 3.7439069274114445e-05, 2.433539521007333e-05, 1.5818006431800313e-05, 1.0281703907821793e-05, 6.683107585558901e-06, 4.344019998825388e-06, 2.8236129310243996e-06, 1.8353483710598084e-06, 1.192976469610585e-06, 7.754347279842477e-07, 5.040325845584448e-07, 3.2762119417384383e-07, 2.1295377905516943e-07, 1.3841994928043277e-07, 8.997296419011036e-08, 5.848242778938584e-08, 3.8013578063100795e-08, 2.4708825208108465e-08, 1.606073674054187e-08, 1.043947861489869e-08, 6.785660922048464e-09]}