{"loss": [0.1915045529603958, 0.13357456028461456, 0.12862059473991394, 0.12603537738323212, 0.12419414520263672, 0.12168245017528534, 0.11975742876529694, 0.11804775148630142, 0.11649739742279053, 0.11473820358514786, 0.11420174688100815, 0.11385791748762131, 0.11366938054561615, 0.11326941847801208, 0.1130562499165535, 0.11286935210227966, 0.11268481612205505, 0.11251333355903625, 0.1123860627412796, 0.11225366592407227, 0.11206622421741486, 0.11192047595977783, 0.11179660260677338, 0.11169793456792831, 0.11161389201879501, 0.11154923588037491, 0.1114962175488472, 0.11145149916410446, 0.11141812056303024, 0.11138530820608139, 0.11134862154722214, 0.11132501065731049, 0.11130814254283905, 0.11129690706729889, 0.11128978431224823, 0.1112842932343483, 0.11128094047307968, 0.11127889156341553, 0.11127729713916779, 0.11127632111310959, 0.11127571761608124, 0.11127521842718124, 0.11127488315105438, 0.11127478629350662, 0.1112745925784111, 0.11127453297376633, 0.11127444356679916, 0.11127455532550812, 0.11127448081970215, 0.11127439141273499], "accuracy": [0.917173445224762, 0.9468998908996582, 0.9491412043571472, 0.9502884149551392, 0.9510411024093628, 0.9521774649620056, 0.9529547095298767, 0.9536774158477783, 0.9543374180793762, 0.955062985420227, 0.9552703499794006, 0.9554105997085571, 0.9555152654647827, 0.955692708492279, 0.9557839632034302, 0.9558470249176025, 0.9559221863746643, 0.9560043811798096, 0.9560357928276062, 0.9561334848403931, 0.9561829566955566, 0.956226646900177, 0.9563015699386597, 0.9563320279121399, 0.9563856720924377, 0.9564212560653687, 0.9564298987388611, 0.9564330577850342, 0.9564753770828247, 0.9564688801765442, 0.9564898014068604, 0.9564999938011169, 0.9565054774284363, 0.9565094113349915, 0.9565167427062988, 0.9565178155899048, 0.9565161466598511, 0.9565193057060242, 0.9565181136131287, 0.9565199613571167, 0.9565216302871704, 0.9565210342407227, 0.9565219879150391, 0.9565228223800659, 0.9565219283103943, 0.9565215706825256, 0.9565216302871704, 0.9565223455429077, 0.9565222263336182, 0.9565222263336182], "val_loss": [0.13850271701812744, 0.1300317496061325, 0.12735353410243988, 0.12453239411115646, 0.12312998622655869, 0.1209656298160553, 0.11930029094219208, 0.11854829639196396, 0.11696972697973251, 0.1156938448548317, 0.1154412180185318, 0.11517727375030518, 0.11503997445106506, 0.11477738618850708, 0.11509803682565689, 0.11458900570869446, 0.11451970785856247, 0.1145031675696373, 0.11442571878433228, 0.1142437681555748, 0.1142057329416275, 0.11415554583072662, 0.11409655958414078, 0.11405180394649506, 0.11403877288103104, 0.11400415748357773, 0.1139862909913063, 0.11396302282810211, 0.11395210772752762, 0.11395260691642761, 0.11395125836133957, 0.11394345760345459, 0.11393563449382782, 0.11393950879573822, 0.11393728852272034, 0.11393529176712036, 0.11393643170595169, 0.11393677443265915, 0.1139368936419487, 0.11393660306930542, 0.11393645405769348, 0.11393649131059647, 0.11393655836582184, 0.11393652111291885, 0.11393656581640244, 0.11393658071756363, 0.11393658816814423, 0.11393658071756363, 0.11393658071756363, 0.11393658071756363], "val_accuracy": [0.9445932507514954, 0.9486590027809143, 0.9497295022010803, 0.9508435130119324, 0.9517040252685547, 0.9523607492446899, 0.9532202482223511, 0.9535237550735474, 0.9540842771530151, 0.9546254873275757, 0.9547585248947144, 0.9548619985580444, 0.9549344778060913, 0.9550585150718689, 0.9549574851989746, 0.9551237225532532, 0.9551337361335754, 0.9551544785499573, 0.9551457762718201, 0.9552427530288696, 0.955270528793335, 0.9552562236785889, 0.9553189873695374, 0.9553137421607971, 0.9553077220916748, 0.9553514719009399, 0.9553675055503845, 0.955360472202301, 0.9553534984588623, 0.9553490281105042, 0.9553677439689636, 0.9553742408752441, 0.9553717374801636, 0.9553719758987427, 0.9553772211074829, 0.9553815126419067, 0.9553762674331665, 0.9553784728050232, 0.9553752541542053, 0.9553754925727844, 0.9553760290145874, 0.9553760290145874, 0.9553760290145874, 0.9553757309913635, 0.9553765058517456, 0.9553765058517456, 0.9553765058517456, 0.9553765058517456, 0.9553765058517456, 0.9553765058517456], "lr": [0.009999999776482582, 0.008999999612569809, 0.00800000037997961, 0.007000000216066837, 0.006000000052154064, 0.004999999888241291, 0.004000000189989805, 0.003000000026077032, 0.0020000000949949026, 0.0010000000474974513, 0.0009000000427477062, 0.0008100000559352338, 0.0007290000794455409, 0.0006561000482179224, 0.0005904900608584285, 0.0005314410664141178, 0.00047829694813117385, 0.00043046724749729037, 0.0003874205285683274, 0.0003486784698907286, 0.00027894278173334897, 0.00022315423120744526, 0.0001785233907867223, 0.0001428187097189948, 0.00011425496632000431, 9.14039701456204e-05, 7.312317757168785e-05, 5.849854278494604e-05, 4.6798835683148354e-05, 3.7439069274114445e-05, 2.433539521007333e-05, 1.5818006431800313e-05, 1.0281703907821793e-05, 6.683107585558901e-06, 4.344019998825388e-06, 2.8236129310243996e-06, 1.8353483710598084e-06, 1.192976469610585e-06, 7.754347279842477e-07, 5.040325845584448e-07, 3.2762119417384383e-07, 2.1295377905516943e-07, 1.3841994928043277e-07, 8.997296419011036e-08, 5.848242778938584e-08, 3.8013578063100795e-08, 2.4708825208108465e-08, 1.606073674054187e-08, 1.043947861489869e-08, 6.785660922048464e-09]}