{"loss": [0.18614760041236877, 0.2419651746749878, 0.24459534883499146, 0.18439283967018127, 0.16050004959106445, 0.1516415923833847, 0.14628292620182037, 0.14234495162963867, 0.13922223448753357, 0.13708725571632385, 0.13626261055469513, 0.13558150827884674, 0.1351439207792282, 0.13460741937160492, 0.1341947615146637, 0.13380897045135498, 0.1334802806377411, 0.13319242000579834, 0.13298019766807556, 0.13269051909446716, 0.13245649635791779, 0.1322220265865326, 0.13205449283123016, 0.13190987706184387, 0.13179786503314972, 0.13170863687992096, 0.1316327154636383, 0.13157609105110168, 0.13153283298015594, 0.13149181008338928, 0.1314496397972107, 0.13141795992851257, 0.131398543715477, 0.1313847303390503, 0.13137681782245636, 0.1313709169626236, 0.13136693835258484, 0.13136447966098785, 0.13136252760887146, 0.13136142492294312, 0.13136076927185059, 0.1313602179288864, 0.13135989010334015, 0.1313595473766327, 0.13135947287082672, 0.13135945796966553, 0.13135938346385956, 0.13135932385921478, 0.1313592791557312, 0.1313595026731491], "accuracy": [0.9199382662773132, 0.888504683971405, 0.892270028591156, 0.9227173328399658, 0.9342533349990845, 0.9384831190109253, 0.9409106373786926, 0.942672073841095, 0.9440750479698181, 0.9449892044067383, 0.945338785648346, 0.945665717124939, 0.9458561539649963, 0.9460880756378174, 0.9462882280349731, 0.9464504718780518, 0.946622371673584, 0.946760892868042, 0.9468215107917786, 0.9469450116157532, 0.9470593333244324, 0.9471624493598938, 0.9472492337226868, 0.9473021626472473, 0.9473507404327393, 0.9473896622657776, 0.947432279586792, 0.9474338889122009, 0.9474650025367737, 0.9474823474884033, 0.9475157260894775, 0.9474995136260986, 0.9475218057632446, 0.9475266933441162, 0.9475317597389221, 0.947533369064331, 0.9475342631340027, 0.9475425481796265, 0.9475336074829102, 0.9475350379943848, 0.9475388526916504, 0.9475399851799011, 0.9475401043891907, 0.9475393891334534, 0.9475406408309937, 0.9475406408309937, 0.9475395083427429, 0.9475404024124146, 0.9475400447845459, 0.947540283203125], "val_loss": [0.1339077651500702, 0.2895570397377014, 0.207879900932312, 0.16667592525482178, 0.15575481951236725, 0.14878416061401367, 0.1481044739484787, 0.1410202831029892, 0.13874554634094238, 0.137094646692276, 0.13680925965309143, 0.13625867664813995, 0.13542883098125458, 0.13518089056015015, 0.13467246294021606, 0.13450388610363007, 0.13409128785133362, 0.13377226889133453, 0.13370217382907867, 0.13351956009864807, 0.13324616849422455, 0.1330471783876419, 0.13292379677295685, 0.1328231692314148, 0.13277818262577057, 0.13269177079200745, 0.1326754093170166, 0.13260868191719055, 0.13260941207408905, 0.132554292678833, 0.13254937529563904, 0.13252557814121246, 0.1325249969959259, 0.13251282274723053, 0.13251154124736786, 0.13250860571861267, 0.1325075775384903, 0.13250690698623657, 0.13250701129436493, 0.13250695168972015, 0.1325065940618515, 0.1325066238641739, 0.1325066238641739, 0.13250653445720673, 0.13250654935836792, 0.13250651955604553, 0.13250653445720673, 0.13250650465488434, 0.13250648975372314, 0.13250648975372314], "val_accuracy": [0.9466419816017151, 0.8703895211219788, 0.9108297228813171, 0.9313575029373169, 0.9364640116691589, 0.9399192333221436, 0.9402080178260803, 0.9433084726333618, 0.9443219900131226, 0.9451370239257812, 0.9452490210533142, 0.9453830122947693, 0.9457389712333679, 0.9458349943161011, 0.9461669921875, 0.9461797475814819, 0.9463139772415161, 0.946499228477478, 0.9465025067329407, 0.9466164708137512, 0.946740984916687, 0.9468242526054382, 0.9468590021133423, 0.9469395279884338, 0.9469257593154907, 0.9469419717788696, 0.9469889998435974, 0.9470139741897583, 0.9470124840736389, 0.9470107555389404, 0.9470404982566833, 0.9470392465591431, 0.9470447301864624, 0.947035014629364, 0.9470450282096863, 0.9470354914665222, 0.9470442533493042, 0.947043776512146, 0.9470365047454834, 0.9470402598381042, 0.9470369815826416, 0.9470372796058655, 0.9470377564430237, 0.9470375180244446, 0.9470375180244446, 0.9470375180244446, 0.9470372796058655, 0.9470372796058655, 0.9470372796058655, 0.9470375180244446], "lr": [0.009999999776482582, 0.008999999612569809, 0.00800000037997961, 0.007000000216066837, 0.006000000052154064, 0.004999999888241291, 0.004000000189989805, 0.003000000026077032, 0.0020000000949949026, 0.0010000000474974513, 0.0009000000427477062, 0.0008100000559352338, 0.0007290000794455409, 0.0006561000482179224, 0.0005904900608584285, 0.0005314410664141178, 0.00047829694813117385, 0.00043046724749729037, 0.0003874205285683274, 0.0003486784698907286, 0.00027894278173334897, 0.00022315423120744526, 0.0001785233907867223, 0.0001428187097189948, 0.00011425496632000431, 9.14039701456204e-05, 7.312317757168785e-05, 5.849854278494604e-05, 4.6798835683148354e-05, 3.7439069274114445e-05, 2.433539521007333e-05, 1.5818006431800313e-05, 1.0281703907821793e-05, 6.683107585558901e-06, 4.344019998825388e-06, 2.8236129310243996e-06, 1.8353483710598084e-06, 1.192976469610585e-06, 7.754347279842477e-07, 5.040325845584448e-07, 3.2762119417384383e-07, 2.1295377905516943e-07, 1.3841994928043277e-07, 8.997296419011036e-08, 5.848242778938584e-08, 3.8013578063100795e-08, 2.4708825208108465e-08, 1.606073674054187e-08, 1.043947861489869e-08, 6.785660922048464e-09]}