{"loss": [0.21312184631824493, 0.1390339881181717, 0.13521568477153778, 0.13132993876934052, 0.12746362388134003, 0.1252651810646057, 0.1232319325208664, 0.12144622206687927, 0.11938298493623734, 0.11758705228567123, 0.11709804832935333, 0.11668834090232849, 0.11635558307170868, 0.11606074869632721, 0.11585143208503723, 0.11560454219579697, 0.1154012531042099, 0.11521362513303757, 0.11505628377199173, 0.11491113156080246, 0.11472567170858383, 0.11455460637807846, 0.11442156881093979, 0.11431915313005447, 0.11423033475875854, 0.11415469646453857, 0.11409688740968704, 0.11405067890882492, 0.11400947719812393, 0.11397697776556015, 0.1139410063624382, 0.11391261219978333, 0.11389470100402832, 0.11388260126113892, 0.11387433856725693, 0.11386870592832565, 0.11386530101299286, 0.11386270821094513, 0.11386120319366455, 0.11386027187108994, 0.11385950446128845, 0.11385896801948547, 0.11385872960090637, 0.11385844647884369, 0.11385837942361832, 0.11385828256607056, 0.11385822296142578, 0.1138581857085228, 0.11385821551084518, 0.11385813355445862], "accuracy": [0.9058002233505249, 0.9440966844558716, 0.9459103345870972, 0.9476657509803772, 0.9494512677192688, 0.9504209756851196, 0.9513147473335266, 0.952023983001709, 0.9529303312301636, 0.9536713361740112, 0.9538798332214355, 0.9540925621986389, 0.9542289972305298, 0.9543577432632446, 0.9544325470924377, 0.9545444846153259, 0.9546407461166382, 0.9546947479248047, 0.9547708630561829, 0.9548341631889343, 0.9549176096916199, 0.9549790024757385, 0.9550384879112244, 0.9550792574882507, 0.9551025032997131, 0.9551514983177185, 0.9551801681518555, 0.9551956057548523, 0.9551995396614075, 0.9552296996116638, 0.9552376866340637, 0.9552551507949829, 0.9552567005157471, 0.9552682042121887, 0.955268383026123, 0.9552755355834961, 0.9552760720252991, 0.9552825689315796, 0.9552809596061707, 0.9552784562110901, 0.9552797079086304, 0.9552776217460632, 0.9552791714668274, 0.9552792310714722, 0.955279529094696, 0.9552791714668274, 0.9552793502807617, 0.9552792906761169, 0.955279529094696, 0.9552792906761169], "val_loss": [0.14902111887931824, 0.13459233939647675, 0.1346953809261322, 0.13149943947792053, 0.12691907584667206, 0.12519676983356476, 0.12327287346124649, 0.12204360961914062, 0.11999421566724777, 0.1183604821562767, 0.11812614649534225, 0.11789152026176453, 0.11775461584329605, 0.1174791008234024, 0.11733521521091461, 0.11711343377828598, 0.11699311435222626, 0.11687133461236954, 0.11692258715629578, 0.11673550307750702, 0.11669552326202393, 0.11654574424028397, 0.11649370938539505, 0.11645745486021042, 0.11640076339244843, 0.11639130115509033, 0.11633870005607605, 0.11632436513900757, 0.11633596569299698, 0.11633125692605972, 0.11631079763174057, 0.11630059033632278, 0.1162952408194542, 0.11629414558410645, 0.11629419028759003, 0.11629141122102737, 0.11629088968038559, 0.11628970503807068, 0.11629045754671097, 0.11629076302051544, 0.11629071086645126, 0.11629056930541992, 0.11629052460193634, 0.11629053950309753, 0.11629054695367813, 0.11629057675600052, 0.11629055440425873, 0.11629055440425873, 0.11629055440425873, 0.11629055440425873], "val_accuracy": [0.9395997524261475, 0.9463062286376953, 0.9462852478027344, 0.9477505087852478, 0.949628472328186, 0.9504640102386475, 0.9512532353401184, 0.9518160223960876, 0.9526702761650085, 0.9533282518386841, 0.9533777236938477, 0.9535354971885681, 0.9535732269287109, 0.95363450050354, 0.9537094831466675, 0.9538140296936035, 0.95389723777771, 0.9539617300033569, 0.9539817571640015, 0.95404052734375, 0.9540125131607056, 0.9541054964065552, 0.9541224837303162, 0.9541547298431396, 0.9541774988174438, 0.9541594982147217, 0.9541975259780884, 0.9541739821434021, 0.9541632533073425, 0.9541944861412048, 0.9541919827461243, 0.9541984796524048, 0.9541962742805481, 0.954208493232727, 0.9542040228843689, 0.9542019963264465, 0.9541997313499451, 0.9542074799537659, 0.9542052745819092, 0.9542017579078674, 0.9542030096054077, 0.9542034864425659, 0.9542049765586853, 0.9542049765586853, 0.9542044997215271, 0.9542052745819092, 0.9542047381401062, 0.9542052745819092, 0.9542052745819092, 0.9542052745819092], "lr": [0.009999999776482582, 0.008999999612569809, 0.00800000037997961, 0.007000000216066837, 0.006000000052154064, 0.004999999888241291, 0.004000000189989805, 0.003000000026077032, 0.0020000000949949026, 0.0010000000474974513, 0.0009000000427477062, 0.0008100000559352338, 0.0007290000794455409, 0.0006561000482179224, 0.0005904900608584285, 0.0005314410664141178, 0.00047829694813117385, 0.00043046724749729037, 0.0003874205285683274, 0.0003486784698907286, 0.00027894278173334897, 0.00022315423120744526, 0.0001785233907867223, 0.0001428187097189948, 0.00011425496632000431, 9.14039701456204e-05, 7.312317757168785e-05, 5.849854278494604e-05, 4.6798835683148354e-05, 3.7439069274114445e-05, 2.433539521007333e-05, 1.5818006431800313e-05, 1.0281703907821793e-05, 6.683107585558901e-06, 4.344019998825388e-06, 2.8236129310243996e-06, 1.8353483710598084e-06, 1.192976469610585e-06, 7.754347279842477e-07, 5.040325845584448e-07, 3.2762119417384383e-07, 2.1295377905516943e-07, 1.3841994928043277e-07, 8.997296419011036e-08, 5.848242778938584e-08, 3.8013578063100795e-08, 2.4708825208108465e-08, 1.606073674054187e-08, 1.043947861489869e-08, 6.785660922048464e-09]}